customer_id,name,segment,order_id,amount,order_date
1,Customer_1,Enterprise,38.0,215.62,2025-01-02 13:00:00
1,Customer_1,Enterprise,207.0,343.02,2025-01-09 14:00:00
1,Customer_1,Enterprise,1123.0,104.09,2025-02-16 18:00:00
1,Customer_1,Enterprise,1185.0,164.61,2025-02-19 08:00:00
1,Customer_1,Enterprise,2297.0,85.17,2025-04-06 16:00:00
1,Customer_1,Enterprise,2515.0,389.58,2025-04-15 18:00:00
1,Customer_1,Enterprise,2849.0,441.84,2025-04-29 16:00:00
1,Customer_1,Enterprise,3510.0,336.23,2025-05-27 05:00:00
1,Customer_1,Enterprise,4611.0,455.68,2025-07-12 02:00:00
2,Customer_2,B2B,931.0,490.82,2025-02-08 18:00:00
2,Customer_2,B2B,1057.0,70.49,2025-02-14 00:00:00
2,Customer_2,B2B,1298.0,373.76,2025-02-24 01:00:00
2,Customer_2,B2B,4576.0,489.22,2025-07-10 15:00:00
3,Customer_3,Enterprise,596.0,209.61,2025-01-25 19:00:00
3,Customer_3,Enterprise,659.0,488.51,2025-01-28 10:00:00
3,Customer_3,Enterprise,1244.0,239.59,2025-02-21 19:00:00
3,Customer_3,Enterprise,3050.0,240.7,2025-05-08 01:00:00
3,Customer_3,Enterprise,3235.0,142.47,2025-05-15 18:00:00
3,Customer_3,Enterprise,3847.0,148.45,2025-06-10 06:00:00
3,Customer_3,Enterprise,4061.0,108.17,2025-06-19 04:00:00
4,Customer_4,Enterprise,13.0,315.15,2025-01-01 12:00:00
4,Customer_4,Enterprise,386.0,49.29,2025-01-17 01:00:00
4,Customer_4,Enterprise,3419.0,330.58,2025-05-23 10:00:00
5,Customer_5,B2B,87.0,186.93,2025-01-04 14:00:00
5,Customer_5,B2B,3208.0,146.29,2025-05-14 15:00:00
5,Customer_5,B2B,4722.0,218.25,2025-07-16 17:00:00
5,Customer_5,B2B,4788.0,256.58,2025-07-19 11:00:00
5,Customer_5,B2B,4876.0,207.74,2025-07-23 03:00:00
6,Customer_6,B2B,8.0,333.16,2025-01-01 07:00:00
6,Customer_6,B2B,3891.0,119.31,2025-06-12 02:00:00
6,Customer_6,B2B,4522.0,111.35,2025-07-08 09:00:00
6,Customer_6,B2B,4661.0,142.29,2025-07-14 04:00:00
6,Customer_6,B2B,4870.0,337.41,2025-07-22 21:00:00
7,Customer_7,Enterprise,332.0,40.4,2025-01-14 19:00:00
7,Customer_7,Enterprise,733.0,242.98,2025-01-31 12:00:00
7,Customer_7,Enterprise,805.0,117.62,2025-02-03 12:00:00
7,Customer_7,Enterprise,966.0,443.01,2025-02-10 05:00:00
7,Customer_7,Enterprise,1526.0,107.56,2025-03-05 13:00:00
7,Customer_7,Enterprise,2631.0,173.71,2025-04-20 14:00:00
7,Customer_7,Enterprise,3721.0,230.51,2025-06-05 00:00:00
7,Customer_7,Enterprise,3989.0,203.44,2025-06-16 04:00:00
8,Customer_8,B2C,304.0,406.86,2025-01-13 15:00:00
8,Customer_8,B2C,1160.0,220.28,2025-02-18 07:00:00
8,Customer_8,B2C,1715.0,100.28,2025-03-13 10:00:00
8,Customer_8,B2C,2178.0,427.75,2025-04-01 17:00:00
8,Customer_8,B2C,2417.0,92.44,2025-04-11 16:00:00
8,Customer_8,B2C,3285.0,467.65,2025-05-17 20:00:00
8,Customer_8,B2C,4337.0,133.39,2025-06-30 16:00:00
8,Customer_8,B2C,4842.0,338.97,2025-07-21 17:00:00
9,Customer_9,Enterprise,949.0,302.27,2025-02-09 12:00:00
10,Customer_10,Enterprise,48.0,29.73,2025-01-02 23:00:00
10,Customer_10,Enterprise,1085.0,436.13,2025-02-15 04:00:00
10,Customer_10,Enterprise,1334.0,50.78,2025-02-25 13:00:00
10,Customer_10,Enterprise,1697.0,439.79,2025-03-12 16:00:00
10,Customer_10,Enterprise,1880.0,90.23,2025-03-20 07:00:00
10,Customer_10,Enterprise,2929.0,303.52,2025-05-03 00:00:00
10,Customer_10,Enterprise,3323.0,68.68,2025-05-19 10:00:00
10,Customer_10,Enterprise,3487.0,338.11,2025-05-26 06:00:00
10,Customer_10,Enterprise,4719.0,307.19,2025-07-16 14:00:00
11,Customer_11,Enterprise,166.0,39.37,2025-01-07 21:00:00
11,Customer_11,Enterprise,435.0,275.15,2025-01-19 02:00:00
11,Customer_11,Enterprise,619.0,49.97,2025-01-26 18:00:00
11,Customer_11,Enterprise,907.0,348.71,2025-02-07 18:00:00
11,Customer_11,Enterprise,3944.0,317.36,2025-06-14 07:00:00
11,Customer_11,Enterprise,4426.0,378.96,2025-07-04 09:00:00
12,Customer_12,Enterprise,494.0,324.49,2025-01-21 13:00:00
12,Customer_12,Enterprise,978.0,156.01,2025-02-10 17:00:00
12,Customer_12,Enterprise,1133.0,101.03,2025-02-17 04:00:00
12,Customer_12,Enterprise,1254.0,26.87,2025-02-22 05:00:00
12,Customer_12,Enterprise,1454.0,393.07,2025-03-02 13:00:00
12,Customer_12,Enterprise,1513.0,341.67,2025-03-05 00:00:00
12,Customer_12,Enterprise,1561.0,407.7,2025-03-07 00:00:00
12,Customer_12,Enterprise,1895.0,44.33,2025-03-20 22:00:00
12,Customer_12,Enterprise,2950.0,479.41,2025-05-03 21:00:00
12,Customer_12,Enterprise,3124.0,83.8,2025-05-11 03:00:00
12,Customer_12,Enterprise,3594.0,65.3,2025-05-30 17:00:00
13,Customer_13,B2B,52.0,276.66,2025-01-03 03:00:00
13,Customer_13,B2B,1647.0,351.38,2025-03-10 14:00:00
13,Customer_13,B2B,1887.0,177.69,2025-03-20 14:00:00
13,Customer_13,B2B,2809.0,481.16,2025-04-28 00:00:00
13,Customer_13,B2B,2895.0,243.8,2025-05-01 14:00:00
13,Customer_13,B2B,3003.0,113.04,2025-05-06 02:00:00
13,Customer_13,B2B,3030.0,19.86,2025-05-07 05:00:00
13,Customer_13,B2B,4330.0,400.92,2025-06-30 09:00:00
13,Customer_13,B2B,4410.0,237.65,2025-07-03 17:00:00
13,Customer_13,B2B,4581.0,218.0,2025-07-10 20:00:00
13,Customer_13,B2B,4889.0,29.85,2025-07-23 16:00:00
14,Customer_14,Enterprise,977.0,82.11,2025-02-10 16:00:00
14,Customer_14,Enterprise,1065.0,279.82,2025-02-14 08:00:00
14,Customer_14,Enterprise,1897.0,68.99,2025-03-21 00:00:00
14,Customer_14,Enterprise,2936.0,170.23,2025-05-03 07:00:00
14,Customer_14,Enterprise,4281.0,103.73,2025-06-28 08:00:00
15,Customer_15,B2C,124.0,313.5,2025-01-06 03:00:00
15,Customer_15,B2C,148.0,489.78,2025-01-07 03:00:00
15,Customer_15,B2C,3217.0,434.76,2025-05-15 00:00:00
16,Customer_16,B2B,518.0,393.39,2025-01-22 13:00:00
16,Customer_16,B2B,560.0,292.04,2025-01-24 07:00:00
16,Customer_16,B2B,2217.0,211.14,2025-04-03 08:00:00
16,Customer_16,B2B,2391.0,187.27,2025-04-10 14:00:00
17,Customer_17,B2C,400.0,262.98,2025-01-17 15:00:00
17,Customer_17,B2C,470.0,31.59,2025-01-20 13:00:00
17,Customer_17,B2C,490.0,281.82,2025-01-21 09:00:00
17,Customer_17,B2C,760.0,319.37,2025-02-01 15:00:00
17,Customer_17,B2C,786.0,216.87,2025-02-02 17:00:00
17,Customer_17,B2C,1687.0,436.15,2025-03-12 06:00:00
17,Customer_17,B2C,1726.0,144.36,2025-03-13 21:00:00
17,Customer_17,B2C,3085.0,181.81,2025-05-09 12:00:00
17,Customer_17,B2C,3347.0,103.83,2025-05-20 10:00:00
17,Customer_17,B2C,3643.0,65.56,2025-06-01 18:00:00
17,Customer_17,B2C,3982.0,118.36,2025-06-15 21:00:00
18,Customer_18,B2C,277.0,22.59,2025-01-12 12:00:00
18,Customer_18,B2C,3926.0,311.13,2025-06-13 13:00:00
18,Customer_18,B2C,4481.0,254.53,2025-07-06 16:00:00
19,Customer_19,B2C,276.0,101.45,2025-01-12 11:00:00
19,Customer_19,B2C,1215.0,482.21,2025-02-20 14:00:00
19,Customer_19,B2C,1856.0,193.91,2025-03-19 07:00:00
19,Customer_19,B2C,1958.0,337.94,2025-03-23 13:00:00
19,Customer_19,B2C,2518.0,66.22,2025-04-15 21:00:00
19,Customer_19,B2C,2835.0,10.7,2025-04-29 02:00:00
19,Customer_19,B2C,3267.0,300.36,2025-05-17 02:00:00
19,Customer_19,B2C,3611.0,51.48,2025-05-31 10:00:00
19,Customer_19,B2C,3963.0,279.31,2025-06-15 02:00:00
19,Customer_19,B2C,4256.0,151.19,2025-06-27 07:00:00
19,Customer_19,B2C,4893.0,424.41,2025-07-23 20:00:00
20,Customer_20,B2C,650.0,430.96,2025-01-28 01:00:00
20,Customer_20,B2C,1120.0,462.08,2025-02-16 15:00:00
20,Customer_20,B2C,1902.0,228.48,2025-03-21 05:00:00
20,Customer_20,B2C,1914.0,221.71,2025-03-21 17:00:00
20,Customer_20,B2C,1926.0,125.87,2025-03-22 05:00:00
20,Customer_20,B2C,2764.0,161.59,2025-04-26 03:00:00
20,Customer_20,B2C,3677.0,112.61,2025-06-03 04:00:00
21,Customer_21,B2B,838.0,391.24,2025-02-04 21:00:00
21,Customer_21,B2B,1046.0,115.86,2025-02-13 13:00:00
21,Customer_21,B2B,1267.0,341.54,2025-02-22 18:00:00
21,Customer_21,B2B,1681.0,141.39,2025-03-12 00:00:00
21,Customer_21,B2B,2077.0,256.58,2025-03-28 12:00:00
21,Customer_21,B2B,3856.0,22.61,2025-06-10 15:00:00
22,Customer_22,B2B,790.0,327.89,2025-02-02 21:00:00
22,Customer_22,B2B,830.0,403.18,2025-02-04 13:00:00
22,Customer_22,B2B,972.0,37.31,2025-02-10 11:00:00
22,Customer_22,B2B,2115.0,323.21,2025-03-30 02:00:00
22,Customer_22,B2B,2816.0,285.95,2025-04-28 07:00:00
22,Customer_22,B2B,2941.0,45.23,2025-05-03 12:00:00
22,Customer_22,B2B,3470.0,217.67,2025-05-25 13:00:00
22,Customer_22,B2B,3579.0,114.3,2025-05-30 02:00:00
22,Customer_22,B2B,3669.0,265.71,2025-06-02 20:00:00
22,Customer_22,B2B,4838.0,170.51,2025-07-21 13:00:00
23,Customer_23,B2C,106.0,413.93,2025-01-05 09:00:00
23,Customer_23,B2C,171.0,369.73,2025-01-08 02:00:00
23,Customer_23,B2C,1857.0,317.11,2025-03-19 08:00:00
23,Customer_23,B2C,2619.0,235.37,2025-04-20 02:00:00
23,Customer_23,B2C,2925.0,455.63,2025-05-02 20:00:00
23,Customer_23,B2C,3000.0,211.85,2025-05-05 23:00:00
24,Customer_24,B2C,1014.0,227.98,2025-02-12 05:00:00
25,Customer_25,B2B,235.0,134.7,2025-01-10 18:00:00
25,Customer_25,B2B,476.0,422.66,2025-01-20 19:00:00
25,Customer_25,B2B,1552.0,163.29,2025-03-06 15:00:00
25,Customer_25,B2B,2847.0,487.79,2025-04-29 14:00:00
25,Customer_25,B2B,3180.0,445.98,2025-05-13 11:00:00
25,Customer_25,B2B,3716.0,31.48,2025-06-04 19:00:00
25,Customer_25,B2B,4008.0,433.11,2025-06-16 23:00:00
25,Customer_25,B2B,4763.0,96.34,2025-07-18 10:00:00
26,Customer_26,B2B,23.0,51.22,2025-01-01 22:00:00
26,Customer_26,B2B,1331.0,199.16,2025-02-25 10:00:00
26,Customer_26,B2B,2155.0,160.47,2025-03-31 18:00:00
26,Customer_26,B2B,2429.0,302.17,2025-04-12 04:00:00
26,Customer_26,B2B,3179.0,125.95,2025-05-13 10:00:00
26,Customer_26,B2B,4875.0,224.27,2025-07-23 02:00:00
27,Customer_27,B2B,408.0,491.44,2025-01-17 23:00:00
27,Customer_27,B2B,867.0,439.19,2025-02-06 02:00:00
27,Customer_27,B2B,2905.0,115.48,2025-05-02 00:00:00
27,Customer_27,B2B,4209.0,435.0,2025-06-25 08:00:00
28,Customer_28,Enterprise,1072.0,291.05,2025-02-14 15:00:00
28,Customer_28,Enterprise,2101.0,214.81,2025-03-29 12:00:00
28,Customer_28,Enterprise,3051.0,107.48,2025-05-08 02:00:00
28,Customer_28,Enterprise,4664.0,118.55,2025-07-14 07:00:00
29,Customer_29,Enterprise,193.0,44.0,2025-01-09 00:00:00
29,Customer_29,Enterprise,389.0,416.04,2025-01-17 04:00:00
29,Customer_29,Enterprise,431.0,394.36,2025-01-18 22:00:00
29,Customer_29,Enterprise,579.0,138.05,2025-01-25 02:00:00
29,Customer_29,Enterprise,806.0,10.11,2025-02-03 13:00:00
29,Customer_29,Enterprise,1695.0,216.44,2025-03-12 14:00:00
29,Customer_29,Enterprise,3632.0,210.37,2025-06-01 07:00:00
29,Customer_29,Enterprise,4338.0,490.7,2025-06-30 17:00:00
30,Customer_30,Enterprise,1859.0,413.27,2025-03-19 10:00:00
30,Customer_30,Enterprise,2609.0,189.03,2025-04-19 16:00:00
30,Customer_30,Enterprise,2942.0,455.41,2025-05-03 13:00:00
30,Customer_30,Enterprise,4804.0,200.38,2025-07-20 03:00:00
31,Customer_31,B2C,738.0,278.97,2025-01-31 17:00:00
31,Customer_31,B2C,2656.0,356.33,2025-04-21 15:00:00
31,Customer_31,B2C,2922.0,91.81,2025-05-02 17:00:00
31,Customer_31,B2C,3035.0,411.51,2025-05-07 10:00:00
31,Customer_31,B2C,4424.0,239.2,2025-07-04 07:00:00
32,Customer_32,Enterprise,267.0,72.88,2025-01-12 02:00:00
32,Customer_32,Enterprise,2134.0,203.15,2025-03-30 21:00:00
32,Customer_32,Enterprise,3479.0,346.15,2025-05-25 22:00:00
32,Customer_32,Enterprise,4463.0,334.82,2025-07-05 22:00:00
33,Customer_33,B2C,807.0,458.35,2025-02-03 14:00:00
33,Customer_33,B2C,3119.0,273.47,2025-05-10 22:00:00
33,Customer_33,B2C,3607.0,296.83,2025-05-31 06:00:00
34,Customer_34,B2C,399.0,208.66,2025-01-17 14:00:00
35,Customer_35,Enterprise,1006.0,135.96,2025-02-11 21:00:00
35,Customer_35,Enterprise,1125.0,315.46,2025-02-16 20:00:00
35,Customer_35,Enterprise,2397.0,364.53,2025-04-10 20:00:00
35,Customer_35,Enterprise,2412.0,361.42,2025-04-11 11:00:00
35,Customer_35,Enterprise,2684.0,405.48,2025-04-22 19:00:00
36,Customer_36,B2C,1316.0,13.6,2025-02-24 19:00:00
36,Customer_36,B2C,1401.0,148.45,2025-02-28 08:00:00
36,Customer_36,B2C,4411.0,374.74,2025-07-03 18:00:00
37,Customer_37,Enterprise,693.0,248.23,2025-01-29 20:00:00
37,Customer_37,Enterprise,778.0,258.8,2025-02-02 09:00:00
38,Customer_38,Enterprise,687.0,424.6,2025-01-29 14:00:00
38,Customer_38,Enterprise,1922.0,80.71,2025-03-22 01:00:00
38,Customer_38,Enterprise,3448.0,293.77,2025-05-24 15:00:00
38,Customer_38,Enterprise,3852.0,357.3,2025-06-10 11:00:00
38,Customer_38,Enterprise,4474.0,360.67,2025-07-06 09:00:00
39,Customer_39,B2B,115.0,86.54,2025-01-05 18:00:00
39,Customer_39,B2B,477.0,155.34,2025-01-20 20:00:00
39,Customer_39,B2B,552.0,495.85,2025-01-23 23:00:00
39,Customer_39,B2B,578.0,75.26,2025-01-25 01:00:00
39,Customer_39,B2B,821.0,362.17,2025-02-04 04:00:00
39,Customer_39,B2B,1145.0,371.19,2025-02-17 16:00:00
39,Customer_39,B2B,1309.0,84.35,2025-02-24 12:00:00
39,Customer_39,B2B,1808.0,57.83,2025-03-17 07:00:00
39,Customer_39,B2B,3291.0,233.6,2025-05-18 02:00:00
39,Customer_39,B2B,3761.0,469.4,2025-06-06 16:00:00
39,Customer_39,B2B,3894.0,221.44,2025-06-12 05:00:00
39,Customer_39,B2B,4405.0,41.85,2025-07-03 12:00:00
40,Customer_40,Enterprise,4.0,140.3,2025-01-01 03:00:00
40,Customer_40,Enterprise,681.0,107.33,2025-01-29 08:00:00
40,Customer_40,Enterprise,699.0,158.21,2025-01-30 02:00:00
40,Customer_40,Enterprise,708.0,255.28,2025-01-30 11:00:00
40,Customer_40,Enterprise,709.0,326.41,2025-01-30 12:00:00
40,Customer_40,Enterprise,2201.0,35.49,2025-04-02 16:00:00
40,Customer_40,Enterprise,3414.0,264.06,2025-05-23 05:00:00
40,Customer_40,Enterprise,4064.0,117.66,2025-06-19 07:00:00
40,Customer_40,Enterprise,4129.0,436.4,2025-06-22 00:00:00
40,Customer_40,Enterprise,4465.0,136.39,2025-07-06 00:00:00
41,Customer_41,B2B,398.0,29.74,2025-01-17 13:00:00
41,Customer_41,B2B,2273.0,393.55,2025-04-05 16:00:00
41,Customer_41,B2B,2379.0,365.03,2025-04-10 02:00:00
41,Customer_41,B2B,2504.0,138.51,2025-04-15 07:00:00
41,Customer_41,B2B,2557.0,263.39,2025-04-17 12:00:00
41,Customer_41,B2B,2617.0,337.96,2025-04-20 00:00:00
41,Customer_41,B2B,3364.0,315.05,2025-05-21 03:00:00
41,Customer_41,B2B,3756.0,293.16,2025-06-06 11:00:00
42,Customer_42,Enterprise,95.0,324.34,2025-01-04 22:00:00
42,Customer_42,Enterprise,396.0,96.81,2025-01-17 11:00:00
42,Customer_42,Enterprise,475.0,473.53,2025-01-20 18:00:00
42,Customer_42,Enterprise,1516.0,372.39,2025-03-05 03:00:00
42,Customer_42,Enterprise,4629.0,200.18,2025-07-12 20:00:00
43,Customer_43,Enterprise,1261.0,200.11,2025-02-22 12:00:00
43,Customer_43,Enterprise,1573.0,288.45,2025-03-07 12:00:00
43,Customer_43,Enterprise,1719.0,18.57,2025-03-13 14:00:00
43,Customer_43,Enterprise,2102.0,428.11,2025-03-29 13:00:00
43,Customer_43,Enterprise,3546.0,197.93,2025-05-28 17:00:00
43,Customer_43,Enterprise,3754.0,268.63,2025-06-06 09:00:00
43,Customer_43,Enterprise,4317.0,354.34,2025-06-29 20:00:00
44,Customer_44,B2B,489.0,197.25,2025-01-21 08:00:00
44,Customer_44,B2B,1845.0,438.62,2025-03-18 20:00:00
44,Customer_44,B2B,2160.0,184.71,2025-03-31 23:00:00
44,Customer_44,B2B,3070.0,25.22,2025-05-08 21:00:00
44,Customer_44,B2B,3299.0,469.48,2025-05-18 10:00:00
44,Customer_44,B2B,4102.0,422.49,2025-06-20 21:00:00
44,Customer_44,B2B,4612.0,18.84,2025-07-12 03:00:00
45,Customer_45,B2B,2877.0,481.19,2025-04-30 20:00:00
45,Customer_45,B2B,3142.0,264.91,2025-05-11 21:00:00
45,Customer_45,B2B,3917.0,306.79,2025-06-13 04:00:00
45,Customer_45,B2B,4348.0,188.9,2025-07-01 03:00:00
46,Customer_46,Enterprise,756.0,444.33,2025-02-01 11:00:00
46,Customer_46,Enterprise,920.0,144.25,2025-02-08 07:00:00
46,Customer_46,Enterprise,3729.0,166.6,2025-06-05 08:00:00
47,Customer_47,B2C,153.0,301.18,2025-01-07 08:00:00
47,Customer_47,B2C,515.0,45.64,2025-01-22 10:00:00
47,Customer_47,B2C,645.0,123.23,2025-01-27 20:00:00
47,Customer_47,B2C,1981.0,319.46,2025-03-24 12:00:00
47,Customer_47,B2C,2292.0,70.43,2025-04-06 11:00:00
47,Customer_47,B2C,3465.0,346.84,2025-05-25 08:00:00
47,Customer_47,B2C,3768.0,162.73,2025-06-06 23:00:00
48,Customer_48,B2B,2799.0,123.06,2025-04-27 14:00:00
48,Customer_48,B2B,4086.0,188.23,2025-06-20 05:00:00
48,Customer_48,B2B,4263.0,43.81,2025-06-27 14:00:00
48,Customer_48,B2B,4480.0,478.85,2025-07-06 15:00:00
49,Customer_49,B2C,247.0,127.75,2025-01-11 06:00:00
49,Customer_49,B2C,1342.0,414.97,2025-02-25 21:00:00
49,Customer_49,B2C,2009.0,311.1,2025-03-25 16:00:00
49,Customer_49,B2C,2481.0,345.26,2025-04-14 08:00:00
49,Customer_49,B2C,2591.0,35.64,2025-04-18 22:00:00
49,Customer_49,B2C,3065.0,422.84,2025-05-08 16:00:00
49,Customer_49,B2C,3193.0,209.94,2025-05-14 00:00:00
49,Customer_49,B2C,4049.0,215.96,2025-06-18 16:00:00
49,Customer_49,B2C,4407.0,71.71,2025-07-03 14:00:00
50,Customer_50,B2C,1346.0,261.18,2025-02-26 01:00:00
50,Customer_50,B2C,1995.0,263.46,2025-03-25 02:00:00
50,Customer_50,B2C,3248.0,234.54,2025-05-16 07:00:00
50,Customer_50,B2C,3609.0,323.84,2025-05-31 08:00:00
50,Customer_50,B2C,4386.0,108.56,2025-07-02 17:00:00
51,Customer_51,B2C,192.0,255.14,2025-01-08 23:00:00
51,Customer_51,B2C,315.0,20.26,2025-01-14 02:00:00
51,Customer_51,B2C,1276.0,401.02,2025-02-23 03:00:00
52,Customer_52,B2B,3876.0,10.35,2025-06-11 11:00:00
53,Customer_53,B2C,359.0,72.14,2025-01-15 22:00:00
53,Customer_53,B2C,1189.0,385.63,2025-02-19 12:00:00
53,Customer_53,B2C,2917.0,189.65,2025-05-02 12:00:00
53,Customer_53,B2C,2939.0,455.7,2025-05-03 10:00:00
53,Customer_53,B2C,3071.0,473.98,2025-05-08 22:00:00
53,Customer_53,B2C,4506.0,161.54,2025-07-07 17:00:00
54,Customer_54,B2B,310.0,103.07,2025-01-13 21:00:00
54,Customer_54,B2B,644.0,34.12,2025-01-27 19:00:00
54,Customer_54,B2B,3067.0,220.43,2025-05-08 18:00:00
54,Customer_54,B2B,3738.0,338.0,2025-06-05 17:00:00
54,Customer_54,B2B,4124.0,355.48,2025-06-21 19:00:00
55,Customer_55,B2C,290.0,37.94,2025-01-13 01:00:00
55,Customer_55,B2C,298.0,254.08,2025-01-13 09:00:00
55,Customer_55,B2C,444.0,266.47,2025-01-19 11:00:00
55,Customer_55,B2C,1453.0,221.59,2025-03-02 12:00:00
55,Customer_55,B2C,1938.0,14.22,2025-03-22 17:00:00
55,Customer_55,B2C,3120.0,335.18,2025-05-10 23:00:00
56,Customer_56,Enterprise,1589.0,136.47,2025-03-08 04:00:00
56,Customer_56,Enterprise,4192.0,159.56,2025-06-24 15:00:00
56,Customer_56,Enterprise,4397.0,434.8,2025-07-03 04:00:00
56,Customer_56,Enterprise,4793.0,335.42,2025-07-19 16:00:00
57,Customer_57,Enterprise,1925.0,438.03,2025-03-22 04:00:00
57,Customer_57,Enterprise,2117.0,359.69,2025-03-30 04:00:00
57,Customer_57,Enterprise,2831.0,150.83,2025-04-28 22:00:00
57,Customer_57,Enterprise,4031.0,475.6,2025-06-17 22:00:00
58,Customer_58,B2B,1426.0,273.39,2025-03-01 09:00:00
58,Customer_58,B2B,2153.0,92.74,2025-03-31 16:00:00
58,Customer_58,B2B,3357.0,157.71,2025-05-20 20:00:00
58,Customer_58,B2B,4557.0,51.75,2025-07-09 20:00:00
58,Customer_58,B2B,4676.0,275.99,2025-07-14 19:00:00
59,Customer_59,Enterprise,368.0,292.72,2025-01-16 07:00:00
59,Customer_59,Enterprise,1002.0,371.58,2025-02-11 17:00:00
59,Customer_59,Enterprise,1129.0,173.88,2025-02-17 00:00:00
59,Customer_59,Enterprise,2693.0,131.43,2025-04-23 04:00:00
59,Customer_59,Enterprise,2946.0,158.65,2025-05-03 17:00:00
59,Customer_59,Enterprise,3144.0,391.47,2025-05-11 23:00:00
59,Customer_59,Enterprise,3606.0,310.22,2025-05-31 05:00:00
59,Customer_59,Enterprise,3699.0,485.9,2025-06-04 02:00:00
59,Customer_59,Enterprise,4065.0,224.95,2025-06-19 08:00:00
59,Customer_59,Enterprise,4128.0,25.28,2025-06-21 23:00:00
59,Customer_59,Enterprise,4316.0,278.53,2025-06-29 19:00:00
60,Customer_60,Enterprise,860.0,124.45,2025-02-05 19:00:00
60,Customer_60,Enterprise,1350.0,159.4,2025-02-26 05:00:00
60,Customer_60,Enterprise,1576.0,173.55,2025-03-07 15:00:00
60,Customer_60,Enterprise,1947.0,368.79,2025-03-23 02:00:00
60,Customer_60,Enterprise,4403.0,110.98,2025-07-03 10:00:00
60,Customer_60,Enterprise,4869.0,53.01,2025-07-22 20:00:00
61,Customer_61,B2C,473.0,326.33,2025-01-20 16:00:00
61,Customer_61,B2C,612.0,107.34,2025-01-26 11:00:00
61,Customer_61,B2C,3776.0,342.28,2025-06-07 07:00:00
61,Customer_61,B2C,3874.0,329.61,2025-06-11 09:00:00
61,Customer_61,B2C,4158.0,296.75,2025-06-23 05:00:00
62,Customer_62,B2B,620.0,53.02,2025-01-26 19:00:00
62,Customer_62,B2B,656.0,163.17,2025-01-28 07:00:00
62,Customer_62,B2B,2393.0,338.66,2025-04-10 16:00:00
62,Customer_62,B2B,4076.0,143.85,2025-06-19 19:00:00
62,Customer_62,B2B,4152.0,213.27,2025-06-22 23:00:00
63,Customer_63,B2C,242.0,51.68,2025-01-11 01:00:00
63,Customer_63,B2C,255.0,438.07,2025-01-11 14:00:00
63,Customer_63,B2C,1618.0,439.79,2025-03-09 09:00:00
63,Customer_63,B2C,2355.0,299.52,2025-04-09 02:00:00
63,Customer_63,B2C,2618.0,445.25,2025-04-20 01:00:00
63,Customer_63,B2C,3832.0,347.18,2025-06-09 15:00:00
63,Customer_63,B2C,4657.0,342.03,2025-07-14 00:00:00
64,Customer_64,B2C,894.0,260.77,2025-02-07 05:00:00
64,Customer_64,B2C,2749.0,84.47,2025-04-25 12:00:00
64,Customer_64,B2C,4299.0,154.6,2025-06-29 02:00:00
64,Customer_64,B2C,4376.0,422.31,2025-07-02 07:00:00
65,Customer_65,B2C,1229.0,315.52,2025-02-21 04:00:00
65,Customer_65,B2C,1646.0,22.08,2025-03-10 13:00:00
65,Customer_65,B2C,2416.0,374.93,2025-04-11 15:00:00
65,Customer_65,B2C,2845.0,398.49,2025-04-29 12:00:00
65,Customer_65,B2C,3057.0,376.85,2025-05-08 08:00:00
65,Customer_65,B2C,3538.0,208.31,2025-05-28 09:00:00
65,Customer_65,B2C,3704.0,348.41,2025-06-04 07:00:00
65,Customer_65,B2C,4442.0,74.98,2025-07-05 01:00:00
66,Customer_66,B2C,1073.0,177.4,2025-02-14 16:00:00
66,Customer_66,B2C,1885.0,195.37,2025-03-20 12:00:00
66,Customer_66,B2C,2118.0,438.1,2025-03-30 05:00:00
66,Customer_66,B2C,2157.0,168.34,2025-03-31 20:00:00
66,Customer_66,B2C,2288.0,175.23,2025-04-06 07:00:00
66,Customer_66,B2C,2883.0,117.5,2025-05-01 02:00:00
67,Customer_67,B2C,1424.0,89.11,2025-03-01 07:00:00
67,Customer_67,B2C,1525.0,45.61,2025-03-05 12:00:00
68,Customer_68,B2C,2140.0,417.65,2025-03-31 03:00:00
68,Customer_68,B2C,2381.0,393.63,2025-04-10 04:00:00
68,Customer_68,B2C,2700.0,365.48,2025-04-23 11:00:00
68,Customer_68,B2C,3190.0,213.8,2025-05-13 21:00:00
68,Customer_68,B2C,3720.0,21.7,2025-06-04 23:00:00
68,Customer_68,B2C,4252.0,403.25,2025-06-27 03:00:00
69,Customer_69,B2C,164.0,376.07,2025-01-07 19:00:00
69,Customer_69,B2C,449.0,90.05,2025-01-19 16:00:00
69,Customer_69,B2C,1191.0,485.34,2025-02-19 14:00:00
69,Customer_69,B2C,2701.0,65.48,2025-04-23 12:00:00
69,Customer_69,B2C,3604.0,367.02,2025-05-31 03:00:00
69,Customer_69,B2C,3772.0,441.74,2025-06-07 03:00:00
69,Customer_69,B2C,3863.0,440.81,2025-06-10 22:00:00
70,Customer_70,B2B,1409.0,225.39,2025-02-28 16:00:00
70,Customer_70,B2B,1906.0,187.0,2025-03-21 09:00:00
70,Customer_70,B2B,2060.0,292.14,2025-03-27 19:00:00
70,Customer_70,B2B,4182.0,494.25,2025-06-24 05:00:00
70,Customer_70,B2B,4765.0,175.09,2025-07-18 12:00:00
71,Customer_71,Enterprise,3983.0,141.87,2025-06-15 22:00:00
71,Customer_71,Enterprise,4381.0,396.25,2025-07-02 12:00:00
72,Customer_72,B2C,897.0,455.51,2025-02-07 08:00:00
72,Customer_72,B2C,2185.0,72.05,2025-04-02 00:00:00
72,Customer_72,B2C,4497.0,389.95,2025-07-07 08:00:00
72,Customer_72,B2C,4520.0,212.82,2025-07-08 07:00:00
72,Customer_72,B2C,4622.0,340.35,2025-07-12 13:00:00
72,Customer_72,B2C,4859.0,388.71,2025-07-22 10:00:00
73,Customer_73,B2C,467.0,480.3,2025-01-20 10:00:00
73,Customer_73,B2C,951.0,197.24,2025-02-09 14:00:00
73,Customer_73,B2C,1406.0,293.49,2025-02-28 13:00:00
73,Customer_73,B2C,1528.0,313.92,2025-03-05 15:00:00
73,Customer_73,B2C,2356.0,329.84,2025-04-09 03:00:00
73,Customer_73,B2C,2607.0,22.16,2025-04-19 14:00:00
73,Customer_73,B2C,3522.0,46.82,2025-05-27 17:00:00
73,Customer_73,B2C,3691.0,163.46,2025-06-03 18:00:00
73,Customer_73,B2C,3727.0,262.14,2025-06-05 06:00:00
73,Customer_73,B2C,3751.0,387.19,2025-06-06 06:00:00
73,Customer_73,B2C,3804.0,376.64,2025-06-08 11:00:00
73,Customer_73,B2C,4010.0,92.73,2025-06-17 01:00:00
73,Customer_73,B2C,4356.0,373.68,2025-07-01 11:00:00
73,Customer_73,B2C,4716.0,406.4,2025-07-16 11:00:00
74,Customer_74,B2C,2010.0,447.31,2025-03-25 17:00:00
74,Customer_74,B2C,2928.0,229.94,2025-05-02 23:00:00
74,Customer_74,B2C,3302.0,129.91,2025-05-18 13:00:00
74,Customer_74,B2C,4259.0,29.76,2025-06-27 10:00:00
75,Customer_75,B2C,12.0,98.78,2025-01-01 11:00:00
75,Customer_75,B2C,223.0,56.27,2025-01-10 06:00:00
75,Customer_75,B2C,393.0,70.93,2025-01-17 08:00:00
75,Customer_75,B2C,825.0,124.04,2025-02-04 08:00:00
75,Customer_75,B2C,1987.0,228.97,2025-03-24 18:00:00
75,Customer_75,B2C,2277.0,129.29,2025-04-05 20:00:00
75,Customer_75,B2C,2621.0,102.36,2025-04-20 04:00:00
75,Customer_75,B2C,2664.0,52.44,2025-04-21 23:00:00
75,Customer_75,B2C,2870.0,279.77,2025-04-30 13:00:00
75,Customer_75,B2C,2956.0,222.99,2025-05-04 03:00:00
75,Customer_75,B2C,4290.0,87.25,2025-06-28 17:00:00
76,Customer_76,B2C,1230.0,74.33,2025-02-21 05:00:00
76,Customer_76,B2C,1953.0,317.73,2025-03-23 08:00:00
76,Customer_76,B2C,2445.0,233.18,2025-04-12 20:00:00
76,Customer_76,B2C,3533.0,141.26,2025-05-28 04:00:00
76,Customer_76,B2C,3902.0,196.76,2025-06-12 13:00:00
76,Customer_76,B2C,4529.0,67.56,2025-07-08 16:00:00
77,Customer_77,B2C,1375.0,389.5,2025-02-27 06:00:00
77,Customer_77,B2C,2692.0,384.41,2025-04-23 03:00:00
77,Customer_77,B2C,4200.0,269.62,2025-06-24 23:00:00
78,Customer_78,Enterprise,89.0,343.05,2025-01-04 16:00:00
78,Customer_78,Enterprise,322.0,204.01,2025-01-14 09:00:00
78,Customer_78,Enterprise,1985.0,58.58,2025-03-24 16:00:00
78,Customer_78,Enterprise,3549.0,310.94,2025-05-28 20:00:00
79,Customer_79,Enterprise,809.0,373.72,2025-02-03 16:00:00
79,Customer_79,Enterprise,1558.0,349.75,2025-03-06 21:00:00
79,Customer_79,Enterprise,1707.0,224.64,2025-03-13 02:00:00
79,Customer_79,Enterprise,2146.0,399.04,2025-03-31 09:00:00
79,Customer_79,Enterprise,3154.0,46.47,2025-05-12 09:00:00
79,Customer_79,Enterprise,3708.0,225.81,2025-06-04 11:00:00
80,Customer_80,B2C,1600.0,325.51,2025-03-08 15:00:00
81,Customer_81,Enterprise,501.0,58.23,2025-01-21 20:00:00
81,Customer_81,Enterprise,2583.0,242.48,2025-04-18 14:00:00
81,Customer_81,Enterprise,3501.0,106.15,2025-05-26 20:00:00
82,Customer_82,B2B,344.0,199.76,2025-01-15 07:00:00
82,Customer_82,B2B,747.0,61.65,2025-02-01 02:00:00
82,Customer_82,B2B,2078.0,384.92,2025-03-28 13:00:00
82,Customer_82,B2B,2792.0,123.72,2025-04-27 07:00:00
82,Customer_82,B2B,3353.0,324.37,2025-05-20 16:00:00
82,Customer_82,B2B,3651.0,189.91,2025-06-02 02:00:00
82,Customer_82,B2B,4051.0,491.5,2025-06-18 18:00:00
82,Customer_82,B2B,4469.0,301.57,2025-07-06 04:00:00
83,Customer_83,B2C,1592.0,464.6,2025-03-08 07:00:00
83,Customer_83,B2C,2346.0,255.43,2025-04-08 17:00:00
83,Customer_83,B2C,2879.0,58.04,2025-04-30 22:00:00
83,Customer_83,B2C,2986.0,35.65,2025-05-05 09:00:00
83,Customer_83,B2C,3724.0,138.72,2025-06-05 03:00:00
83,Customer_83,B2C,4686.0,209.93,2025-07-15 05:00:00
84,Customer_84,B2B,248.0,56.53,2025-01-11 07:00:00
84,Customer_84,B2B,829.0,201.99,2025-02-04 12:00:00
84,Customer_84,B2B,840.0,494.53,2025-02-04 23:00:00
84,Customer_84,B2B,961.0,110.0,2025-02-10 00:00:00
84,Customer_84,B2B,968.0,345.1,2025-02-10 07:00:00
84,Customer_84,B2B,1068.0,304.12,2025-02-14 11:00:00
84,Customer_84,B2B,1317.0,348.94,2025-02-24 20:00:00
84,Customer_84,B2B,1474.0,295.72,2025-03-03 09:00:00
84,Customer_84,B2B,2550.0,385.51,2025-04-17 05:00:00
84,Customer_84,B2B,2572.0,156.47,2025-04-18 03:00:00
84,Customer_84,B2B,3393.0,158.61,2025-05-22 08:00:00
84,Customer_84,B2B,3620.0,202.9,2025-05-31 19:00:00
84,Customer_84,B2B,4392.0,142.63,2025-07-02 23:00:00
85,Customer_85,B2B,337.0,498.9,2025-01-15 00:00:00
85,Customer_85,B2B,1245.0,82.5,2025-02-21 20:00:00
85,Customer_85,B2B,3441.0,355.2,2025-05-24 08:00:00
86,Customer_86,B2C,522.0,417.01,2025-01-22 17:00:00
86,Customer_86,B2C,925.0,97.76,2025-02-08 12:00:00
86,Customer_86,B2C,1169.0,292.64,2025-02-18 16:00:00
86,Customer_86,B2C,2124.0,88.82,2025-03-30 11:00:00
86,Customer_86,B2C,3298.0,360.2,2025-05-18 09:00:00
86,Customer_86,B2C,4414.0,221.58,2025-07-03 21:00:00
87,Customer_87,Enterprise,297.0,30.37,2025-01-13 08:00:00
87,Customer_87,Enterprise,979.0,53.98,2025-02-10 18:00:00
87,Customer_87,Enterprise,1713.0,101.43,2025-03-13 08:00:00
87,Customer_87,Enterprise,1718.0,421.77,2025-03-13 13:00:00
87,Customer_87,Enterprise,2454.0,456.98,2025-04-13 05:00:00
87,Customer_87,Enterprise,2685.0,266.41,2025-04-22 20:00:00
87,Customer_87,Enterprise,3900.0,287.73,2025-06-12 11:00:00
87,Customer_87,Enterprise,4741.0,222.52,2025-07-17 12:00:00
88,Customer_88,B2B,321.0,341.07,2025-01-14 08:00:00
88,Customer_88,B2B,916.0,52.85,2025-02-08 03:00:00
88,Customer_88,B2B,1844.0,95.64,2025-03-18 19:00:00
88,Customer_88,B2B,2969.0,83.21,2025-05-04 16:00:00
88,Customer_88,B2B,3503.0,201.28,2025-05-26 22:00:00
88,Customer_88,B2B,3844.0,359.53,2025-06-10 03:00:00
88,Customer_88,B2B,4353.0,44.13,2025-07-01 08:00:00
89,Customer_89,B2C,96.0,137.32,2025-01-04 23:00:00
89,Customer_89,B2C,509.0,97.73,2025-01-22 04:00:00
89,Customer_89,B2C,664.0,385.27,2025-01-28 15:00:00
89,Customer_89,B2C,1200.0,148.14,2025-02-19 23:00:00
89,Customer_89,B2C,2373.0,476.33,2025-04-09 20:00:00
89,Customer_89,B2C,3571.0,63.58,2025-05-29 18:00:00
89,Customer_89,B2C,4453.0,204.48,2025-07-05 12:00:00
90,Customer_90,B2B,39.0,34.81,2025-01-02 14:00:00
90,Customer_90,B2B,940.0,444.86,2025-02-09 03:00:00
90,Customer_90,B2B,1301.0,156.97,2025-02-24 04:00:00
90,Customer_90,B2B,3174.0,72.28,2025-05-13 05:00:00
90,Customer_90,B2B,3260.0,255.71,2025-05-16 19:00:00
90,Customer_90,B2B,4328.0,299.53,2025-06-30 07:00:00
91,Customer_91,B2B,2750.0,73.86,2025-04-25 13:00:00
91,Customer_91,B2B,3352.0,482.32,2025-05-20 15:00:00
91,Customer_91,B2B,4214.0,193.07,2025-06-25 13:00:00
91,Customer_91,B2B,4771.0,219.73,2025-07-18 18:00:00
92,Customer_92,B2B,717.0,171.12,2025-01-30 20:00:00
92,Customer_92,B2B,926.0,202.19,2025-02-08 13:00:00
92,Customer_92,B2B,1565.0,349.53,2025-03-07 04:00:00
92,Customer_92,B2B,1627.0,65.07,2025-03-09 18:00:00
92,Customer_92,B2B,3830.0,334.56,2025-06-09 13:00:00
92,Customer_92,B2B,4106.0,208.98,2025-06-21 01:00:00
93,Customer_93,B2B,1008.0,121.22,2025-02-11 23:00:00
93,Customer_93,B2B,2470.0,286.83,2025-04-13 21:00:00
93,Customer_93,B2B,3237.0,263.98,2025-05-15 20:00:00
93,Customer_93,B2B,3297.0,287.22,2025-05-18 08:00:00
93,Customer_93,B2B,3972.0,256.75,2025-06-15 11:00:00
93,Customer_93,B2B,4012.0,386.93,2025-06-17 03:00:00
93,Customer_93,B2B,4308.0,71.64,2025-06-29 11:00:00
93,Customer_93,B2B,4401.0,74.16,2025-07-03 08:00:00
94,Customer_94,Enterprise,4329.0,457.47,2025-06-30 08:00:00
94,Customer_94,Enterprise,4586.0,369.33,2025-07-11 01:00:00
95,Customer_95,B2B,65.0,410.48,2025-01-03 16:00:00
95,Customer_95,B2B,158.0,145.2,2025-01-07 13:00:00
95,Customer_95,B2B,1544.0,165.28,2025-03-06 07:00:00
95,Customer_95,B2B,3573.0,175.06,2025-05-29 20:00:00
96,Customer_96,B2B,320.0,172.36,2025-01-14 07:00:00
96,Customer_96,B2B,2964.0,238.09,2025-05-04 11:00:00
96,Customer_96,B2B,3507.0,59.3,2025-05-27 02:00:00
96,Customer_96,B2B,4073.0,144.27,2025-06-19 16:00:00
96,Customer_96,B2B,4428.0,26.08,2025-07-04 11:00:00
97,Customer_97,B2B,134.0,282.53,2025-01-06 13:00:00
97,Customer_97,B2B,1696.0,421.03,2025-03-12 15:00:00
97,Customer_97,B2B,2161.0,229.18,2025-04-01 00:00:00
97,Customer_97,B2B,3601.0,191.0,2025-05-31 00:00:00
97,Customer_97,B2B,3888.0,428.74,2025-06-11 23:00:00
98,Customer_98,Enterprise,443.0,384.21,2025-01-19 10:00:00
98,Customer_98,Enterprise,547.0,75.17,2025-01-23 18:00:00
98,Customer_98,Enterprise,2119.0,72.13,2025-03-30 06:00:00
98,Customer_98,Enterprise,3661.0,339.17,2025-06-02 12:00:00
98,Customer_98,Enterprise,4380.0,415.98,2025-07-02 11:00:00
98,Customer_98,Enterprise,4614.0,395.8,2025-07-12 05:00:00
99,Customer_99,B2B,649.0,77.68,2025-01-28 00:00:00
99,Customer_99,B2B,818.0,180.93,2025-02-04 01:00:00
99,Customer_99,B2B,1593.0,435.17,2025-03-08 08:00:00
99,Customer_99,B2B,2733.0,167.1,2025-04-24 20:00:00
99,Customer_99,B2B,3377.0,87.67,2025-05-21 16:00:00
100,Customer_100,B2B,1050.0,219.28,2025-02-13 17:00:00
100,Customer_100,B2B,3034.0,13.48,2025-05-07 09:00:00
100,Customer_100,B2B,3041.0,270.36,2025-05-07 16:00:00
100,Customer_100,B2B,3541.0,244.93,2025-05-28 12:00:00
100,Customer_100,B2B,3698.0,374.77,2025-06-04 01:00:00
101,Customer_101,Enterprise,1510.0,360.83,2025-03-04 21:00:00
101,Customer_101,Enterprise,1609.0,223.16,2025-03-09 00:00:00
101,Customer_101,Enterprise,1714.0,102.23,2025-03-13 09:00:00
101,Customer_101,Enterprise,1908.0,44.64,2025-03-21 11:00:00
101,Customer_101,Enterprise,3004.0,287.29,2025-05-06 03:00:00
101,Customer_101,Enterprise,3017.0,165.46,2025-05-06 16:00:00
101,Customer_101,Enterprise,4412.0,313.53,2025-07-03 19:00:00
102,Customer_102,Enterprise,485.0,494.86,2025-01-21 04:00:00
102,Customer_102,Enterprise,910.0,256.64,2025-02-07 21:00:00
102,Customer_102,Enterprise,1211.0,284.02,2025-02-20 10:00:00
102,Customer_102,Enterprise,1240.0,120.64,2025-02-21 15:00:00
102,Customer_102,Enterprise,1396.0,231.88,2025-02-28 03:00:00
102,Customer_102,Enterprise,2226.0,92.38,2025-04-03 17:00:00
102,Customer_102,Enterprise,2778.0,184.21,2025-04-26 17:00:00
102,Customer_102,Enterprise,3076.0,294.07,2025-05-09 03:00:00
102,Customer_102,Enterprise,3196.0,454.96,2025-05-14 03:00:00
102,Customer_102,Enterprise,3496.0,276.27,2025-05-26 15:00:00
103,Customer_103,Enterprise,937.0,81.55,2025-02-09 00:00:00
103,Customer_103,Enterprise,2528.0,247.26,2025-04-16 07:00:00
103,Customer_103,Enterprise,3991.0,441.52,2025-06-16 06:00:00
104,Customer_104,B2B,114.0,496.37,2025-01-05 17:00:00
104,Customer_104,B2B,1465.0,327.67,2025-03-03 00:00:00
104,Customer_104,B2B,1875.0,256.41,2025-03-20 02:00:00
104,Customer_104,B2B,2189.0,106.03,2025-04-02 04:00:00
104,Customer_104,B2B,2735.0,127.29,2025-04-24 22:00:00
104,Customer_104,B2B,2863.0,256.54,2025-04-30 06:00:00
104,Customer_104,B2B,3101.0,279.84,2025-05-10 04:00:00
104,Customer_104,B2B,3160.0,371.76,2025-05-12 15:00:00
104,Customer_104,B2B,3505.0,239.9,2025-05-27 00:00:00
104,Customer_104,B2B,4199.0,94.14,2025-06-24 22:00:00
104,Customer_104,B2B,4658.0,94.68,2025-07-14 01:00:00
105,Customer_105,Enterprise,1685.0,29.5,2025-03-12 04:00:00
105,Customer_105,Enterprise,2560.0,72.17,2025-04-17 15:00:00
105,Customer_105,Enterprise,3365.0,111.83,2025-05-21 04:00:00
105,Customer_105,Enterprise,4681.0,215.0,2025-07-15 00:00:00
105,Customer_105,Enterprise,4730.0,114.73,2025-07-17 01:00:00
106,Customer_106,Enterprise,188.0,34.7,2025-01-08 19:00:00
106,Customer_106,Enterprise,944.0,174.05,2025-02-09 07:00:00
106,Customer_106,Enterprise,1294.0,380.53,2025-02-23 21:00:00
106,Customer_106,Enterprise,4447.0,229.19,2025-07-05 06:00:00
106,Customer_106,Enterprise,4458.0,121.15,2025-07-05 17:00:00
107,Customer_107,B2B,635.0,234.67,2025-01-27 10:00:00
107,Customer_107,B2B,1103.0,477.03,2025-02-15 22:00:00
107,Customer_107,B2B,2601.0,120.58,2025-04-19 08:00:00
107,Customer_107,B2B,4627.0,403.49,2025-07-12 18:00:00
108,Customer_108,Enterprise,481.0,70.41,2025-01-21 00:00:00
108,Customer_108,Enterprise,563.0,281.2,2025-01-24 10:00:00
108,Customer_108,Enterprise,1307.0,295.82,2025-02-24 10:00:00
108,Customer_108,Enterprise,1361.0,494.18,2025-02-26 16:00:00
108,Customer_108,Enterprise,1860.0,125.17,2025-03-19 11:00:00
108,Customer_108,Enterprise,3680.0,147.73,2025-06-03 07:00:00
108,Customer_108,Enterprise,4806.0,364.97,2025-07-20 05:00:00
109,Customer_109,B2B,390.0,393.9,2025-01-17 05:00:00
109,Customer_109,B2B,1952.0,125.99,2025-03-23 07:00:00
109,Customer_109,B2B,2220.0,402.89,2025-04-03 11:00:00
109,Customer_109,B2B,2522.0,20.31,2025-04-16 01:00:00
109,Customer_109,B2B,2697.0,107.84,2025-04-23 08:00:00
109,Customer_109,B2B,2712.0,77.81,2025-04-23 23:00:00
109,Customer_109,B2B,3381.0,73.23,2025-05-21 20:00:00
109,Customer_109,B2B,3397.0,29.25,2025-05-22 12:00:00
109,Customer_109,B2B,3535.0,436.95,2025-05-28 06:00:00
109,Customer_109,B2B,3892.0,37.69,2025-06-12 03:00:00
109,Customer_109,B2B,4560.0,478.55,2025-07-09 23:00:00
110,Customer_110,B2C,1546.0,257.9,2025-03-06 09:00:00
110,Customer_110,B2C,4399.0,430.31,2025-07-03 06:00:00
111,Customer_111,Enterprise,963.0,402.46,2025-02-10 02:00:00
111,Customer_111,Enterprise,1865.0,18.29,2025-03-19 16:00:00
111,Customer_111,Enterprise,2728.0,449.17,2025-04-24 15:00:00
111,Customer_111,Enterprise,2897.0,125.43,2025-05-01 16:00:00
111,Customer_111,Enterprise,3083.0,417.31,2025-05-09 10:00:00
111,Customer_111,Enterprise,3493.0,134.53,2025-05-26 12:00:00
111,Customer_111,Enterprise,3765.0,55.89,2025-06-06 20:00:00
111,Customer_111,Enterprise,4567.0,54.83,2025-07-10 06:00:00
111,Customer_111,Enterprise,4828.0,60.88,2025-07-21 03:00:00
112,Customer_112,B2C,1886.0,53.31,2025-03-20 13:00:00
112,Customer_112,B2C,2116.0,125.48,2025-03-30 03:00:00
112,Customer_112,B2C,3402.0,270.72,2025-05-22 17:00:00
112,Customer_112,B2C,3458.0,207.36,2025-05-25 01:00:00
112,Customer_112,B2C,4314.0,299.31,2025-06-29 17:00:00
112,Customer_112,B2C,4438.0,270.12,2025-07-04 21:00:00
112,Customer_112,B2C,4767.0,164.67,2025-07-18 14:00:00
113,Customer_113,B2B,35.0,123.42,2025-01-02 10:00:00
113,Customer_113,B2B,284.0,482.11,2025-01-12 19:00:00
113,Customer_113,B2B,438.0,316.57,2025-01-19 05:00:00
113,Customer_113,B2B,758.0,481.09,2025-02-01 13:00:00
113,Customer_113,B2B,1803.0,399.83,2025-03-17 02:00:00
113,Customer_113,B2B,1964.0,497.87,2025-03-23 19:00:00
113,Customer_113,B2B,1969.0,402.4,2025-03-24 00:00:00
113,Customer_113,B2B,2551.0,332.4,2025-04-17 06:00:00
113,Customer_113,B2B,2839.0,499.61,2025-04-29 06:00:00
113,Customer_113,B2B,3593.0,21.06,2025-05-30 16:00:00
113,Customer_113,B2B,4277.0,341.88,2025-06-28 04:00:00
113,Customer_113,B2B,4726.0,230.08,2025-07-16 21:00:00
114,Customer_114,Enterprise,285.0,62.94,2025-01-12 20:00:00
114,Customer_114,Enterprise,698.0,438.99,2025-01-30 01:00:00
114,Customer_114,Enterprise,1177.0,423.56,2025-02-19 00:00:00
114,Customer_114,Enterprise,1489.0,167.29,2025-03-04 00:00:00
114,Customer_114,Enterprise,2814.0,178.85,2025-04-28 05:00:00
114,Customer_114,Enterprise,3355.0,220.79,2025-05-20 18:00:00
114,Customer_114,Enterprise,4236.0,98.81,2025-06-26 11:00:00
115,Customer_115,B2B,373.0,287.27,2025-01-16 12:00:00
115,Customer_115,B2B,704.0,348.26,2025-01-30 07:00:00
115,Customer_115,B2B,2319.0,434.74,2025-04-07 14:00:00
115,Customer_115,B2B,3939.0,76.82,2025-06-14 02:00:00
115,Customer_115,B2B,4655.0,431.92,2025-07-13 22:00:00
116,Customer_116,B2C,935.0,317.56,2025-02-08 22:00:00
116,Customer_116,B2C,1438.0,488.95,2025-03-01 21:00:00
116,Customer_116,B2C,2802.0,47.01,2025-04-27 17:00:00
116,Customer_116,B2C,3350.0,183.95,2025-05-20 13:00:00
116,Customer_116,B2C,4048.0,26.07,2025-06-18 15:00:00
117,Customer_117,B2B,217.0,367.1,2025-01-10 00:00:00
117,Customer_117,B2B,889.0,131.01,2025-02-07 00:00:00
117,Customer_117,B2B,1028.0,373.4,2025-02-12 19:00:00
117,Customer_117,B2B,1271.0,172.76,2025-02-22 22:00:00
117,Customer_117,B2B,1554.0,353.77,2025-03-06 17:00:00
117,Customer_117,B2B,1956.0,136.57,2025-03-23 11:00:00
117,Customer_117,B2B,2751.0,179.36,2025-04-25 14:00:00
118,Customer_118,Enterprise,15.0,160.54,2025-01-01 14:00:00
118,Customer_118,Enterprise,30.0,124.57,2025-01-02 05:00:00
118,Customer_118,Enterprise,143.0,385.03,2025-01-06 22:00:00
118,Customer_118,Enterprise,1327.0,400.92,2025-02-25 06:00:00
118,Customer_118,Enterprise,1974.0,104.23,2025-03-24 05:00:00
118,Customer_118,Enterprise,2566.0,250.75,2025-04-17 21:00:00
118,Customer_118,Enterprise,2624.0,141.61,2025-04-20 07:00:00
118,Customer_118,Enterprise,3066.0,158.57,2025-05-08 17:00:00
118,Customer_118,Enterprise,3605.0,183.87,2025-05-31 04:00:00
118,Customer_118,Enterprise,3952.0,25.68,2025-06-14 15:00:00
118,Customer_118,Enterprise,4321.0,357.98,2025-06-30 00:00:00
119,Customer_119,Enterprise,352.0,477.74,2025-01-15 15:00:00
119,Customer_119,Enterprise,1124.0,336.68,2025-02-16 19:00:00
119,Customer_119,Enterprise,1173.0,418.74,2025-02-18 20:00:00
119,Customer_119,Enterprise,1768.0,456.77,2025-03-15 15:00:00
119,Customer_119,Enterprise,1928.0,370.66,2025-03-22 07:00:00
119,Customer_119,Enterprise,3096.0,434.17,2025-05-09 23:00:00
119,Customer_119,Enterprise,4666.0,240.46,2025-07-14 09:00:00
120,Customer_120,B2C,324.0,232.55,2025-01-14 11:00:00
120,Customer_120,B2C,663.0,393.13,2025-01-28 14:00:00
120,Customer_120,B2C,792.0,234.43,2025-02-02 23:00:00
120,Customer_120,B2C,1688.0,446.51,2025-03-12 07:00:00
120,Customer_120,B2C,2364.0,359.67,2025-04-09 11:00:00
120,Customer_120,B2C,4188.0,252.47,2025-06-24 11:00:00
120,Customer_120,B2C,4504.0,15.65,2025-07-07 15:00:00
121,Customer_121,B2B,1102.0,223.34,2025-02-15 21:00:00
121,Customer_121,B2B,3849.0,60.44,2025-06-10 08:00:00
122,Customer_122,Enterprise,942.0,406.05,2025-02-09 05:00:00
122,Customer_122,Enterprise,984.0,160.76,2025-02-10 23:00:00
122,Customer_122,Enterprise,1804.0,79.28,2025-03-17 03:00:00
122,Customer_122,Enterprise,2679.0,461.17,2025-04-22 14:00:00
122,Customer_122,Enterprise,3220.0,71.88,2025-05-15 03:00:00
122,Customer_122,Enterprise,4070.0,420.92,2025-06-19 13:00:00
123,Customer_123,B2C,2880.0,268.14,2025-04-30 23:00:00
123,Customer_123,B2C,3820.0,48.56,2025-06-09 03:00:00
124,Customer_124,Enterprise,686.0,449.53,2025-01-29 13:00:00
124,Customer_124,Enterprise,1272.0,353.4,2025-02-22 23:00:00
124,Customer_124,Enterprise,1614.0,399.56,2025-03-09 05:00:00
124,Customer_124,Enterprise,1794.0,473.4,2025-03-16 17:00:00
124,Customer_124,Enterprise,1986.0,315.25,2025-03-24 17:00:00
124,Customer_124,Enterprise,2296.0,403.55,2025-04-06 15:00:00
124,Customer_124,Enterprise,2683.0,189.35,2025-04-22 18:00:00
124,Customer_124,Enterprise,3155.0,256.81,2025-05-12 10:00:00
124,Customer_124,Enterprise,3592.0,497.79,2025-05-30 15:00:00
124,Customer_124,Enterprise,4081.0,362.93,2025-06-20 00:00:00
125,Customer_125,Enterprise,2675.0,377.01,2025-04-22 10:00:00
125,Customer_125,Enterprise,2680.0,294.98,2025-04-22 15:00:00
125,Customer_125,Enterprise,3275.0,408.24,2025-05-17 10:00:00
125,Customer_125,Enterprise,4248.0,345.91,2025-06-26 23:00:00
126,Customer_126,B2B,1140.0,180.03,2025-02-17 11:00:00
126,Customer_126,B2B,2646.0,184.54,2025-04-21 05:00:00
126,Customer_126,B2B,2822.0,65.49,2025-04-28 13:00:00
126,Customer_126,B2B,3595.0,308.64,2025-05-30 18:00:00
127,Customer_127,Enterprise,187.0,483.0,2025-01-08 18:00:00
127,Customer_127,Enterprise,975.0,199.54,2025-02-10 14:00:00
127,Customer_127,Enterprise,2388.0,190.0,2025-04-10 11:00:00
127,Customer_127,Enterprise,2512.0,471.23,2025-04-15 15:00:00
127,Customer_127,Enterprise,2592.0,393.6,2025-04-18 23:00:00
127,Customer_127,Enterprise,2857.0,371.03,2025-04-30 00:00:00
127,Customer_127,Enterprise,3744.0,255.18,2025-06-05 23:00:00
127,Customer_127,Enterprise,3950.0,14.14,2025-06-14 13:00:00
127,Customer_127,Enterprise,4537.0,324.99,2025-07-09 00:00:00
128,Customer_128,B2B,370.0,403.48,2025-01-16 09:00:00
128,Customer_128,B2B,395.0,485.76,2025-01-17 10:00:00
128,Customer_128,B2B,1563.0,228.7,2025-03-07 02:00:00
128,Customer_128,B2B,1863.0,302.06,2025-03-19 14:00:00
128,Customer_128,B2B,2855.0,220.62,2025-04-29 22:00:00
128,Customer_128,B2B,3543.0,457.77,2025-05-28 14:00:00
128,Customer_128,B2B,3628.0,133.77,2025-06-01 03:00:00
128,Customer_128,B2B,4435.0,106.68,2025-07-04 18:00:00
129,Customer_129,Enterprise,1162.0,62.02,2025-02-18 09:00:00
129,Customer_129,Enterprise,1691.0,47.71,2025-03-12 10:00:00
129,Customer_129,Enterprise,1871.0,139.93,2025-03-19 22:00:00
129,Customer_129,Enterprise,2204.0,499.74,2025-04-02 19:00:00
129,Customer_129,Enterprise,2218.0,467.26,2025-04-03 09:00:00
129,Customer_129,Enterprise,3332.0,458.03,2025-05-19 19:00:00
129,Customer_129,Enterprise,3846.0,316.1,2025-06-10 05:00:00
129,Customer_129,Enterprise,3864.0,16.38,2025-06-10 23:00:00
129,Customer_129,Enterprise,4159.0,191.17,2025-06-23 06:00:00
129,Customer_129,Enterprise,4745.0,281.54,2025-07-17 16:00:00
130,Customer_130,B2C,156.0,291.93,2025-01-07 11:00:00
130,Customer_130,B2C,424.0,414.91,2025-01-18 15:00:00
130,Customer_130,B2C,827.0,103.04,2025-02-04 10:00:00
130,Customer_130,B2C,1069.0,368.31,2025-02-14 12:00:00
130,Customer_130,B2C,1429.0,230.47,2025-03-01 12:00:00
130,Customer_130,B2C,1533.0,114.64,2025-03-05 20:00:00
130,Customer_130,B2C,1575.0,242.47,2025-03-07 14:00:00
130,Customer_130,B2C,1692.0,338.67,2025-03-12 11:00:00
131,Customer_131,Enterprise,478.0,47.82,2025-01-20 21:00:00
131,Customer_131,Enterprise,548.0,87.78,2025-01-23 19:00:00
131,Customer_131,Enterprise,2080.0,83.2,2025-03-28 15:00:00
131,Customer_131,Enterprise,2234.0,40.82,2025-04-04 01:00:00
131,Customer_131,Enterprise,2260.0,166.22,2025-04-05 03:00:00
132,Customer_132,B2B,92.0,202.04,2025-01-04 19:00:00
132,Customer_132,B2B,1910.0,272.05,2025-03-21 13:00:00
132,Customer_132,B2B,1913.0,409.87,2025-03-21 16:00:00
132,Customer_132,B2B,2439.0,473.06,2025-04-12 14:00:00
132,Customer_132,B2B,3391.0,483.76,2025-05-22 06:00:00
132,Customer_132,B2B,4495.0,75.42,2025-07-07 06:00:00
132,Customer_132,B2B,4740.0,441.41,2025-07-17 11:00:00
133,Customer_133,B2B,186.0,335.27,2025-01-08 17:00:00
133,Customer_133,B2B,734.0,426.06,2025-01-31 13:00:00
133,Customer_133,B2B,1094.0,321.31,2025-02-15 13:00:00
133,Customer_133,B2B,1255.0,228.45,2025-02-22 06:00:00
134,Customer_134,B2C,169.0,426.23,2025-01-08 00:00:00
134,Customer_134,B2C,1524.0,477.12,2025-03-05 11:00:00
134,Customer_134,B2C,3114.0,297.52,2025-05-10 17:00:00
134,Customer_134,B2C,3687.0,102.07,2025-06-03 14:00:00
135,Customer_135,Enterprise,3842.0,52.98,2025-06-10 01:00:00
136,Customer_136,Enterprise,1866.0,455.69,2025-03-19 17:00:00
136,Customer_136,Enterprise,2484.0,437.95,2025-04-14 11:00:00
136,Customer_136,Enterprise,4088.0,136.11,2025-06-20 07:00:00
137,Customer_137,B2C,72.0,113.45,2025-01-03 23:00:00
137,Customer_137,B2C,213.0,334.3,2025-01-09 20:00:00
137,Customer_137,B2C,529.0,173.75,2025-01-23 00:00:00
137,Customer_137,B2C,1988.0,391.21,2025-03-24 19:00:00
137,Customer_137,B2C,2980.0,216.67,2025-05-05 03:00:00
137,Customer_137,B2C,3300.0,457.0,2025-05-18 11:00:00
137,Customer_137,B2C,3722.0,173.02,2025-06-05 01:00:00
137,Customer_137,B2C,3890.0,20.25,2025-06-12 01:00:00
137,Customer_137,B2C,3959.0,327.14,2025-06-14 22:00:00
137,Customer_137,B2C,4701.0,498.05,2025-07-15 20:00:00
138,Customer_138,Enterprise,1749.0,37.54,2025-03-14 20:00:00
138,Customer_138,Enterprise,1994.0,215.27,2025-03-25 01:00:00
138,Customer_138,Enterprise,3080.0,314.54,2025-05-09 07:00:00
138,Customer_138,Enterprise,4249.0,223.75,2025-06-27 00:00:00
138,Customer_138,Enterprise,4780.0,290.97,2025-07-19 03:00:00
139,Customer_139,Enterprise,43.0,24.04,2025-01-02 18:00:00
139,Customer_139,Enterprise,2720.0,230.4,2025-04-24 07:00:00
139,Customer_139,Enterprise,2729.0,346.0,2025-04-24 16:00:00
139,Customer_139,Enterprise,3263.0,392.24,2025-05-16 22:00:00
139,Customer_139,Enterprise,3835.0,131.13,2025-06-09 18:00:00
139,Customer_139,Enterprise,4028.0,367.15,2025-06-17 19:00:00
139,Customer_139,Enterprise,4631.0,458.15,2025-07-12 22:00:00
139,Customer_139,Enterprise,4653.0,150.56,2025-07-13 20:00:00
140,Customer_140,B2B,36.0,435.52,2025-01-02 11:00:00
140,Customer_140,B2B,610.0,98.58,2025-01-26 09:00:00
140,Customer_140,B2B,2755.0,74.54,2025-04-25 18:00:00
140,Customer_140,B2B,3599.0,395.62,2025-05-30 22:00:00
140,Customer_140,B2B,3866.0,249.72,2025-06-11 01:00:00
140,Customer_140,B2B,4619.0,240.67,2025-07-12 10:00:00
140,Customer_140,B2B,4738.0,109.73,2025-07-17 09:00:00
141,Customer_141,Enterprise,177.0,16.7,2025-01-08 08:00:00
141,Customer_141,Enterprise,262.0,339.53,2025-01-11 21:00:00
141,Customer_141,Enterprise,573.0,288.02,2025-01-24 20:00:00
141,Customer_141,Enterprise,1280.0,148.56,2025-02-23 07:00:00
141,Customer_141,Enterprise,1326.0,295.21,2025-02-25 05:00:00
141,Customer_141,Enterprise,2851.0,65.29,2025-04-29 18:00:00
141,Customer_141,Enterprise,2985.0,138.63,2025-05-05 08:00:00
141,Customer_141,Enterprise,3283.0,264.02,2025-05-17 18:00:00
141,Customer_141,Enterprise,3523.0,75.76,2025-05-27 18:00:00
141,Customer_141,Enterprise,3619.0,208.28,2025-05-31 18:00:00
141,Customer_141,Enterprise,3970.0,206.08,2025-06-15 09:00:00
142,Customer_142,Enterprise,598.0,449.32,2025-01-25 21:00:00
142,Customer_142,Enterprise,2073.0,235.19,2025-03-28 08:00:00
142,Customer_142,Enterprise,2330.0,52.21,2025-04-08 01:00:00
142,Customer_142,Enterprise,2474.0,349.77,2025-04-14 01:00:00
143,Customer_143,B2C,108.0,86.6,2025-01-05 11:00:00
143,Customer_143,B2C,943.0,43.83,2025-02-09 06:00:00
143,Customer_143,B2C,1232.0,108.88,2025-02-21 07:00:00
143,Customer_143,B2C,1507.0,491.84,2025-03-04 18:00:00
143,Customer_143,B2C,2304.0,189.69,2025-04-06 23:00:00
143,Customer_143,B2C,3167.0,330.46,2025-05-12 22:00:00
143,Customer_143,B2C,4596.0,133.58,2025-07-11 11:00:00
143,Customer_143,B2C,4760.0,80.48,2025-07-18 07:00:00
144,Customer_144,B2C,274.0,367.82,2025-01-12 09:00:00
144,Customer_144,B2C,1293.0,169.85,2025-02-23 20:00:00
144,Customer_144,B2C,2120.0,434.63,2025-03-30 07:00:00
144,Customer_144,B2C,4007.0,428.14,2025-06-16 22:00:00
144,Customer_144,B2C,4345.0,410.27,2025-07-01 00:00:00
145,Customer_145,B2B,110.0,186.63,2025-01-05 13:00:00
145,Customer_145,B2B,657.0,211.23,2025-01-28 08:00:00
145,Customer_145,B2B,1071.0,487.95,2025-02-14 14:00:00
145,Customer_145,B2B,1178.0,138.58,2025-02-19 01:00:00
145,Customer_145,B2B,4441.0,408.22,2025-07-05 00:00:00
146,Customer_146,Enterprise,394.0,438.82,2025-01-17 09:00:00
146,Customer_146,Enterprise,602.0,292.79,2025-01-26 01:00:00
146,Customer_146,Enterprise,1353.0,155.95,2025-02-26 08:00:00
146,Customer_146,Enterprise,1967.0,287.27,2025-03-23 22:00:00
146,Customer_146,Enterprise,4883.0,245.59,2025-07-23 10:00:00
147,Customer_147,Enterprise,338.0,231.35,2025-01-15 01:00:00
147,Customer_147,Enterprise,714.0,432.09,2025-01-30 17:00:00
147,Customer_147,Enterprise,985.0,463.77,2025-02-11 00:00:00
147,Customer_147,Enterprise,1186.0,62.25,2025-02-19 09:00:00
147,Customer_147,Enterprise,2769.0,276.31,2025-04-26 08:00:00
147,Customer_147,Enterprise,2805.0,302.07,2025-04-27 20:00:00
147,Customer_147,Enterprise,3401.0,130.54,2025-05-22 16:00:00
147,Customer_147,Enterprise,3951.0,421.21,2025-06-14 14:00:00
147,Customer_147,Enterprise,4662.0,386.53,2025-07-14 05:00:00
148,Customer_148,Enterprise,251.0,96.68,2025-01-11 10:00:00
148,Customer_148,Enterprise,455.0,260.74,2025-01-19 22:00:00
148,Customer_148,Enterprise,1728.0,370.26,2025-03-13 23:00:00
148,Customer_148,Enterprise,2066.0,16.87,2025-03-28 01:00:00
148,Customer_148,Enterprise,2637.0,189.48,2025-04-20 20:00:00
148,Customer_148,Enterprise,3679.0,498.74,2025-06-03 06:00:00
149,Customer_149,B2B,432.0,303.3,2025-01-18 23:00:00
149,Customer_149,B2B,1419.0,455.7,2025-03-01 02:00:00
149,Customer_149,B2B,1473.0,435.31,2025-03-03 08:00:00
149,Customer_149,B2B,1594.0,356.73,2025-03-08 09:00:00
149,Customer_149,B2B,1773.0,344.88,2025-03-15 20:00:00
149,Customer_149,B2B,1813.0,331.35,2025-03-17 12:00:00
149,Customer_149,B2B,3053.0,39.73,2025-05-08 04:00:00
149,Customer_149,B2B,4654.0,141.6,2025-07-13 21:00:00
149,Customer_149,B2B,4751.0,474.11,2025-07-17 22:00:00
150,Customer_150,B2B,4335.0,212.29,2025-06-30 14:00:00
151,Customer_151,B2C,336.0,332.47,2025-01-14 23:00:00
151,Customer_151,B2C,1153.0,247.66,2025-02-18 00:00:00
151,Customer_151,B2C,3576.0,48.39,2025-05-29 23:00:00
151,Customer_151,B2C,3764.0,246.39,2025-06-06 19:00:00
152,Customer_152,B2B,544.0,76.26,2025-01-23 15:00:00
152,Customer_152,B2B,1021.0,177.51,2025-02-12 12:00:00
152,Customer_152,B2B,1340.0,440.1,2025-02-25 19:00:00
152,Customer_152,B2B,4721.0,415.31,2025-07-16 16:00:00
153,Customer_153,Enterprise,402.0,468.61,2025-01-17 17:00:00
153,Customer_153,Enterprise,622.0,263.86,2025-01-26 21:00:00
153,Customer_153,Enterprise,878.0,393.75,2025-02-06 13:00:00
153,Customer_153,Enterprise,2532.0,498.46,2025-04-16 11:00:00
153,Customer_153,Enterprise,3494.0,414.32,2025-05-26 13:00:00
153,Customer_153,Enterprise,3877.0,469.06,2025-06-11 12:00:00
154,Customer_154,Enterprise,464.0,287.35,2025-01-20 07:00:00
154,Customer_154,Enterprise,1252.0,287.05,2025-02-22 03:00:00
154,Customer_154,Enterprise,1343.0,283.27,2025-02-25 22:00:00
154,Customer_154,Enterprise,1917.0,444.43,2025-03-21 20:00:00
154,Customer_154,Enterprise,2138.0,250.25,2025-03-31 01:00:00
154,Customer_154,Enterprise,2342.0,427.25,2025-04-08 13:00:00
154,Customer_154,Enterprise,2962.0,110.88,2025-05-04 09:00:00
154,Customer_154,Enterprise,3269.0,255.95,2025-05-17 04:00:00
154,Customer_154,Enterprise,3358.0,56.33,2025-05-20 21:00:00
154,Customer_154,Enterprise,3386.0,457.73,2025-05-22 01:00:00
154,Customer_154,Enterprise,3670.0,46.35,2025-06-02 21:00:00
154,Customer_154,Enterprise,3706.0,328.8,2025-06-04 09:00:00
155,Customer_155,B2B,1626.0,46.89,2025-03-09 17:00:00
155,Customer_155,B2B,2668.0,34.08,2025-04-22 03:00:00
155,Customer_155,B2B,3318.0,435.71,2025-05-19 05:00:00
155,Customer_155,B2B,4285.0,335.4,2025-06-28 12:00:00
155,Customer_155,B2B,4350.0,351.06,2025-07-01 05:00:00
156,Customer_156,Enterprise,245.0,307.5,2025-01-11 04:00:00
156,Customer_156,Enterprise,1111.0,158.36,2025-02-16 06:00:00
156,Customer_156,Enterprise,1290.0,98.52,2025-02-23 17:00:00
156,Customer_156,Enterprise,1596.0,390.18,2025-03-08 11:00:00
156,Customer_156,Enterprise,2265.0,20.77,2025-04-05 08:00:00
156,Customer_156,Enterprise,2291.0,253.29,2025-04-06 10:00:00
156,Customer_156,Enterprise,2615.0,46.95,2025-04-19 22:00:00
156,Customer_156,Enterprise,3097.0,128.26,2025-05-10 00:00:00
156,Customer_156,Enterprise,3306.0,486.31,2025-05-18 17:00:00
156,Customer_156,Enterprise,4161.0,163.75,2025-06-23 08:00:00
156,Customer_156,Enterprise,4326.0,338.01,2025-06-30 05:00:00
156,Customer_156,Enterprise,4572.0,76.17,2025-07-10 11:00:00
157,Customer_157,Enterprise,131.0,467.87,2025-01-06 10:00:00
157,Customer_157,Enterprise,149.0,340.18,2025-01-07 04:00:00
157,Customer_157,Enterprise,152.0,341.48,2025-01-07 07:00:00
157,Customer_157,Enterprise,824.0,497.22,2025-02-04 07:00:00
157,Customer_157,Enterprise,2973.0,465.7,2025-05-04 20:00:00
157,Customer_157,Enterprise,3149.0,85.87,2025-05-12 04:00:00
158,Customer_158,B2B,366.0,301.66,2025-01-16 05:00:00
158,Customer_158,B2B,1520.0,423.47,2025-03-05 07:00:00
159,Customer_159,B2B,144.0,133.98,2025-01-06 23:00:00
159,Customer_159,B2B,543.0,498.3,2025-01-23 14:00:00
159,Customer_159,B2B,1013.0,481.16,2025-02-12 04:00:00
159,Customer_159,B2B,1206.0,309.08,2025-02-20 05:00:00
159,Customer_159,B2B,1310.0,302.93,2025-02-24 13:00:00
159,Customer_159,B2B,1945.0,361.85,2025-03-23 00:00:00
159,Customer_159,B2B,3202.0,70.02,2025-05-14 09:00:00
160,Customer_160,Enterprise,660.0,326.35,2025-01-28 11:00:00
160,Customer_160,Enterprise,1371.0,148.09,2025-02-27 02:00:00
160,Customer_160,Enterprise,1418.0,289.72,2025-03-01 01:00:00
160,Customer_160,Enterprise,1781.0,154.46,2025-03-16 04:00:00
160,Customer_160,Enterprise,2935.0,19.51,2025-05-03 06:00:00
160,Customer_160,Enterprise,3135.0,250.32,2025-05-11 14:00:00
161,Customer_161,Enterprise,239.0,479.24,2025-01-10 22:00:00
161,Customer_161,Enterprise,559.0,300.95,2025-01-24 06:00:00
161,Customer_161,Enterprise,1130.0,264.46,2025-02-17 01:00:00
161,Customer_161,Enterprise,1198.0,246.19,2025-02-19 21:00:00
161,Customer_161,Enterprise,1479.0,203.29,2025-03-03 14:00:00
161,Customer_161,Enterprise,1975.0,237.33,2025-03-24 06:00:00
161,Customer_161,Enterprise,2088.0,45.72,2025-03-28 23:00:00
161,Customer_161,Enterprise,3243.0,318.32,2025-05-16 02:00:00
161,Customer_161,Enterprise,3778.0,347.87,2025-06-07 09:00:00
161,Customer_161,Enterprise,4175.0,270.83,2025-06-23 22:00:00
162,Customer_162,Enterprise,295.0,322.51,2025-01-13 06:00:00
162,Customer_162,Enterprise,849.0,356.12,2025-02-05 08:00:00
162,Customer_162,Enterprise,1942.0,263.83,2025-03-22 21:00:00
162,Customer_162,Enterprise,2224.0,439.21,2025-04-03 15:00:00
162,Customer_162,Enterprise,2449.0,256.82,2025-04-13 00:00:00
162,Customer_162,Enterprise,2886.0,401.85,2025-05-01 05:00:00
162,Customer_162,Enterprise,3045.0,156.09,2025-05-07 20:00:00
162,Customer_162,Enterprise,3481.0,42.14,2025-05-26 00:00:00
162,Customer_162,Enterprise,4735.0,192.02,2025-07-17 06:00:00
163,Customer_163,B2C,850.0,179.33,2025-02-05 09:00:00
163,Customer_163,B2C,1074.0,327.75,2025-02-14 17:00:00
163,Customer_163,B2C,2039.0,387.17,2025-03-26 22:00:00
163,Customer_163,B2C,2798.0,224.51,2025-04-27 13:00:00
163,Customer_163,B2C,2834.0,52.36,2025-04-29 01:00:00
163,Customer_163,B2C,4728.0,54.66,2025-07-16 23:00:00
163,Customer_163,B2C,4855.0,474.39,2025-07-22 06:00:00
164,Customer_164,B2C,1543.0,43.34,2025-03-06 06:00:00
164,Customer_164,B2C,1656.0,72.89,2025-03-10 23:00:00
164,Customer_164,B2C,2182.0,364.11,2025-04-01 21:00:00
164,Customer_164,B2C,2747.0,172.68,2025-04-25 10:00:00
164,Customer_164,B2C,3416.0,124.69,2025-05-23 07:00:00
164,Customer_164,B2C,3723.0,224.77,2025-06-05 02:00:00
164,Customer_164,B2C,3790.0,421.98,2025-06-07 21:00:00
165,Customer_165,B2C,86.0,141.41,2025-01-04 13:00:00
165,Customer_165,B2C,328.0,69.02,2025-01-14 15:00:00
165,Customer_165,B2C,1106.0,268.52,2025-02-16 01:00:00
165,Customer_165,B2C,2075.0,45.38,2025-03-28 10:00:00
165,Customer_165,B2C,2702.0,209.12,2025-04-23 13:00:00
165,Customer_165,B2C,2741.0,290.42,2025-04-25 04:00:00
166,Customer_166,B2B,905.0,276.83,2025-02-07 16:00:00
166,Customer_166,B2B,939.0,459.65,2025-02-09 02:00:00
166,Customer_166,B2B,3039.0,354.29,2025-05-07 14:00:00
166,Customer_166,B2B,3668.0,368.03,2025-06-02 19:00:00
166,Customer_166,B2B,3734.0,408.04,2025-06-05 13:00:00
166,Customer_166,B2B,4233.0,60.54,2025-06-26 08:00:00
166,Customer_166,B2B,4324.0,211.76,2025-06-30 03:00:00
166,Customer_166,B2B,4418.0,248.32,2025-07-04 01:00:00
166,Customer_166,B2B,4850.0,93.37,2025-07-22 01:00:00
167,Customer_167,B2C,1351.0,104.41,2025-02-26 06:00:00
167,Customer_167,B2C,1387.0,243.72,2025-02-27 18:00:00
167,Customer_167,B2C,1399.0,79.98,2025-02-28 06:00:00
167,Customer_167,B2C,3513.0,104.79,2025-05-27 08:00:00
168,Customer_168,B2B,53.0,144.87,2025-01-03 04:00:00
168,Customer_168,B2B,412.0,74.77,2025-01-18 03:00:00
168,Customer_168,B2B,716.0,476.67,2025-01-30 19:00:00
168,Customer_168,B2B,2516.0,285.45,2025-04-15 19:00:00
168,Customer_168,B2B,3556.0,253.61,2025-05-29 03:00:00
169,Customer_169,B2B,1765.0,80.68,2025-03-15 12:00:00
169,Customer_169,B2B,3452.0,320.3,2025-05-24 19:00:00
170,Customer_170,B2C,567.0,22.35,2025-01-24 14:00:00
170,Customer_170,B2C,678.0,123.79,2025-01-29 05:00:00
170,Customer_170,B2C,727.0,342.08,2025-01-31 06:00:00
170,Customer_170,B2C,2682.0,302.23,2025-04-22 17:00:00
170,Customer_170,B2C,3310.0,217.45,2025-05-18 21:00:00
170,Customer_170,B2C,3757.0,377.16,2025-06-06 12:00:00
170,Customer_170,B2C,4278.0,151.9,2025-06-28 05:00:00
171,Customer_171,B2C,549.0,475.14,2025-01-23 20:00:00
171,Customer_171,B2C,3090.0,112.03,2025-05-09 17:00:00
171,Customer_171,B2C,3308.0,63.91,2025-05-18 19:00:00
171,Customer_171,B2C,3996.0,129.95,2025-06-16 11:00:00
171,Customer_171,B2C,4589.0,458.81,2025-07-11 04:00:00
172,Customer_172,B2C,51.0,487.16,2025-01-03 02:00:00
172,Customer_172,B2C,482.0,264.1,2025-01-21 01:00:00
172,Customer_172,B2C,1321.0,489.73,2025-02-25 00:00:00
172,Customer_172,B2C,1431.0,369.25,2025-03-01 14:00:00
172,Customer_172,B2C,1799.0,55.58,2025-03-16 22:00:00
172,Customer_172,B2C,2616.0,132.68,2025-04-19 23:00:00
173,Customer_173,Enterprise,25.0,59.12,2025-01-02 00:00:00
173,Customer_173,Enterprise,1560.0,159.01,2025-03-06 23:00:00
173,Customer_173,Enterprise,1654.0,326.69,2025-03-10 21:00:00
173,Customer_173,Enterprise,1708.0,177.77,2025-03-13 03:00:00
173,Customer_173,Enterprise,2352.0,464.9,2025-04-08 23:00:00
173,Customer_173,Enterprise,3043.0,477.31,2025-05-07 18:00:00
173,Customer_173,Enterprise,3322.0,453.74,2025-05-19 09:00:00
174,Customer_174,B2C,2425.0,214.68,2025-04-12 00:00:00
174,Customer_174,B2C,2533.0,220.87,2025-04-16 12:00:00
175,Customer_175,Enterprise,281.0,426.48,2025-01-12 16:00:00
175,Customer_175,Enterprise,1170.0,68.41,2025-02-18 17:00:00
175,Customer_175,Enterprise,2999.0,311.52,2025-05-05 22:00:00
175,Customer_175,Enterprise,3109.0,197.91,2025-05-10 12:00:00
175,Customer_175,Enterprise,3534.0,305.96,2025-05-28 05:00:00
175,Customer_175,Enterprise,3960.0,31.94,2025-06-14 23:00:00
175,Customer_175,Enterprise,3966.0,413.1,2025-06-15 05:00:00
176,Customer_176,B2B,690.0,194.57,2025-01-29 17:00:00
176,Customer_176,B2B,2279.0,112.56,2025-04-05 22:00:00
176,Customer_176,B2B,3733.0,45.89,2025-06-05 12:00:00
177,Customer_177,Enterprise,240.0,287.22,2025-01-10 23:00:00
177,Customer_177,Enterprise,2106.0,138.72,2025-03-29 17:00:00
177,Customer_177,Enterprise,2987.0,123.18,2025-05-05 10:00:00
177,Customer_177,Enterprise,3885.0,66.5,2025-06-11 20:00:00
177,Customer_177,Enterprise,4530.0,394.98,2025-07-08 17:00:00
177,Customer_177,Enterprise,4673.0,207.42,2025-07-14 16:00:00
178,Customer_178,B2C,301.0,160.81,2025-01-13 12:00:00
178,Customer_178,B2C,1150.0,15.88,2025-02-17 21:00:00
178,Customer_178,B2C,2089.0,317.15,2025-03-29 00:00:00
178,Customer_178,B2C,2170.0,20.36,2025-04-01 09:00:00
178,Customer_178,B2C,2937.0,317.7,2025-05-03 08:00:00
178,Customer_178,B2C,4143.0,474.84,2025-06-22 14:00:00
179,Customer_179,B2B,120.0,293.13,2025-01-05 23:00:00
179,Customer_179,B2B,232.0,10.02,2025-01-10 15:00:00
179,Customer_179,B2B,2438.0,234.52,2025-04-12 13:00:00
179,Customer_179,B2B,3588.0,170.2,2025-05-30 11:00:00
179,Customer_179,B2B,4357.0,259.77,2025-07-01 12:00:00
180,Customer_180,B2B,236.0,16.32,2025-01-10 19:00:00
180,Customer_180,B2B,1497.0,183.2,2025-03-04 08:00:00
180,Customer_180,B2B,4598.0,462.42,2025-07-11 13:00:00
180,Customer_180,B2B,4782.0,415.91,2025-07-19 05:00:00
181,Customer_181,B2B,3423.0,349.99,2025-05-23 14:00:00
181,Customer_181,B2B,3429.0,356.25,2025-05-23 20:00:00
181,Customer_181,B2B,4351.0,177.81,2025-07-01 06:00:00
181,Customer_181,B2B,4448.0,397.03,2025-07-05 07:00:00
182,Customer_182,Enterprise,206.0,341.42,2025-01-09 13:00:00
182,Customer_182,Enterprise,233.0,358.95,2025-01-10 16:00:00
182,Customer_182,Enterprise,329.0,296.43,2025-01-14 16:00:00
182,Customer_182,Enterprise,2024.0,440.9,2025-03-26 07:00:00
182,Customer_182,Enterprise,2044.0,388.2,2025-03-27 03:00:00
182,Customer_182,Enterprise,3087.0,271.44,2025-05-09 14:00:00
182,Customer_182,Enterprise,4205.0,148.82,2025-06-25 04:00:00
182,Customer_182,Enterprise,4297.0,285.79,2025-06-29 00:00:00
183,Customer_183,B2C,550.0,441.0,2025-01-23 21:00:00
183,Customer_183,B2C,1634.0,309.08,2025-03-10 01:00:00
183,Customer_183,B2C,1664.0,353.73,2025-03-11 07:00:00
183,Customer_183,B2C,1791.0,92.69,2025-03-16 14:00:00
183,Customer_183,B2C,1963.0,185.78,2025-03-23 18:00:00
183,Customer_183,B2C,1965.0,245.29,2025-03-23 20:00:00
183,Customer_183,B2C,2503.0,38.54,2025-04-15 06:00:00
183,Customer_183,B2C,2924.0,51.85,2025-05-02 19:00:00
183,Customer_183,B2C,3536.0,499.46,2025-05-28 07:00:00
183,Customer_183,B2C,4743.0,27.45,2025-07-17 14:00:00
184,Customer_184,B2B,1147.0,242.64,2025-02-17 18:00:00
184,Customer_184,B2B,2763.0,433.56,2025-04-26 02:00:00
184,Customer_184,B2B,2896.0,74.13,2025-05-01 15:00:00
184,Customer_184,B2B,4327.0,115.91,2025-06-30 06:00:00
184,Customer_184,B2B,4449.0,312.99,2025-07-05 08:00:00
184,Customer_184,B2B,4663.0,443.66,2025-07-14 06:00:00
184,Customer_184,B2B,4703.0,256.25,2025-07-15 22:00:00
185,Customer_185,B2B,1144.0,170.66,2025-02-17 15:00:00
185,Customer_185,B2B,3461.0,221.18,2025-05-25 04:00:00
185,Customer_185,B2B,3837.0,138.4,2025-06-09 20:00:00
185,Customer_185,B2B,4044.0,239.55,2025-06-18 11:00:00
185,Customer_185,B2B,4521.0,142.33,2025-07-08 08:00:00
186,Customer_186,B2B,1038.0,321.02,2025-02-13 05:00:00
186,Customer_186,B2B,1868.0,411.64,2025-03-19 19:00:00
186,Customer_186,B2B,4687.0,346.86,2025-07-15 06:00:00
187,Customer_187,Enterprise,439.0,290.09,2025-01-19 06:00:00
187,Customer_187,Enterprise,611.0,141.71,2025-01-26 10:00:00
187,Customer_187,Enterprise,3293.0,140.93,2025-05-18 04:00:00
187,Customer_187,Enterprise,3815.0,52.91,2025-06-08 22:00:00
187,Customer_187,Enterprise,4484.0,273.81,2025-07-06 19:00:00
187,Customer_187,Enterprise,4500.0,83.43,2025-07-07 11:00:00
188,Customer_188,Enterprise,546.0,204.04,2025-01-23 17:00:00
188,Customer_188,Enterprise,1924.0,18.17,2025-03-22 03:00:00
188,Customer_188,Enterprise,1946.0,226.92,2025-03-23 01:00:00
188,Customer_188,Enterprise,2027.0,175.87,2025-03-26 10:00:00
188,Customer_188,Enterprise,2610.0,422.39,2025-04-19 17:00:00
188,Customer_188,Enterprise,2854.0,90.72,2025-04-29 21:00:00
188,Customer_188,Enterprise,2874.0,165.29,2025-04-30 17:00:00
188,Customer_188,Enterprise,2891.0,389.26,2025-05-01 10:00:00
188,Customer_188,Enterprise,3094.0,103.85,2025-05-09 21:00:00
188,Customer_188,Enterprise,3821.0,305.84,2025-06-09 04:00:00
188,Customer_188,Enterprise,4491.0,229.76,2025-07-07 02:00:00
189,Customer_189,B2C,3415.0,182.63,2025-05-23 06:00:00
189,Customer_189,B2C,4284.0,194.85,2025-06-28 11:00:00
190,Customer_190,Enterprise,1597.0,405.9,2025-03-08 12:00:00
190,Customer_190,Enterprise,1769.0,81.84,2025-03-15 16:00:00
190,Customer_190,Enterprise,2268.0,155.63,2025-04-05 11:00:00
190,Customer_190,Enterprise,2483.0,109.72,2025-04-14 10:00:00
190,Customer_190,Enterprise,4429.0,239.25,2025-07-04 12:00:00
190,Customer_190,Enterprise,4624.0,332.99,2025-07-12 15:00:00
191,Customer_191,B2B,729.0,437.79,2025-01-31 08:00:00
191,Customer_191,B2B,2300.0,84.19,2025-04-06 19:00:00
191,Customer_191,B2B,2305.0,61.84,2025-04-07 00:00:00
191,Customer_191,B2B,3498.0,99.09,2025-05-26 17:00:00
191,Customer_191,B2B,4270.0,188.76,2025-06-27 21:00:00
191,Customer_191,B2B,4502.0,134.28,2025-07-07 13:00:00
191,Customer_191,B2B,4831.0,308.76,2025-07-21 06:00:00
192,Customer_192,B2C,785.0,213.42,2025-02-02 16:00:00
192,Customer_192,B2C,1686.0,302.86,2025-03-12 05:00:00
192,Customer_192,B2C,3537.0,307.8,2025-05-28 08:00:00
192,Customer_192,B2C,4400.0,252.54,2025-07-03 07:00:00
192,Customer_192,B2C,4431.0,416.72,2025-07-04 14:00:00
192,Customer_192,B2C,4647.0,460.33,2025-07-13 14:00:00
192,Customer_192,B2C,4777.0,481.81,2025-07-19 00:00:00
192,Customer_192,B2C,4787.0,374.58,2025-07-19 10:00:00
193,Customer_193,B2B,1171.0,27.87,2025-02-18 18:00:00
193,Customer_193,B2B,2635.0,382.89,2025-04-20 18:00:00
193,Customer_193,B2B,3366.0,256.99,2025-05-21 05:00:00
193,Customer_193,B2B,3558.0,16.26,2025-05-29 05:00:00
193,Customer_193,B2B,3992.0,212.33,2025-06-16 07:00:00
193,Customer_193,B2B,4301.0,436.93,2025-06-29 04:00:00
194,Customer_194,B2B,20.0,214.89,2025-01-01 19:00:00
194,Customer_194,B2B,282.0,106.16,2025-01-12 17:00:00
194,Customer_194,B2B,938.0,469.65,2025-02-09 01:00:00
194,Customer_194,B2B,2448.0,90.49,2025-04-12 23:00:00
194,Customer_194,B2B,2825.0,243.78,2025-04-28 16:00:00
194,Customer_194,B2B,2861.0,183.96,2025-04-30 04:00:00
194,Customer_194,B2B,3504.0,213.73,2025-05-26 23:00:00
194,Customer_194,B2B,4037.0,337.98,2025-06-18 04:00:00
195,Customer_195,Enterprise,675.0,219.46,2025-01-29 02:00:00
195,Customer_195,Enterprise,2614.0,14.46,2025-04-19 21:00:00
195,Customer_195,Enterprise,3147.0,26.81,2025-05-12 02:00:00
195,Customer_195,Enterprise,3964.0,445.03,2025-06-15 03:00:00
195,Customer_195,Enterprise,4155.0,418.3,2025-06-23 02:00:00
195,Customer_195,Enterprise,4723.0,144.97,2025-07-16 18:00:00
196,Customer_196,B2C,138.0,29.67,2025-01-06 17:00:00
196,Customer_196,B2C,780.0,491.54,2025-02-02 11:00:00
196,Customer_196,B2C,1501.0,104.21,2025-03-04 12:00:00
196,Customer_196,B2C,2057.0,34.43,2025-03-27 16:00:00
196,Customer_196,B2C,2236.0,25.91,2025-04-04 03:00:00
196,Customer_196,B2C,2632.0,265.7,2025-04-20 15:00:00
196,Customer_196,B2C,3865.0,472.93,2025-06-11 00:00:00
197,Customer_197,Enterprise,3613.0,120.05,2025-05-31 12:00:00
197,Customer_197,Enterprise,4796.0,424.16,2025-07-19 19:00:00
198,Customer_198,Enterprise,116.0,494.33,2025-01-05 19:00:00
198,Customer_198,Enterprise,1126.0,305.21,2025-02-16 21:00:00
198,Customer_198,Enterprise,1977.0,458.27,2025-03-24 08:00:00
198,Customer_198,Enterprise,2110.0,59.57,2025-03-29 21:00:00
198,Customer_198,Enterprise,2988.0,402.94,2025-05-05 11:00:00
198,Customer_198,Enterprise,3509.0,335.23,2025-05-27 04:00:00
199,Customer_199,B2C,870.0,171.78,2025-02-06 05:00:00
199,Customer_199,B2C,2069.0,336.31,2025-03-28 04:00:00
199,Customer_199,B2C,3176.0,300.32,2025-05-13 07:00:00
199,Customer_199,B2C,3383.0,144.61,2025-05-21 22:00:00
199,Customer_199,B2C,4021.0,188.12,2025-06-17 12:00:00
200,Customer_200,B2B,506.0,202.64,2025-01-22 01:00:00
200,Customer_200,B2B,1706.0,423.43,2025-03-13 01:00:00
200,Customer_200,B2B,1716.0,37.93,2025-03-13 11:00:00
201,Customer_201,B2B,381.0,49.5,2025-01-16 20:00:00
201,Customer_201,B2B,463.0,291.19,2025-01-20 06:00:00
201,Customer_201,B2B,2294.0,181.85,2025-04-06 13:00:00
201,Customer_201,B2B,2409.0,238.67,2025-04-11 08:00:00
201,Customer_201,B2B,2689.0,468.92,2025-04-23 00:00:00
201,Customer_201,B2B,2856.0,150.76,2025-04-29 23:00:00
201,Customer_201,B2B,4089.0,349.82,2025-06-20 08:00:00
201,Customer_201,B2B,4471.0,306.95,2025-07-06 06:00:00
201,Customer_201,B2B,4597.0,478.4,2025-07-11 12:00:00
202,Customer_202,B2C,214.0,320.52,2025-01-09 21:00:00
202,Customer_202,B2C,1352.0,73.24,2025-02-26 07:00:00
202,Customer_202,B2C,1921.0,214.52,2025-03-22 00:00:00
202,Customer_202,B2C,2561.0,300.32,2025-04-17 16:00:00
202,Customer_202,B2C,2640.0,478.04,2025-04-20 23:00:00
202,Customer_202,B2C,3478.0,448.57,2025-05-25 21:00:00
202,Customer_202,B2C,3642.0,335.26,2025-06-01 17:00:00
203,Customer_203,B2B,1824.0,495.9,2025-03-17 23:00:00
203,Customer_203,B2B,2065.0,80.1,2025-03-28 00:00:00
203,Customer_203,B2B,2375.0,435.37,2025-04-09 22:00:00
203,Customer_203,B2B,3775.0,468.64,2025-06-07 06:00:00
203,Customer_203,B2B,4785.0,138.69,2025-07-19 08:00:00
204,Customer_204,B2C,1105.0,465.78,2025-02-16 00:00:00
204,Customer_204,B2C,2654.0,441.82,2025-04-21 13:00:00
204,Customer_204,B2C,2824.0,432.3,2025-04-28 15:00:00
204,Customer_204,B2C,3657.0,294.59,2025-06-02 08:00:00
204,Customer_204,B2C,4174.0,488.28,2025-06-23 21:00:00
205,Customer_205,B2C,2047.0,454.8,2025-03-27 06:00:00
205,Customer_205,B2C,2945.0,270.86,2025-05-03 16:00:00
205,Customer_205,B2C,3153.0,315.35,2025-05-12 08:00:00
205,Customer_205,B2C,3838.0,442.04,2025-06-09 21:00:00
205,Customer_205,B2C,3974.0,226.35,2025-06-15 13:00:00
206,Customer_206,Enterprise,880.0,321.1,2025-02-06 15:00:00
206,Customer_206,Enterprise,1132.0,404.54,2025-02-17 03:00:00
206,Customer_206,Enterprise,1535.0,354.98,2025-03-05 22:00:00
206,Customer_206,Enterprise,3460.0,53.72,2025-05-25 03:00:00
206,Customer_206,Enterprise,3582.0,418.12,2025-05-30 05:00:00
206,Customer_206,Enterprise,3945.0,165.02,2025-06-14 08:00:00
206,Customer_206,Enterprise,4063.0,347.26,2025-06-19 06:00:00
206,Customer_206,Enterprise,4523.0,330.47,2025-07-08 10:00:00
207,Customer_207,B2C,1009.0,374.51,2025-02-12 00:00:00
207,Customer_207,B2C,2317.0,325.66,2025-04-07 12:00:00
207,Customer_207,B2C,3845.0,333.12,2025-06-10 04:00:00
207,Customer_207,B2C,4001.0,327.44,2025-06-16 16:00:00
207,Customer_207,B2C,4138.0,124.9,2025-06-22 09:00:00
207,Customer_207,B2C,4168.0,367.54,2025-06-23 15:00:00
207,Customer_207,B2C,4240.0,393.81,2025-06-26 15:00:00
207,Customer_207,B2C,4318.0,398.42,2025-06-29 21:00:00
207,Customer_207,B2C,4365.0,298.02,2025-07-01 20:00:00
208,Customer_208,Enterprise,857.0,10.29,2025-02-05 16:00:00
208,Customer_208,Enterprise,969.0,22.42,2025-02-10 08:00:00
208,Customer_208,Enterprise,1448.0,191.78,2025-03-02 07:00:00
208,Customer_208,Enterprise,3663.0,10.63,2025-06-02 14:00:00
208,Customer_208,Enterprise,4246.0,187.96,2025-06-26 21:00:00
208,Customer_208,Enterprise,4841.0,19.61,2025-07-21 16:00:00
209,Customer_209,B2B,374.0,454.93,2025-01-16 13:00:00
209,Customer_209,B2B,1434.0,273.73,2025-03-01 17:00:00
209,Customer_209,B2B,1896.0,37.75,2025-03-20 23:00:00
209,Customer_209,B2B,2967.0,111.37,2025-05-04 14:00:00
209,Customer_209,B2B,4837.0,122.94,2025-07-21 12:00:00
210,Customer_210,B2B,179.0,136.71,2025-01-08 10:00:00
210,Customer_210,B2B,225.0,460.01,2025-01-10 08:00:00
210,Customer_210,B2B,793.0,135.76,2025-02-03 00:00:00
210,Customer_210,B2B,2190.0,472.45,2025-04-02 05:00:00
210,Customer_210,B2B,2318.0,328.85,2025-04-07 13:00:00
210,Customer_210,B2B,2564.0,14.92,2025-04-17 19:00:00
210,Customer_210,B2B,3031.0,378.84,2025-05-07 06:00:00
210,Customer_210,B2B,3229.0,227.09,2025-05-15 12:00:00
210,Customer_210,B2B,3589.0,307.28,2025-05-30 12:00:00
210,Customer_210,B2B,4693.0,496.65,2025-07-15 12:00:00
211,Customer_211,B2B,1736.0,73.63,2025-03-14 07:00:00
211,Customer_211,B2B,1907.0,322.28,2025-03-21 10:00:00
211,Customer_211,B2B,1949.0,408.44,2025-03-23 04:00:00
211,Customer_211,B2B,2250.0,79.67,2025-04-04 17:00:00
211,Customer_211,B2B,4100.0,448.1,2025-06-20 19:00:00
211,Customer_211,B2B,4264.0,497.94,2025-06-27 15:00:00
211,Customer_211,B2B,4475.0,396.2,2025-07-06 10:00:00
211,Customer_211,B2B,4720.0,306.09,2025-07-16 15:00:00
212,Customer_212,B2B,3443.0,274.9,2025-05-24 10:00:00
212,Customer_212,B2B,3758.0,482.7,2025-06-06 13:00:00
212,Customer_212,B2B,4358.0,217.0,2025-07-01 13:00:00
213,Customer_213,Enterprise,1648.0,365.41,2025-03-10 15:00:00
213,Customer_213,Enterprise,1651.0,488.04,2025-03-10 18:00:00
213,Customer_213,Enterprise,1836.0,197.59,2025-03-18 11:00:00
213,Customer_213,Enterprise,2145.0,126.79,2025-03-31 08:00:00
213,Customer_213,Enterprise,2589.0,428.71,2025-04-18 20:00:00
213,Customer_213,Enterprise,3471.0,328.43,2025-05-25 14:00:00
213,Customer_213,Enterprise,3889.0,135.91,2025-06-12 00:00:00
214,Customer_214,B2B,914.0,86.33,2025-02-08 01:00:00
214,Customer_214,B2B,2141.0,207.72,2025-03-31 04:00:00
214,Customer_214,B2B,2456.0,29.31,2025-04-13 07:00:00
214,Customer_214,B2B,2736.0,214.8,2025-04-24 23:00:00
214,Customer_214,B2B,3143.0,341.78,2025-05-11 22:00:00
214,Customer_214,B2B,3840.0,106.26,2025-06-09 23:00:00
215,Customer_215,B2C,263.0,344.27,2025-01-11 22:00:00
215,Customer_215,B2C,2902.0,264.96,2025-05-01 21:00:00
215,Customer_215,B2C,3624.0,494.72,2025-05-31 23:00:00
215,Customer_215,B2C,3626.0,32.88,2025-06-01 01:00:00
215,Customer_215,B2C,4352.0,62.9,2025-07-01 07:00:00
216,Customer_216,B2C,146.0,60.39,2025-01-07 01:00:00
216,Customer_216,B2C,497.0,213.57,2025-01-21 16:00:00
216,Customer_216,B2C,658.0,112.75,2025-01-28 09:00:00
216,Customer_216,B2C,713.0,403.17,2025-01-30 16:00:00
216,Customer_216,B2C,1138.0,145.61,2025-02-17 09:00:00
216,Customer_216,B2C,1521.0,235.56,2025-03-05 08:00:00
216,Customer_216,B2C,2781.0,289.89,2025-04-26 20:00:00
216,Customer_216,B2C,3197.0,404.14,2025-05-14 04:00:00
217,Customer_217,B2C,472.0,275.22,2025-01-20 15:00:00
217,Customer_217,B2C,1141.0,467.11,2025-02-17 12:00:00
217,Customer_217,B2C,1766.0,381.9,2025-03-15 13:00:00
217,Customer_217,B2C,4191.0,254.81,2025-06-24 14:00:00
217,Customer_217,B2C,4874.0,361.15,2025-07-23 01:00:00
218,Customer_218,Enterprise,176.0,238.02,2025-01-08 07:00:00
218,Customer_218,Enterprise,637.0,334.88,2025-01-27 12:00:00
218,Customer_218,Enterprise,1174.0,67.81,2025-02-18 21:00:00
218,Customer_218,Enterprise,1395.0,259.39,2025-02-28 02:00:00
218,Customer_218,Enterprise,2267.0,396.14,2025-04-05 10:00:00
218,Customer_218,Enterprise,2996.0,94.65,2025-05-05 19:00:00
218,Customer_218,Enterprise,3157.0,291.25,2025-05-12 12:00:00
218,Customer_218,Enterprise,3639.0,269.01,2025-06-01 14:00:00
218,Customer_218,Enterprise,4467.0,488.01,2025-07-06 02:00:00
218,Customer_218,Enterprise,4672.0,14.67,2025-07-14 15:00:00
219,Customer_219,B2B,2323.0,276.62,2025-04-07 18:00:00
219,Customer_219,B2B,3673.0,365.21,2025-06-03 00:00:00
220,Customer_220,B2B,1194.0,353.42,2025-02-19 17:00:00
220,Customer_220,B2B,1330.0,242.8,2025-02-25 09:00:00
220,Customer_220,B2B,1753.0,323.82,2025-03-15 00:00:00
220,Customer_220,B2B,2038.0,190.68,2025-03-26 21:00:00
220,Customer_220,B2B,2040.0,407.36,2025-03-26 23:00:00
220,Customer_220,B2B,2203.0,11.92,2025-04-02 18:00:00
220,Customer_220,B2B,4108.0,121.54,2025-06-21 03:00:00
220,Customer_220,B2B,4505.0,73.87,2025-07-07 16:00:00
221,Customer_221,B2B,1251.0,218.5,2025-02-22 02:00:00
221,Customer_221,B2B,1612.0,75.37,2025-03-09 03:00:00
221,Customer_221,B2B,1931.0,89.63,2025-03-22 10:00:00
221,Customer_221,B2B,3398.0,330.9,2025-05-22 13:00:00
221,Customer_221,B2B,4056.0,85.34,2025-06-18 23:00:00
222,Customer_222,Enterprise,286.0,244.46,2025-01-12 21:00:00
222,Customer_222,Enterprise,777.0,257.71,2025-02-02 08:00:00
222,Customer_222,Enterprise,1806.0,325.28,2025-03-17 05:00:00
222,Customer_222,Enterprise,2378.0,50.8,2025-04-10 01:00:00
222,Customer_222,Enterprise,4157.0,308.67,2025-06-23 04:00:00
222,Customer_222,Enterprise,4323.0,21.97,2025-06-30 02:00:00
223,Customer_223,B2C,7.0,305.73,2025-01-01 06:00:00
223,Customer_223,B2C,535.0,434.55,2025-01-23 06:00:00
223,Customer_223,B2C,762.0,131.91,2025-02-01 17:00:00
223,Customer_223,B2C,953.0,106.38,2025-02-09 16:00:00
223,Customer_223,B2C,1146.0,27.99,2025-02-17 17:00:00
223,Customer_223,B2C,1755.0,479.41,2025-03-15 02:00:00
223,Customer_223,B2C,2593.0,424.3,2025-04-19 00:00:00
223,Customer_223,B2C,3233.0,481.56,2025-05-15 16:00:00
223,Customer_223,B2C,4362.0,488.25,2025-07-01 17:00:00
223,Customer_223,B2C,4416.0,236.6,2025-07-03 23:00:00
224,Customer_224,B2C,701.0,430.04,2025-01-30 04:00:00
224,Customer_224,B2C,754.0,65.17,2025-02-01 09:00:00
224,Customer_224,B2C,773.0,178.6,2025-02-02 04:00:00
224,Customer_224,B2C,1877.0,76.52,2025-03-20 04:00:00
224,Customer_224,B2C,4486.0,112.55,2025-07-06 21:00:00
225,Customer_225,B2B,33.0,487.6,2025-01-02 08:00:00
225,Customer_225,B2B,111.0,338.92,2025-01-05 14:00:00
225,Customer_225,B2B,932.0,196.99,2025-02-08 19:00:00
225,Customer_225,B2B,3138.0,131.01,2025-05-11 17:00:00
226,Customer_226,B2C,358.0,175.66,2025-01-15 21:00:00
226,Customer_226,B2C,621.0,94.2,2025-01-26 20:00:00
226,Customer_226,B2C,636.0,286.65,2025-01-27 11:00:00
226,Customer_226,B2C,685.0,378.13,2025-01-29 12:00:00
226,Customer_226,B2C,1362.0,247.76,2025-02-26 17:00:00
226,Customer_226,B2C,1785.0,458.49,2025-03-16 08:00:00
226,Customer_226,B2C,2259.0,106.87,2025-04-05 02:00:00
226,Customer_226,B2C,3151.0,188.87,2025-05-12 06:00:00
226,Customer_226,B2C,4450.0,65.42,2025-07-05 09:00:00
227,Customer_227,B2C,441.0,39.2,2025-01-19 08:00:00
227,Customer_227,B2C,802.0,36.82,2025-02-03 09:00:00
227,Customer_227,B2C,1675.0,186.43,2025-03-11 18:00:00
227,Customer_227,B2C,1916.0,301.75,2025-03-21 19:00:00
227,Customer_227,B2C,2163.0,194.9,2025-04-01 02:00:00
227,Customer_227,B2C,2241.0,85.85,2025-04-04 08:00:00
227,Customer_227,B2C,2307.0,69.47,2025-04-07 02:00:00
227,Customer_227,B2C,3027.0,76.89,2025-05-07 02:00:00
227,Customer_227,B2C,3062.0,272.94,2025-05-08 13:00:00
227,Customer_227,B2C,4479.0,430.6,2025-07-06 14:00:00
227,Customer_227,B2C,4651.0,202.65,2025-07-13 18:00:00
228,Customer_228,Enterprise,145.0,434.13,2025-01-07 00:00:00
228,Customer_228,Enterprise,1732.0,340.86,2025-03-14 03:00:00
228,Customer_228,Enterprise,2050.0,414.51,2025-03-27 09:00:00
228,Customer_228,Enterprise,2777.0,334.31,2025-04-26 16:00:00
228,Customer_228,Enterprise,3131.0,440.34,2025-05-11 10:00:00
228,Customer_228,Enterprise,4682.0,359.94,2025-07-15 01:00:00
229,Customer_229,Enterprise,5.0,495.26,2025-01-01 04:00:00
229,Customer_229,Enterprise,81.0,290.28,2025-01-04 08:00:00
229,Customer_229,Enterprise,313.0,185.72,2025-01-14 00:00:00
229,Customer_229,Enterprise,480.0,72.2,2025-01-20 23:00:00
229,Customer_229,Enterprise,1075.0,43.54,2025-02-14 18:00:00
229,Customer_229,Enterprise,1864.0,62.65,2025-03-19 15:00:00
229,Customer_229,Enterprise,4488.0,128.34,2025-07-06 23:00:00
229,Customer_229,Enterprise,4570.0,98.8,2025-07-10 09:00:00
230,Customer_230,Enterprise,1421.0,407.23,2025-03-01 04:00:00
230,Customer_230,Enterprise,3095.0,257.09,2025-05-09 22:00:00
230,Customer_230,Enterprise,3676.0,495.21,2025-06-03 03:00:00
230,Customer_230,Enterprise,4201.0,152.09,2025-06-25 00:00:00
231,Customer_231,Enterprise,129.0,426.78,2025-01-06 08:00:00
231,Customer_231,Enterprise,1067.0,366.78,2025-02-14 10:00:00
231,Customer_231,Enterprise,1616.0,61.11,2025-03-09 07:00:00
231,Customer_231,Enterprise,1883.0,143.14,2025-03-20 10:00:00
231,Customer_231,Enterprise,2908.0,114.63,2025-05-02 03:00:00
232,Customer_232,B2B,1699.0,279.78,2025-03-12 18:00:00
232,Customer_232,B2B,1730.0,294.57,2025-03-14 01:00:00
232,Customer_232,B2B,2432.0,263.92,2025-04-12 07:00:00
232,Customer_232,B2B,4032.0,41.0,2025-06-17 23:00:00
232,Customer_232,B2B,4628.0,193.09,2025-07-12 19:00:00
233,Customer_233,Enterprise,759.0,342.79,2025-02-01 14:00:00
233,Customer_233,Enterprise,772.0,185.02,2025-02-02 03:00:00
233,Customer_233,Enterprise,1811.0,412.52,2025-03-17 10:00:00
233,Customer_233,Enterprise,2495.0,107.59,2025-04-14 22:00:00
233,Customer_233,Enterprise,2911.0,466.46,2025-05-02 06:00:00
233,Customer_233,Enterprise,3171.0,54.56,2025-05-13 02:00:00
233,Customer_233,Enterprise,4650.0,144.46,2025-07-13 17:00:00
234,Customer_234,B2C,1891.0,91.6,2025-03-20 18:00:00
234,Customer_234,B2C,2672.0,157.81,2025-04-22 07:00:00
234,Customer_234,B2C,3942.0,107.08,2025-06-14 05:00:00
234,Customer_234,B2C,4359.0,205.06,2025-07-01 14:00:00
235,Customer_235,B2B,384.0,297.45,2025-01-16 23:00:00
235,Customer_235,B2B,1828.0,490.18,2025-03-18 03:00:00
235,Customer_235,B2B,2586.0,405.74,2025-04-18 17:00:00
235,Customer_235,B2B,3002.0,33.75,2025-05-06 01:00:00
235,Customer_235,B2B,3061.0,105.12,2025-05-08 12:00:00
235,Customer_235,B2B,3241.0,367.65,2025-05-16 00:00:00
235,Customer_235,B2B,3934.0,154.92,2025-06-13 21:00:00
235,Customer_235,B2B,4075.0,67.23,2025-06-19 18:00:00
235,Customer_235,B2B,4242.0,72.06,2025-06-26 17:00:00
236,Customer_236,B2C,68.0,230.53,2025-01-03 19:00:00
236,Customer_236,B2C,883.0,455.62,2025-02-06 18:00:00
236,Customer_236,B2C,1822.0,289.05,2025-03-17 21:00:00
236,Customer_236,B2C,3028.0,122.05,2025-05-07 03:00:00
236,Customer_236,B2C,4396.0,156.35,2025-07-03 03:00:00
237,Customer_237,B2C,378.0,84.21,2025-01-16 17:00:00
237,Customer_237,B2C,1043.0,153.04,2025-02-13 10:00:00
237,Customer_237,B2C,1461.0,119.95,2025-03-02 20:00:00
237,Customer_237,B2C,3728.0,108.08,2025-06-05 07:00:00
237,Customer_237,B2C,4130.0,77.94,2025-06-22 01:00:00
237,Customer_237,B2C,4511.0,107.55,2025-07-07 22:00:00
237,Customer_237,B2C,4621.0,297.07,2025-07-12 12:00:00
237,Customer_237,B2C,4789.0,43.22,2025-07-19 12:00:00
237,Customer_237,B2C,4795.0,445.67,2025-07-19 18:00:00
238,Customer_238,B2C,1548.0,430.58,2025-03-06 11:00:00
238,Customer_238,B2C,1819.0,29.11,2025-03-17 18:00:00
238,Customer_238,B2C,2188.0,50.15,2025-04-02 03:00:00
238,Customer_238,B2C,4436.0,165.46,2025-07-04 19:00:00
238,Customer_238,B2C,4585.0,85.15,2025-07-11 00:00:00
239,Customer_239,Enterprise,312.0,282.67,2025-01-13 23:00:00
239,Customer_239,Enterprise,588.0,21.73,2025-01-25 11:00:00
239,Customer_239,Enterprise,1514.0,41.41,2025-03-05 01:00:00
239,Customer_239,Enterprise,3908.0,174.61,2025-06-12 19:00:00
239,Customer_239,Enterprise,3973.0,402.8,2025-06-15 12:00:00
239,Customer_239,Enterprise,4154.0,346.08,2025-06-23 01:00:00
239,Customer_239,Enterprise,4349.0,309.63,2025-07-01 04:00:00
239,Customer_239,Enterprise,4858.0,123.01,2025-07-22 09:00:00
240,Customer_240,Enterprise,2525.0,301.69,2025-04-16 04:00:00
240,Customer_240,Enterprise,3564.0,253.2,2025-05-29 11:00:00
241,Customer_241,B2B,1313.0,353.54,2025-02-24 16:00:00
241,Customer_241,B2B,2961.0,385.94,2025-05-04 08:00:00
242,Customer_242,B2B,782.0,45.95,2025-02-02 13:00:00
242,Customer_242,B2B,930.0,63.25,2025-02-08 17:00:00
242,Customer_242,B2B,1137.0,224.48,2025-02-17 08:00:00
242,Customer_242,B2B,1356.0,121.47,2025-02-26 11:00:00
242,Customer_242,B2B,1649.0,419.83,2025-03-10 16:00:00
242,Customer_242,B2B,1698.0,129.16,2025-03-12 17:00:00
242,Customer_242,B2B,3205.0,210.91,2025-05-14 12:00:00
242,Customer_242,B2B,3857.0,177.11,2025-06-10 16:00:00
242,Customer_242,B2B,4779.0,240.87,2025-07-19 02:00:00
243,Customer_243,Enterprise,2.0,206.1,2025-01-01 01:00:00
243,Customer_243,Enterprise,631.0,467.05,2025-01-27 06:00:00
243,Customer_243,Enterprise,983.0,70.39,2025-02-10 22:00:00
243,Customer_243,Enterprise,2132.0,475.64,2025-03-30 19:00:00
244,Customer_244,B2C,220.0,282.72,2025-01-10 03:00:00
244,Customer_244,B2C,458.0,421.18,2025-01-20 01:00:00
244,Customer_244,B2C,1511.0,307.59,2025-03-04 22:00:00
244,Customer_244,B2C,4669.0,261.41,2025-07-14 12:00:00
245,Customer_245,B2B,582.0,261.72,2025-01-25 05:00:00
245,Customer_245,B2B,2676.0,143.43,2025-04-22 11:00:00
245,Customer_245,B2B,3279.0,466.9,2025-05-17 14:00:00
245,Customer_245,B2B,3528.0,135.45,2025-05-27 23:00:00
245,Customer_245,B2B,3977.0,355.97,2025-06-15 16:00:00
245,Customer_245,B2B,4867.0,252.95,2025-07-22 18:00:00
246,Customer_246,Enterprise,1039.0,101.35,2025-02-13 06:00:00
246,Customer_246,Enterprise,1639.0,144.8,2025-03-10 06:00:00
246,Customer_246,Enterprise,2756.0,430.79,2025-04-25 19:00:00
246,Customer_246,Enterprise,4746.0,283.83,2025-07-17 17:00:00
247,Customer_247,Enterprise,2230.0,473.63,2025-04-03 21:00:00
247,Customer_247,Enterprise,3281.0,190.82,2025-05-17 16:00:00
247,Customer_247,Enterprise,3328.0,432.76,2025-05-19 15:00:00
247,Customer_247,Enterprise,3919.0,197.7,2025-06-13 06:00:00
247,Customer_247,Enterprise,3947.0,104.92,2025-06-14 10:00:00
247,Customer_247,Enterprise,4443.0,124.36,2025-07-05 02:00:00
247,Customer_247,Enterprise,4519.0,323.95,2025-07-08 06:00:00
247,Customer_247,Enterprise,4683.0,432.0,2025-07-15 02:00:00
247,Customer_247,Enterprise,4820.0,299.47,2025-07-20 19:00:00
248,Customer_248,Enterprise,1468.0,483.81,2025-03-03 03:00:00
248,Customer_248,Enterprise,2290.0,35.1,2025-04-06 09:00:00
248,Customer_248,Enterprise,3212.0,235.83,2025-05-14 19:00:00
248,Customer_248,Enterprise,3424.0,249.77,2025-05-23 15:00:00
248,Customer_248,Enterprise,3712.0,305.58,2025-06-04 15:00:00
248,Customer_248,Enterprise,3752.0,285.06,2025-06-06 07:00:00
249,Customer_249,B2C,4886.0,422.26,2025-07-23 13:00:00
250,Customer_250,Enterprise,523.0,120.08,2025-01-22 18:00:00
250,Customer_250,Enterprise,1027.0,315.37,2025-02-12 18:00:00
250,Customer_250,Enterprise,2054.0,426.57,2025-03-27 13:00:00
250,Customer_250,Enterprise,2529.0,41.16,2025-04-16 08:00:00
250,Customer_250,Enterprise,4090.0,29.46,2025-06-20 09:00:00
250,Customer_250,Enterprise,4713.0,27.05,2025-07-16 08:00:00
250,Customer_250,Enterprise,4761.0,14.53,2025-07-18 08:00:00
251,Customer_251,Enterprise,570.0,286.31,2025-01-24 17:00:00
251,Customer_251,Enterprise,689.0,478.58,2025-01-29 16:00:00
251,Customer_251,Enterprise,964.0,98.28,2025-02-10 03:00:00
251,Customer_251,Enterprise,1115.0,91.47,2025-02-16 10:00:00
251,Customer_251,Enterprise,1139.0,283.5,2025-02-17 10:00:00
251,Customer_251,Enterprise,2322.0,56.48,2025-04-07 17:00:00
251,Customer_251,Enterprise,3998.0,69.42,2025-06-16 13:00:00
252,Customer_252,Enterprise,3060.0,29.02,2025-05-08 11:00:00
252,Customer_252,Enterprise,3256.0,243.27,2025-05-16 15:00:00
252,Customer_252,Enterprise,3826.0,303.72,2025-06-09 09:00:00
252,Customer_252,Enterprise,4688.0,132.44,2025-07-15 07:00:00
253,Customer_253,Enterprise,1541.0,402.07,2025-03-06 04:00:00
253,Customer_253,Enterprise,1588.0,168.18,2025-03-08 03:00:00
253,Customer_253,Enterprise,4224.0,193.23,2025-06-25 23:00:00
254,Customer_254,B2B,137.0,411.01,2025-01-06 16:00:00
254,Customer_254,B2B,167.0,74.18,2025-01-07 22:00:00
254,Customer_254,B2B,1378.0,306.89,2025-02-27 09:00:00
254,Customer_254,B2B,1574.0,144.59,2025-03-07 13:00:00
254,Customer_254,B2B,1999.0,149.85,2025-03-25 06:00:00
254,Customer_254,B2B,2159.0,280.34,2025-03-31 22:00:00
254,Customer_254,B2B,3428.0,240.68,2025-05-23 19:00:00
254,Customer_254,B2B,3483.0,290.48,2025-05-26 02:00:00
255,Customer_255,B2B,2389.0,267.71,2025-04-10 12:00:00
255,Customer_255,B2B,3307.0,431.07,2025-05-18 18:00:00
255,Customer_255,B2B,4533.0,350.46,2025-07-08 20:00:00
256,Customer_256,Enterprise,356.0,295.05,2025-01-15 19:00:00
256,Customer_256,Enterprise,1825.0,90.17,2025-03-18 00:00:00
256,Customer_256,Enterprise,3374.0,251.46,2025-05-21 13:00:00
256,Customer_256,Enterprise,3841.0,310.78,2025-06-10 00:00:00
256,Customer_256,Enterprise,4077.0,112.66,2025-06-19 20:00:00
256,Customer_256,Enterprise,4354.0,298.58,2025-07-01 09:00:00
257,Customer_257,B2C,846.0,496.15,2025-02-05 05:00:00
257,Customer_257,B2C,1093.0,272.32,2025-02-15 12:00:00
257,Customer_257,B2C,2858.0,232.17,2025-04-30 01:00:00
258,Customer_258,B2B,749.0,338.8,2025-02-01 04:00:00
258,Customer_258,B2B,2582.0,49.23,2025-04-18 13:00:00
258,Customer_258,B2B,3701.0,431.91,2025-06-04 04:00:00
258,Customer_258,B2B,4202.0,318.16,2025-06-25 01:00:00
259,Customer_259,Enterprise,45.0,15.54,2025-01-02 20:00:00
259,Customer_259,Enterprise,640.0,498.51,2025-01-27 15:00:00
259,Customer_259,Enterprise,1427.0,16.96,2025-03-01 10:00:00
259,Customer_259,Enterprise,2198.0,494.67,2025-04-02 13:00:00
260,Customer_260,B2B,1604.0,234.6,2025-03-08 19:00:00
260,Customer_260,B2B,1978.0,174.35,2025-03-24 09:00:00
260,Customer_260,B2B,2016.0,368.98,2025-03-25 23:00:00
260,Customer_260,B2B,2210.0,149.49,2025-04-03 01:00:00
260,Customer_260,B2B,2225.0,393.75,2025-04-03 16:00:00
260,Customer_260,B2B,2867.0,469.97,2025-04-30 10:00:00
260,Customer_260,B2B,2944.0,48.08,2025-05-03 15:00:00
260,Customer_260,B2B,3271.0,284.35,2025-05-17 06:00:00
260,Customer_260,B2B,4300.0,369.37,2025-06-29 03:00:00
261,Customer_261,B2B,49.0,298.29,2025-01-03 00:00:00
261,Customer_261,B2B,151.0,168.92,2025-01-07 06:00:00
261,Customer_261,B2B,355.0,304.89,2025-01-15 18:00:00
261,Customer_261,B2B,683.0,455.53,2025-01-29 10:00:00
261,Customer_261,B2B,1076.0,449.72,2025-02-14 19:00:00
261,Customer_261,B2B,1743.0,408.3,2025-03-14 14:00:00
261,Customer_261,B2B,1872.0,334.8,2025-03-19 23:00:00
261,Customer_261,B2B,2012.0,172.15,2025-03-25 19:00:00
261,Customer_261,B2B,3898.0,470.86,2025-06-12 09:00:00
262,Customer_262,B2C,712.0,162.91,2025-01-30 15:00:00
262,Customer_262,B2C,1504.0,211.45,2025-03-04 15:00:00
262,Customer_262,B2C,2455.0,112.58,2025-04-13 06:00:00
262,Customer_262,B2C,2461.0,304.26,2025-04-13 12:00:00
262,Customer_262,B2C,2674.0,428.66,2025-04-22 09:00:00
262,Customer_262,B2C,3525.0,176.43,2025-05-27 20:00:00
262,Customer_262,B2C,3732.0,82.25,2025-06-05 11:00:00
263,Customer_263,Enterprise,1305.0,205.99,2025-02-24 08:00:00
263,Customer_263,Enterprise,1381.0,393.92,2025-02-27 12:00:00
263,Customer_263,Enterprise,1599.0,65.84,2025-03-08 14:00:00
263,Customer_263,Enterprise,3048.0,187.47,2025-05-07 23:00:00
264,Customer_264,Enterprise,289.0,52.16,2025-01-13 00:00:00
264,Customer_264,Enterprise,318.0,385.6,2025-01-14 05:00:00
264,Customer_264,Enterprise,958.0,351.08,2025-02-09 21:00:00
264,Customer_264,Enterprise,1439.0,428.13,2025-03-01 22:00:00
264,Customer_264,Enterprise,2837.0,420.06,2025-04-29 04:00:00
264,Customer_264,Enterprise,4203.0,67.79,2025-06-25 02:00:00
264,Customer_264,Enterprise,4364.0,171.4,2025-07-01 19:00:00
265,Customer_265,B2C,2245.0,134.79,2025-04-04 12:00:00
265,Customer_265,B2C,2369.0,483.63,2025-04-09 16:00:00
265,Customer_265,B2C,2865.0,367.33,2025-04-30 08:00:00
265,Customer_265,B2C,3325.0,149.41,2025-05-19 12:00:00
265,Customer_265,B2C,4107.0,414.85,2025-06-21 02:00:00
265,Customer_265,B2C,4616.0,168.71,2025-07-12 07:00:00
266,Customer_266,B2C,590.0,471.32,2025-01-25 13:00:00
266,Customer_266,B2C,1538.0,201.55,2025-03-06 01:00:00
266,Customer_266,B2C,2563.0,315.06,2025-04-17 18:00:00
266,Customer_266,B2C,3361.0,289.45,2025-05-21 00:00:00
266,Customer_266,B2C,3707.0,445.95,2025-06-04 10:00:00
266,Customer_266,B2C,4433.0,427.7,2025-07-04 16:00:00
267,Customer_267,Enterprise,669.0,339.14,2025-01-28 20:00:00
267,Customer_267,Enterprise,1241.0,312.14,2025-02-21 16:00:00
267,Customer_267,Enterprise,2752.0,405.77,2025-04-25 15:00:00
267,Customer_267,Enterprise,3185.0,138.22,2025-05-13 16:00:00
267,Customer_267,Enterprise,4123.0,30.08,2025-06-21 18:00:00
268,Customer_268,Enterprise,414.0,325.54,2025-01-18 05:00:00
268,Customer_268,Enterprise,510.0,400.78,2025-01-22 05:00:00
268,Customer_268,Enterprise,1041.0,277.39,2025-02-13 08:00:00
268,Customer_268,Enterprise,2176.0,373.58,2025-04-01 15:00:00
268,Customer_268,Enterprise,2194.0,276.96,2025-04-02 09:00:00
268,Customer_268,Enterprise,2396.0,467.37,2025-04-10 19:00:00
268,Customer_268,Enterprise,2523.0,364.19,2025-04-16 02:00:00
268,Customer_268,Enterprise,2584.0,14.88,2025-04-18 15:00:00
268,Customer_268,Enterprise,4374.0,102.79,2025-07-02 05:00:00
268,Customer_268,Enterprise,4625.0,205.05,2025-07-12 16:00:00
269,Customer_269,B2C,2223.0,63.12,2025-04-03 14:00:00
269,Customer_269,B2C,3984.0,403.54,2025-06-15 23:00:00
269,Customer_269,B2C,4122.0,141.46,2025-06-21 17:00:00
269,Customer_269,B2C,4677.0,269.53,2025-07-14 20:00:00
269,Customer_269,B2C,4864.0,332.84,2025-07-22 15:00:00
270,Customer_270,B2B,82.0,404.66,2025-01-04 09:00:00
270,Customer_270,B2B,795.0,261.31,2025-02-03 02:00:00
270,Customer_270,B2B,1088.0,425.3,2025-02-15 07:00:00
270,Customer_270,B2B,2041.0,206.17,2025-03-27 00:00:00
270,Customer_270,B2B,2341.0,69.04,2025-04-08 12:00:00
270,Customer_270,B2B,3550.0,173.73,2025-05-28 21:00:00
270,Customer_270,B2B,4492.0,490.52,2025-07-07 03:00:00
271,Customer_271,B2B,822.0,64.2,2025-02-04 05:00:00
271,Customer_271,B2B,855.0,175.29,2025-02-05 14:00:00
271,Customer_271,B2B,3408.0,371.69,2025-05-22 23:00:00
271,Customer_271,B2B,3747.0,324.97,2025-06-06 02:00:00
271,Customer_271,B2B,4459.0,292.0,2025-07-05 18:00:00
271,Customer_271,B2B,4727.0,225.66,2025-07-16 22:00:00
272,Customer_272,B2C,585.0,253.16,2025-01-25 08:00:00
272,Customer_272,B2C,2287.0,136.69,2025-04-06 06:00:00
272,Customer_272,B2C,3254.0,377.37,2025-05-16 13:00:00
272,Customer_272,B2C,3475.0,146.33,2025-05-25 18:00:00
272,Customer_272,B2C,4575.0,101.06,2025-07-10 14:00:00
273,Customer_273,B2B,541.0,207.34,2025-01-23 12:00:00
273,Customer_273,B2B,882.0,44.56,2025-02-06 17:00:00
273,Customer_273,B2B,1789.0,331.72,2025-03-16 12:00:00
273,Customer_273,B2B,1927.0,113.64,2025-03-22 06:00:00
273,Customer_273,B2B,2281.0,354.61,2025-04-06 00:00:00
273,Customer_273,B2B,2732.0,433.85,2025-04-24 19:00:00
273,Customer_273,B2B,3277.0,74.23,2025-05-17 12:00:00
273,Customer_273,B2B,4556.0,355.41,2025-07-09 19:00:00
273,Customer_273,B2B,4634.0,212.47,2025-07-13 01:00:00
273,Customer_273,B2B,4660.0,40.16,2025-07-14 03:00:00
274,Customer_274,B2C,574.0,400.16,2025-01-24 21:00:00
274,Customer_274,B2C,899.0,445.21,2025-02-07 10:00:00
274,Customer_274,B2C,3049.0,333.63,2025-05-08 00:00:00
274,Customer_274,B2C,3266.0,461.89,2025-05-17 01:00:00
274,Customer_274,B2C,3348.0,199.26,2025-05-20 11:00:00
275,Customer_275,B2B,487.0,475.0,2025-01-21 06:00:00
275,Customer_275,B2B,2349.0,158.5,2025-04-08 20:00:00
275,Customer_275,B2B,3789.0,273.32,2025-06-07 20:00:00
276,Customer_276,B2B,1095.0,106.28,2025-02-15 14:00:00
276,Customer_276,B2B,1135.0,223.76,2025-02-17 06:00:00
276,Customer_276,B2B,2407.0,475.86,2025-04-11 06:00:00
276,Customer_276,B2B,4210.0,124.47,2025-06-25 09:00:00
276,Customer_276,B2B,4262.0,84.94,2025-06-27 13:00:00
276,Customer_276,B2B,4369.0,46.51,2025-07-02 00:00:00
276,Customer_276,B2B,4385.0,29.76,2025-07-02 16:00:00
276,Customer_276,B2B,4551.0,117.86,2025-07-09 14:00:00
277,Customer_277,Enterprise,1328.0,433.54,2025-02-25 07:00:00
277,Customer_277,Enterprise,1729.0,316.57,2025-03-14 00:00:00
277,Customer_277,Enterprise,2136.0,251.56,2025-03-30 23:00:00
277,Customer_277,Enterprise,2264.0,485.36,2025-04-05 07:00:00
277,Customer_277,Enterprise,2599.0,490.57,2025-04-19 06:00:00
277,Customer_277,Enterprise,2823.0,289.39,2025-04-28 14:00:00
277,Customer_277,Enterprise,3221.0,473.43,2025-05-15 04:00:00
277,Customer_277,Enterprise,3873.0,220.15,2025-06-11 08:00:00
277,Customer_277,Enterprise,4291.0,95.27,2025-06-28 18:00:00
278,Customer_278,Enterprise,383.0,380.02,2025-01-16 22:00:00
278,Customer_278,Enterprise,779.0,77.8,2025-02-02 10:00:00
278,Customer_278,Enterprise,1847.0,133.89,2025-03-18 22:00:00
278,Customer_278,Enterprise,2699.0,255.83,2025-04-23 10:00:00
278,Customer_278,Enterprise,3170.0,52.04,2025-05-13 01:00:00
278,Customer_278,Enterprise,3368.0,148.92,2025-05-21 07:00:00
278,Customer_278,Enterprise,4825.0,263.11,2025-07-21 00:00:00
279,Customer_279,B2B,1220.0,466.96,2025-02-20 19:00:00
279,Customer_279,B2B,1462.0,257.21,2025-03-02 21:00:00
279,Customer_279,B2B,2278.0,422.67,2025-04-05 21:00:00
279,Customer_279,B2B,2594.0,401.55,2025-04-19 01:00:00
279,Customer_279,B2B,3426.0,141.21,2025-05-23 17:00:00
279,Customer_279,B2B,4561.0,11.48,2025-07-10 00:00:00
280,Customer_280,B2B,363.0,112.33,2025-01-16 02:00:00
280,Customer_280,B2B,1390.0,448.03,2025-02-27 21:00:00
280,Customer_280,B2B,2725.0,141.16,2025-04-24 12:00:00
280,Customer_280,B2B,3412.0,432.2,2025-05-23 03:00:00
281,Customer_281,Enterprise,379.0,222.06,2025-01-16 18:00:00
281,Customer_281,Enterprise,1862.0,208.55,2025-03-19 13:00:00
281,Customer_281,Enterprise,2339.0,419.78,2025-04-08 10:00:00
281,Customer_281,Enterprise,2920.0,484.33,2025-05-02 15:00:00
282,Customer_282,Enterprise,1121.0,383.48,2025-02-16 16:00:00
282,Customer_282,Enterprise,3379.0,188.42,2025-05-21 18:00:00
282,Customer_282,Enterprise,3981.0,292.74,2025-06-15 20:00:00
282,Customer_282,Enterprise,4717.0,402.18,2025-07-16 12:00:00
282,Customer_282,Enterprise,4733.0,121.61,2025-07-17 04:00:00
283,Customer_283,Enterprise,163.0,316.41,2025-01-07 18:00:00
283,Customer_283,Enterprise,1839.0,224.5,2025-03-18 14:00:00
283,Customer_283,Enterprise,2199.0,139.87,2025-04-02 14:00:00
283,Customer_283,Enterprise,2463.0,23.64,2025-04-13 14:00:00
283,Customer_283,Enterprise,3413.0,471.67,2025-05-23 04:00:00
283,Customer_283,Enterprise,3560.0,228.9,2025-05-29 07:00:00
283,Customer_283,Enterprise,3598.0,127.21,2025-05-30 21:00:00
283,Customer_283,Enterprise,3689.0,174.86,2025-06-03 16:00:00
283,Customer_283,Enterprise,3868.0,462.87,2025-06-11 03:00:00
283,Customer_283,Enterprise,4724.0,139.87,2025-07-16 19:00:00
284,Customer_284,B2C,1101.0,336.79,2025-02-15 20:00:00
284,Customer_284,B2C,1701.0,59.92,2025-03-12 20:00:00
284,Customer_284,B2C,2351.0,181.5,2025-04-08 22:00:00
284,Customer_284,B2C,2743.0,179.89,2025-04-25 06:00:00
284,Customer_284,B2C,3717.0,170.04,2025-06-04 20:00:00
285,Customer_285,B2B,241.0,262.09,2025-01-11 00:00:00
285,Customer_285,B2B,269.0,349.78,2025-01-12 04:00:00
285,Customer_285,B2B,342.0,442.8,2025-01-15 05:00:00
285,Customer_285,B2B,798.0,497.91,2025-02-03 05:00:00
285,Customer_285,B2B,816.0,68.38,2025-02-03 23:00:00
285,Customer_285,B2B,3907.0,472.61,2025-06-12 18:00:00
286,Customer_286,Enterprise,273.0,254.98,2025-01-12 08:00:00
286,Customer_286,Enterprise,1472.0,288.91,2025-03-03 07:00:00
286,Customer_286,Enterprise,2368.0,221.74,2025-04-09 15:00:00
286,Customer_286,Enterprise,2830.0,209.87,2025-04-28 21:00:00
286,Customer_286,Enterprise,4580.0,164.89,2025-07-10 19:00:00
287,Customer_287,B2B,409.0,52.2,2025-01-18 00:00:00
287,Customer_287,B2B,1083.0,428.73,2025-02-15 02:00:00
287,Customer_287,B2B,1187.0,189.73,2025-02-19 10:00:00
287,Customer_287,B2B,1445.0,262.43,2025-03-02 04:00:00
287,Customer_287,B2B,1579.0,288.96,2025-03-07 18:00:00
287,Customer_287,B2B,2812.0,119.57,2025-04-28 03:00:00
287,Customer_287,B2B,4538.0,197.17,2025-07-09 01:00:00
287,Customer_287,B2B,4705.0,20.0,2025-07-16 00:00:00
288,Customer_288,B2C,323.0,380.56,2025-01-14 10:00:00
288,Customer_288,B2C,516.0,147.49,2025-01-22 11:00:00
288,Customer_288,B2C,994.0,105.77,2025-02-11 09:00:00
288,Customer_288,B2C,1398.0,479.85,2025-02-28 05:00:00
288,Customer_288,B2C,1783.0,286.65,2025-03-16 06:00:00
288,Customer_288,B2C,1784.0,133.64,2025-03-16 07:00:00
288,Customer_288,B2C,1800.0,80.5,2025-03-16 23:00:00
288,Customer_288,B2C,4283.0,469.11,2025-06-28 10:00:00
288,Customer_288,B2C,4680.0,331.14,2025-07-14 23:00:00
289,Customer_289,B2C,127.0,171.84,2025-01-06 06:00:00
289,Customer_289,B2C,136.0,17.94,2025-01-06 15:00:00
289,Customer_289,B2C,451.0,109.12,2025-01-19 18:00:00
289,Customer_289,B2C,711.0,68.78,2025-01-30 14:00:00
289,Customer_289,B2C,1542.0,128.41,2025-03-06 05:00:00
289,Customer_289,B2C,2095.0,232.93,2025-03-29 06:00:00
289,Customer_289,B2C,2285.0,54.31,2025-04-06 04:00:00
289,Customer_289,B2C,3618.0,181.98,2025-05-31 17:00:00
289,Customer_289,B2C,3930.0,16.68,2025-06-13 17:00:00
289,Customer_289,B2C,3961.0,36.48,2025-06-15 00:00:00
290,Customer_290,Enterprise,2628.0,256.36,2025-04-20 11:00:00
290,Customer_290,Enterprise,2876.0,149.93,2025-04-30 19:00:00
290,Customer_290,Enterprise,2899.0,431.16,2025-05-01 18:00:00
290,Customer_290,Enterprise,2952.0,50.63,2025-05-03 23:00:00
290,Customer_290,Enterprise,3420.0,271.47,2025-05-23 11:00:00
291,Customer_291,B2C,84.0,85.41,2025-01-04 11:00:00
291,Customer_291,B2C,1239.0,242.34,2025-02-21 14:00:00
291,Customer_291,B2C,1291.0,474.37,2025-02-23 18:00:00
291,Customer_291,B2C,2475.0,495.41,2025-04-14 02:00:00
292,Customer_292,B2B,161.0,349.25,2025-01-07 16:00:00
292,Customer_292,B2B,428.0,281.8,2025-01-18 19:00:00
292,Customer_292,B2B,2846.0,453.82,2025-04-29 13:00:00
292,Customer_292,B2B,4045.0,303.17,2025-06-18 12:00:00
293,Customer_293,Enterprise,603.0,446.42,2025-01-26 02:00:00
293,Customer_293,Enterprise,1059.0,10.46,2025-02-14 02:00:00
293,Customer_293,Enterprise,1119.0,366.54,2025-02-16 14:00:00
293,Customer_293,Enterprise,1257.0,443.77,2025-02-22 08:00:00
293,Customer_293,Enterprise,1344.0,36.76,2025-02-25 23:00:00
293,Customer_293,Enterprise,3016.0,242.83,2025-05-06 15:00:00
293,Customer_293,Enterprise,4667.0,438.05,2025-07-14 10:00:00
294,Customer_294,B2B,1152.0,372.93,2025-02-17 23:00:00
294,Customer_294,B2B,2127.0,61.84,2025-03-30 14:00:00
294,Customer_294,B2B,2597.0,424.21,2025-04-19 04:00:00
294,Customer_294,B2B,2966.0,466.55,2025-05-04 13:00:00
294,Customer_294,B2B,3225.0,467.46,2025-05-15 08:00:00
294,Customer_294,B2B,4758.0,357.87,2025-07-18 05:00:00
295,Customer_295,B2B,99.0,155.67,2025-01-05 02:00:00
295,Customer_295,B2B,753.0,365.43,2025-02-01 08:00:00
295,Customer_295,B2B,1035.0,230.67,2025-02-13 02:00:00
295,Customer_295,B2B,2019.0,127.11,2025-03-26 02:00:00
295,Customer_295,B2B,2900.0,357.79,2025-05-01 19:00:00
295,Customer_295,B2B,3672.0,421.6,2025-06-02 23:00:00
295,Customer_295,B2B,3808.0,218.04,2025-06-08 15:00:00
295,Customer_295,B2B,3979.0,136.27,2025-06-15 18:00:00
296,Customer_296,B2C,76.0,226.63,2025-01-04 03:00:00
296,Customer_296,B2C,98.0,448.89,2025-01-05 01:00:00
296,Customer_296,B2C,195.0,304.45,2025-01-09 02:00:00
296,Customer_296,B2C,434.0,479.39,2025-01-19 01:00:00
296,Customer_296,B2C,469.0,58.02,2025-01-20 12:00:00
296,Customer_296,B2C,2581.0,108.58,2025-04-18 12:00:00
296,Customer_296,B2C,3774.0,300.56,2025-06-07 05:00:00
296,Customer_296,B2C,4320.0,84.8,2025-06-29 23:00:00
296,Customer_296,B2C,4339.0,310.72,2025-06-30 18:00:00
296,Customer_296,B2C,4395.0,203.91,2025-07-03 02:00:00
297,Customer_297,B2C,196.0,177.07,2025-01-09 03:00:00
297,Customer_297,B2C,2181.0,182.74,2025-04-01 20:00:00
298,Customer_298,B2C,1054.0,356.57,2025-02-13 21:00:00
298,Customer_298,B2C,1315.0,257.27,2025-02-24 18:00:00
299,Customer_299,B2C,3773.0,135.76,2025-06-07 04:00:00
299,Customer_299,B2C,4212.0,308.2,2025-06-25 11:00:00
299,Customer_299,B2C,4674.0,454.55,2025-07-14 17:00:00
300,Customer_300,B2C,26.0,18.13,2025-01-02 01:00:00
300,Customer_300,B2C,1258.0,52.49,2025-02-22 09:00:00
300,Customer_300,B2C,2719.0,51.85,2025-04-24 06:00:00
300,Customer_300,B2C,4136.0,204.84,2025-06-22 07:00:00
301,Customer_301,Enterprise,700.0,430.76,2025-01-30 03:00:00
301,Customer_301,Enterprise,908.0,92.11,2025-02-07 19:00:00
301,Customer_301,Enterprise,982.0,247.09,2025-02-10 21:00:00
301,Customer_301,Enterprise,1081.0,202.88,2025-02-15 00:00:00
301,Customer_301,Enterprise,2418.0,103.07,2025-04-11 17:00:00
301,Customer_301,Enterprise,2526.0,274.2,2025-04-16 05:00:00
301,Customer_301,Enterprise,3183.0,479.92,2025-05-13 14:00:00
301,Customer_301,Enterprise,3719.0,37.6,2025-06-04 22:00:00
302,Customer_302,B2B,173.0,244.48,2025-01-08 04:00:00
302,Customer_302,B2B,617.0,218.98,2025-01-26 16:00:00
302,Customer_302,B2B,1392.0,311.38,2025-02-27 23:00:00
302,Customer_302,B2B,1817.0,318.08,2025-03-17 16:00:00
302,Customer_302,B2B,1882.0,59.08,2025-03-20 09:00:00
302,Customer_302,B2B,2006.0,361.61,2025-03-25 13:00:00
302,Customer_302,B2B,2310.0,201.22,2025-04-07 05:00:00
302,Customer_302,B2B,2482.0,442.4,2025-04-14 09:00:00
302,Customer_302,B2B,3232.0,60.94,2025-05-15 15:00:00
302,Customer_302,B2B,4427.0,407.47,2025-07-04 10:00:00
302,Customer_302,B2B,4762.0,406.0,2025-07-18 09:00:00
303,Customer_303,B2B,839.0,235.76,2025-02-04 22:00:00
303,Customer_303,B2B,1082.0,241.98,2025-02-15 01:00:00
303,Customer_303,B2B,1181.0,230.05,2025-02-19 04:00:00
303,Customer_303,B2B,1446.0,495.24,2025-03-02 05:00:00
303,Customer_303,B2B,1973.0,251.26,2025-03-24 04:00:00
303,Customer_303,B2B,2833.0,159.11,2025-04-29 00:00:00
303,Customer_303,B2B,3023.0,339.77,2025-05-06 22:00:00
303,Customer_303,B2B,3384.0,445.0,2025-05-21 23:00:00
303,Customer_303,B2B,3860.0,263.93,2025-06-10 19:00:00
303,Customer_303,B2B,4769.0,119.25,2025-07-18 16:00:00
304,Customer_304,B2B,1190.0,483.47,2025-02-19 13:00:00
304,Customer_304,B2B,1256.0,410.16,2025-02-22 07:00:00
304,Customer_304,B2B,2406.0,104.74,2025-04-11 05:00:00
304,Customer_304,B2B,2771.0,397.16,2025-04-26 10:00:00
304,Customer_304,B2B,3019.0,253.99,2025-05-06 18:00:00
304,Customer_304,B2B,3783.0,325.91,2025-06-07 14:00:00
304,Customer_304,B2B,4230.0,133.6,2025-06-26 05:00:00
305,Customer_305,B2B,270.0,353.3,2025-01-12 05:00:00
305,Customer_305,B2B,946.0,321.47,2025-02-09 09:00:00
305,Customer_305,B2B,1107.0,136.86,2025-02-16 02:00:00
305,Customer_305,B2B,1236.0,157.47,2025-02-21 11:00:00
305,Customer_305,B2B,2083.0,437.47,2025-03-28 18:00:00
305,Customer_305,B2B,2704.0,275.01,2025-04-23 15:00:00
305,Customer_305,B2B,3987.0,73.87,2025-06-16 02:00:00
306,Customer_306,B2C,794.0,378.54,2025-02-03 01:00:00
306,Customer_306,B2C,1142.0,462.1,2025-02-17 13:00:00
306,Customer_306,B2C,3454.0,306.05,2025-05-24 21:00:00
307,Customer_307,B2B,995.0,91.45,2025-02-11 10:00:00
307,Customer_307,B2B,2173.0,175.98,2025-04-01 12:00:00
307,Customer_307,B2B,2274.0,469.37,2025-04-05 17:00:00
307,Customer_307,B2B,3133.0,465.64,2025-05-11 12:00:00
308,Customer_308,Enterprise,1156.0,263.83,2025-02-18 03:00:00
308,Customer_308,Enterprise,1662.0,187.52,2025-03-11 05:00:00
308,Customer_308,Enterprise,3527.0,283.14,2025-05-27 22:00:00
308,Customer_308,Enterprise,4535.0,473.04,2025-07-08 22:00:00
308,Customer_308,Enterprise,4607.0,227.62,2025-07-11 22:00:00
308,Customer_308,Enterprise,4678.0,180.41,2025-07-14 21:00:00
309,Customer_309,Enterprise,212.0,116.77,2025-01-09 19:00:00
309,Customer_309,Enterprise,864.0,152.77,2025-02-05 23:00:00
309,Customer_309,Enterprise,992.0,281.46,2025-02-11 07:00:00
309,Customer_309,Enterprise,3686.0,338.42,2025-06-03 13:00:00
309,Customer_309,Enterprise,4372.0,349.67,2025-07-02 03:00:00
310,Customer_310,B2B,442.0,306.14,2025-01-19 09:00:00
310,Customer_310,B2B,630.0,401.34,2025-01-27 05:00:00
310,Customer_310,B2B,924.0,31.12,2025-02-08 11:00:00
310,Customer_310,B2B,3472.0,22.1,2025-05-25 15:00:00
310,Customer_310,B2B,4494.0,231.57,2025-07-07 05:00:00
311,Customer_311,B2B,565.0,112.95,2025-01-24 12:00:00
311,Customer_311,B2B,1172.0,35.84,2025-02-18 19:00:00
311,Customer_311,B2B,1447.0,309.56,2025-03-02 06:00:00
311,Customer_311,B2B,1503.0,487.7,2025-03-04 14:00:00
311,Customer_311,B2B,2587.0,388.02,2025-04-18 18:00:00
311,Customer_311,B2B,3268.0,196.16,2025-05-17 03:00:00
311,Customer_311,B2B,3879.0,124.45,2025-06-11 14:00:00
311,Customer_311,B2B,4791.0,404.93,2025-07-19 14:00:00
312,Customer_312,Enterprise,450.0,100.38,2025-01-19 17:00:00
312,Customer_312,Enterprise,1001.0,476.51,2025-02-11 16:00:00
312,Customer_312,Enterprise,1312.0,215.47,2025-02-24 15:00:00
312,Customer_312,Enterprise,3869.0,21.95,2025-06-11 04:00:00
313,Customer_313,Enterprise,216.0,17.96,2025-01-09 23:00:00
313,Customer_313,Enterprise,305.0,295.73,2025-01-13 16:00:00
313,Customer_313,Enterprise,1099.0,284.27,2025-02-15 18:00:00
313,Customer_313,Enterprise,2022.0,124.82,2025-03-26 05:00:00
313,Customer_313,Enterprise,2074.0,254.49,2025-03-28 09:00:00
313,Customer_313,Enterprise,2308.0,493.11,2025-04-07 03:00:00
313,Customer_313,Enterprise,2919.0,88.1,2025-05-02 14:00:00
313,Customer_313,Enterprise,3064.0,419.13,2025-05-08 15:00:00
313,Customer_313,Enterprise,3516.0,449.41,2025-05-27 11:00:00
313,Customer_313,Enterprise,3580.0,337.69,2025-05-30 03:00:00
314,Customer_314,B2C,971.0,164.89,2025-02-10 10:00:00
314,Customer_314,B2C,1893.0,412.22,2025-03-20 20:00:00
314,Customer_314,B2C,1955.0,213.66,2025-03-23 10:00:00
314,Customer_314,B2C,2076.0,345.37,2025-03-28 11:00:00
314,Customer_314,B2C,2276.0,86.37,2025-04-05 19:00:00
314,Customer_314,B2C,3777.0,213.07,2025-06-07 08:00:00
314,Customer_314,B2C,3887.0,362.54,2025-06-11 22:00:00
314,Customer_314,B2C,3990.0,251.19,2025-06-16 05:00:00
314,Customer_314,B2C,4091.0,421.31,2025-06-20 10:00:00
314,Customer_314,B2C,4095.0,341.77,2025-06-20 14:00:00
315,Customer_315,Enterprise,3362.0,36.25,2025-05-21 01:00:00
315,Customer_315,Enterprise,3555.0,205.14,2025-05-29 02:00:00
315,Customer_315,Enterprise,3709.0,451.58,2025-06-04 12:00:00
315,Customer_315,Enterprise,4271.0,437.96,2025-06-27 22:00:00
315,Customer_315,Enterprise,4565.0,363.09,2025-07-10 04:00:00
316,Customer_316,B2C,694.0,63.42,2025-01-29 21:00:00
316,Customer_316,B2C,1509.0,343.83,2025-03-04 20:00:00
317,Customer_317,B2C,947.0,184.42,2025-02-09 10:00:00
317,Customer_317,B2C,3442.0,232.38,2025-05-24 09:00:00
317,Customer_317,B2C,3978.0,250.32,2025-06-15 17:00:00
317,Customer_317,B2C,4083.0,56.92,2025-06-20 02:00:00
318,Customer_318,B2C,67.0,56.73,2025-01-03 18:00:00
318,Customer_318,B2C,266.0,319.87,2025-01-12 01:00:00
318,Customer_318,B2C,495.0,211.29,2025-01-21 14:00:00
318,Customer_318,B2C,581.0,303.66,2025-01-25 04:00:00
318,Customer_318,B2C,702.0,384.68,2025-01-30 05:00:00
318,Customer_318,B2C,960.0,413.76,2025-02-09 23:00:00
318,Customer_318,B2C,962.0,239.83,2025-02-10 01:00:00
318,Customer_318,B2C,1061.0,488.87,2025-02-14 04:00:00
318,Customer_318,B2C,2491.0,33.41,2025-04-14 18:00:00
318,Customer_318,B2C,3608.0,278.33,2025-05-31 07:00:00
318,Customer_318,B2C,3649.0,412.11,2025-06-02 00:00:00
318,Customer_318,B2C,4148.0,173.35,2025-06-22 19:00:00
319,Customer_319,B2C,57.0,193.61,2025-01-03 08:00:00
319,Customer_319,B2C,616.0,298.12,2025-01-26 15:00:00
319,Customer_319,B2C,1948.0,124.18,2025-03-23 03:00:00
319,Customer_319,B2C,3792.0,189.71,2025-06-07 23:00:00
319,Customer_319,B2C,3875.0,366.29,2025-06-11 10:00:00
320,Customer_320,B2C,41.0,291.24,2025-01-02 16:00:00
320,Customer_320,B2C,77.0,173.86,2025-01-04 04:00:00
320,Customer_320,B2C,900.0,107.62,2025-02-07 11:00:00
320,Customer_320,B2C,1380.0,23.28,2025-02-27 11:00:00
320,Customer_320,B2C,1748.0,418.88,2025-03-14 19:00:00
320,Customer_320,B2C,2370.0,231.59,2025-04-09 17:00:00
320,Customer_320,B2C,2821.0,93.83,2025-04-28 12:00:00
321,Customer_321,B2B,56.0,453.08,2025-01-03 07:00:00
321,Customer_321,B2B,1470.0,433.08,2025-03-03 05:00:00
321,Customer_321,B2B,2910.0,208.45,2025-05-02 05:00:00
321,Customer_321,B2B,4626.0,261.68,2025-07-12 17:00:00
322,Customer_322,Enterprise,9.0,347.14,2025-01-01 08:00:00
322,Customer_322,Enterprise,2892.0,35.52,2025-05-01 11:00:00
322,Customer_322,Enterprise,3312.0,226.77,2025-05-18 23:00:00
322,Customer_322,Enterprise,3644.0,363.1,2025-06-01 19:00:00
323,Customer_323,B2C,671.0,291.78,2025-01-28 22:00:00
323,Customer_323,B2C,706.0,344.44,2025-01-30 09:00:00
323,Customer_323,B2C,2807.0,175.31,2025-04-27 22:00:00
323,Customer_323,B2C,4060.0,357.5,2025-06-19 03:00:00
324,Customer_324,Enterprise,154.0,305.54,2025-01-07 09:00:00
324,Customer_324,Enterprise,185.0,155.01,2025-01-08 16:00:00
324,Customer_324,Enterprise,601.0,432.22,2025-01-26 00:00:00
324,Customer_324,Enterprise,783.0,334.94,2025-02-02 14:00:00
324,Customer_324,Enterprise,1208.0,132.37,2025-02-20 07:00:00
324,Customer_324,Enterprise,1278.0,41.26,2025-02-23 05:00:00
324,Customer_324,Enterprise,2411.0,28.41,2025-04-11 10:00:00
324,Customer_324,Enterprise,2541.0,139.96,2025-04-16 20:00:00
324,Customer_324,Enterprise,3354.0,21.48,2025-05-20 17:00:00
325,Customer_325,Enterprise,2405.0,49.92,2025-04-11 04:00:00
325,Customer_325,Enterprise,2649.0,199.37,2025-04-21 08:00:00
325,Customer_325,Enterprise,2972.0,451.37,2025-05-04 19:00:00
325,Customer_325,Enterprise,3647.0,460.74,2025-06-01 22:00:00
325,Customer_325,Enterprise,3985.0,31.63,2025-06-16 00:00:00
326,Customer_326,B2C,28.0,305.2,2025-01-02 03:00:00
326,Customer_326,B2C,767.0,78.23,2025-02-01 22:00:00
326,Customer_326,B2C,1263.0,75.51,2025-02-22 14:00:00
326,Customer_326,B2C,3052.0,304.83,2025-05-08 03:00:00
326,Customer_326,B2C,3435.0,92.54,2025-05-24 02:00:00
326,Customer_326,B2C,3695.0,130.19,2025-06-03 22:00:00
327,Customer_327,B2B,259.0,170.2,2025-01-11 18:00:00
327,Customer_327,B2B,2093.0,489.68,2025-03-29 04:00:00
327,Customer_327,B2B,2353.0,42.16,2025-04-09 00:00:00
327,Customer_327,B2B,2841.0,147.42,2025-04-29 08:00:00
327,Customer_327,B2B,3336.0,280.65,2025-05-19 23:00:00
327,Customer_327,B2B,3385.0,29.89,2025-05-22 00:00:00
327,Customer_327,B2B,4477.0,298.97,2025-07-06 12:00:00
328,Customer_328,B2C,309.0,238.43,2025-01-13 20:00:00
328,Customer_328,B2C,688.0,99.58,2025-01-29 15:00:00
328,Customer_328,B2C,1247.0,112.46,2025-02-21 22:00:00
328,Customer_328,B2C,4558.0,328.55,2025-07-09 21:00:00
328,Customer_328,B2C,4563.0,464.62,2025-07-10 02:00:00
329,Customer_329,B2B,59.0,34.78,2025-01-03 10:00:00
329,Customer_329,B2B,665.0,348.91,2025-01-28 16:00:00
329,Customer_329,B2B,1595.0,62.04,2025-03-08 10:00:00
329,Customer_329,B2B,1759.0,358.99,2025-03-15 06:00:00
329,Customer_329,B2B,2801.0,388.41,2025-04-27 16:00:00
329,Customer_329,B2B,3038.0,341.88,2025-05-07 13:00:00
330,Customer_330,Enterprise,333.0,176.26,2025-01-14 20:00:00
330,Customer_330,Enterprise,491.0,47.61,2025-01-21 10:00:00
330,Customer_330,Enterprise,634.0,444.22,2025-01-27 09:00:00
330,Customer_330,Enterprise,3965.0,61.28,2025-06-15 04:00:00
331,Customer_331,B2B,1222.0,71.8,2025-02-20 21:00:00
331,Customer_331,B2B,3136.0,68.68,2025-05-11 15:00:00
331,Customer_331,B2B,3166.0,19.0,2025-05-12 21:00:00
331,Customer_331,B2B,3246.0,35.46,2025-05-16 05:00:00
331,Customer_331,B2B,3597.0,149.77,2025-05-30 20:00:00
331,Customer_331,B2B,3779.0,178.55,2025-06-07 10:00:00
331,Customer_331,B2B,4204.0,330.92,2025-06-25 03:00:00
332,Customer_332,B2B,677.0,375.16,2025-01-29 04:00:00
332,Customer_332,B2B,1011.0,217.65,2025-02-12 02:00:00
332,Customer_332,B2B,2422.0,326.17,2025-04-11 21:00:00
332,Customer_332,B2B,2519.0,71.81,2025-04-15 22:00:00
332,Customer_332,B2B,2553.0,327.28,2025-04-17 08:00:00
332,Customer_332,B2B,3262.0,210.68,2025-05-16 21:00:00
333,Customer_333,B2B,2511.0,363.51,2025-04-15 14:00:00
333,Customer_333,B2B,3247.0,431.28,2025-05-16 06:00:00
333,Customer_333,B2B,4052.0,322.15,2025-06-18 19:00:00
334,Customer_334,Enterprise,69.0,175.35,2025-01-03 20:00:00
334,Customer_334,Enterprise,1056.0,228.9,2025-02-13 23:00:00
334,Customer_334,Enterprise,1116.0,196.07,2025-02-16 11:00:00
334,Customer_334,Enterprise,1283.0,324.96,2025-02-23 10:00:00
334,Customer_334,Enterprise,2377.0,181.59,2025-04-10 00:00:00
335,Customer_335,Enterprise,526.0,489.33,2025-01-22 21:00:00
335,Customer_335,Enterprise,776.0,441.16,2025-02-02 07:00:00
335,Customer_335,Enterprise,1032.0,35.12,2025-02-12 23:00:00
335,Customer_335,Enterprise,3829.0,158.29,2025-06-09 12:00:00
335,Customer_335,Enterprise,4046.0,25.18,2025-06-18 13:00:00
335,Customer_335,Enterprise,4054.0,453.87,2025-06-18 21:00:00
335,Customer_335,Enterprise,4836.0,428.76,2025-07-21 11:00:00
336,Customer_336,B2B,715.0,77.28,2025-01-30 18:00:00
336,Customer_336,B2B,1157.0,310.95,2025-02-18 04:00:00
336,Customer_336,B2B,1270.0,145.03,2025-02-22 21:00:00
336,Customer_336,B2B,1547.0,391.09,2025-03-06 10:00:00
336,Customer_336,B2B,1936.0,383.56,2025-03-22 15:00:00
336,Customer_336,B2B,3561.0,178.05,2025-05-29 08:00:00
336,Customer_336,B2B,4015.0,138.63,2025-06-17 06:00:00
336,Customer_336,B2B,4139.0,245.52,2025-06-22 10:00:00
337,Customer_337,B2B,1754.0,163.94,2025-03-15 01:00:00
337,Customer_337,B2B,2803.0,415.51,2025-04-27 18:00:00
337,Customer_337,B2B,2923.0,69.37,2025-05-02 18:00:00
337,Customer_337,B2B,3530.0,66.97,2025-05-28 01:00:00
337,Customer_337,B2B,4554.0,93.84,2025-07-09 17:00:00
337,Customer_337,B2B,4898.0,185.05,2025-07-24 01:00:00
338,Customer_338,B2C,901.0,149.25,2025-02-07 12:00:00
338,Customer_338,B2C,1653.0,412.7,2025-03-10 20:00:00
338,Customer_338,B2C,2275.0,349.04,2025-04-05 18:00:00
338,Customer_338,B2C,3634.0,237.78,2025-06-01 09:00:00
338,Customer_338,B2C,3781.0,498.37,2025-06-07 12:00:00
338,Customer_338,B2C,3786.0,25.22,2025-06-07 17:00:00
338,Customer_338,B2C,4417.0,471.07,2025-07-04 00:00:00
338,Customer_338,B2C,4587.0,10.2,2025-07-11 02:00:00
339,Customer_339,B2B,498.0,21.76,2025-01-21 17:00:00
339,Customer_339,B2B,3184.0,310.57,2025-05-13 15:00:00
339,Customer_339,B2B,3557.0,337.03,2025-05-29 04:00:00
339,Customer_339,B2B,4024.0,90.32,2025-06-17 15:00:00
339,Customer_339,B2B,4250.0,105.45,2025-06-27 01:00:00
340,Customer_340,B2C,592.0,241.11,2025-01-25 15:00:00
340,Customer_340,B2C,3526.0,356.89,2025-05-27 21:00:00
340,Customer_340,B2C,4172.0,227.23,2025-06-23 19:00:00
340,Customer_340,B2C,4173.0,297.07,2025-06-23 20:00:00
340,Customer_340,B2C,4342.0,99.89,2025-06-30 21:00:00
341,Customer_341,B2B,1161.0,46.7,2025-02-18 08:00:00
341,Customer_341,B2B,1493.0,370.87,2025-03-04 04:00:00
341,Customer_341,B2B,2488.0,164.15,2025-04-14 15:00:00
341,Customer_341,B2B,2716.0,175.62,2025-04-24 03:00:00
341,Customer_341,B2B,3743.0,391.16,2025-06-05 22:00:00
341,Customer_341,B2B,3853.0,131.98,2025-06-10 12:00:00
342,Customer_342,B2C,253.0,227.61,2025-01-11 12:00:00
342,Customer_342,B2C,407.0,20.81,2025-01-17 22:00:00
342,Customer_342,B2C,1428.0,136.24,2025-03-01 11:00:00
342,Customer_342,B2C,1508.0,128.38,2025-03-04 19:00:00
342,Customer_342,B2C,2037.0,161.37,2025-03-26 20:00:00
342,Customer_342,B2C,3447.0,251.69,2025-05-24 14:00:00
342,Customer_342,B2C,4644.0,442.11,2025-07-13 11:00:00
343,Customer_343,Enterprise,1262.0,416.49,2025-02-22 13:00:00
343,Customer_343,Enterprise,2419.0,235.75,2025-04-11 18:00:00
343,Customer_343,Enterprise,2534.0,166.95,2025-04-16 13:00:00
343,Customer_343,Enterprise,2708.0,349.51,2025-04-23 19:00:00
343,Customer_343,Enterprise,2968.0,185.53,2025-05-04 15:00:00
343,Customer_343,Enterprise,3453.0,58.75,2025-05-24 20:00:00
343,Customer_343,Enterprise,4293.0,17.76,2025-06-28 20:00:00
343,Customer_343,Enterprise,4440.0,87.68,2025-07-04 23:00:00
344,Customer_344,B2B,609.0,290.34,2025-01-26 08:00:00
344,Customer_344,B2B,618.0,311.56,2025-01-26 17:00:00
344,Customer_344,B2B,891.0,92.72,2025-02-07 02:00:00
344,Customer_344,B2B,1224.0,385.51,2025-02-20 23:00:00
344,Customer_344,B2B,2126.0,381.85,2025-03-30 13:00:00
344,Customer_344,B2B,2497.0,198.92,2025-04-15 00:00:00
344,Customer_344,B2B,2661.0,442.04,2025-04-21 20:00:00
345,Customer_345,B2B,725.0,355.47,2025-01-31 04:00:00
345,Customer_345,B2B,1184.0,172.89,2025-02-19 07:00:00
345,Customer_345,B2B,1302.0,242.41,2025-02-24 05:00:00
345,Customer_345,B2B,1583.0,124.1,2025-03-07 22:00:00
345,Customer_345,B2B,1829.0,492.94,2025-03-18 04:00:00
345,Customer_345,B2B,3662.0,203.23,2025-06-02 13:00:00
345,Customer_345,B2B,4485.0,232.7,2025-07-06 20:00:00
345,Customer_345,B2B,4536.0,79.39,2025-07-08 23:00:00
345,Customer_345,B2B,4781.0,464.67,2025-07-19 04:00:00
346,Customer_346,B2B,172.0,177.25,2025-01-08 03:00:00
346,Customer_346,B2B,203.0,351.94,2025-01-09 10:00:00
347,Customer_347,B2B,228.0,206.99,2025-01-10 11:00:00
347,Customer_347,B2B,2450.0,416.8,2025-04-13 01:00:00
348,Customer_348,B2C,1463.0,137.82,2025-03-02 22:00:00
348,Customer_348,B2C,2441.0,41.8,2025-04-12 16:00:00
348,Customer_348,B2C,4079.0,455.13,2025-06-19 22:00:00
349,Customer_349,B2B,79.0,269.67,2025-01-04 06:00:00
349,Customer_349,B2B,303.0,449.99,2025-01-13 14:00:00
349,Customer_349,B2B,556.0,247.06,2025-01-24 03:00:00
349,Customer_349,B2B,703.0,81.88,2025-01-30 06:00:00
349,Customer_349,B2B,872.0,477.17,2025-02-06 07:00:00
349,Customer_349,B2B,2008.0,339.98,2025-03-25 15:00:00
349,Customer_349,B2B,2817.0,472.45,2025-04-28 08:00:00
349,Customer_349,B2B,3319.0,334.33,2025-05-19 06:00:00
349,Customer_349,B2B,4532.0,66.36,2025-07-08 19:00:00
350,Customer_350,Enterprise,1303.0,92.33,2025-02-24 06:00:00
350,Customer_350,Enterprise,1745.0,312.96,2025-03-14 16:00:00
350,Customer_350,Enterprise,1962.0,317.13,2025-03-23 17:00:00
350,Customer_350,Enterprise,2580.0,392.43,2025-04-18 11:00:00
350,Customer_350,Enterprise,4377.0,312.67,2025-07-02 08:00:00
351,Customer_351,Enterprise,1306.0,38.12,2025-02-24 09:00:00
351,Customer_351,Enterprise,1782.0,183.73,2025-03-16 05:00:00
351,Customer_351,Enterprise,4221.0,68.93,2025-06-25 20:00:00
351,Customer_351,Enterprise,4736.0,229.97,2025-07-17 07:00:00
352,Customer_352,B2B,1000.0,176.02,2025-02-11 15:00:00
352,Customer_352,B2B,1165.0,105.53,2025-02-18 12:00:00
352,Customer_352,B2B,1746.0,392.92,2025-03-14 17:00:00
352,Customer_352,B2B,3287.0,133.86,2025-05-17 22:00:00
352,Customer_352,B2B,3693.0,451.94,2025-06-03 20:00:00
353,Customer_353,Enterprise,718.0,334.53,2025-01-30 21:00:00
353,Customer_353,Enterprise,1010.0,460.41,2025-02-12 01:00:00
353,Customer_353,Enterprise,1404.0,499.41,2025-02-28 11:00:00
353,Customer_353,Enterprise,1408.0,85.72,2025-02-28 15:00:00
353,Customer_353,Enterprise,1851.0,320.26,2025-03-19 02:00:00
353,Customer_353,Enterprise,2235.0,101.8,2025-04-04 02:00:00
354,Customer_354,B2B,1435.0,271.33,2025-03-01 18:00:00
354,Customer_354,B2B,2100.0,53.84,2025-03-29 11:00:00
354,Customer_354,B2B,2327.0,91.73,2025-04-07 22:00:00
354,Customer_354,B2B,2710.0,352.77,2025-04-23 21:00:00
354,Customer_354,B2B,2954.0,176.71,2025-05-04 01:00:00
354,Customer_354,B2B,3276.0,275.46,2025-05-17 11:00:00
354,Customer_354,B2B,3369.0,474.73,2025-05-21 08:00:00
354,Customer_354,B2B,3968.0,203.1,2025-06-15 07:00:00
355,Customer_355,B2B,2871.0,414.69,2025-04-30 14:00:00
355,Customer_355,B2B,3022.0,434.9,2025-05-06 21:00:00
355,Customer_355,B2B,4098.0,312.69,2025-06-20 17:00:00
355,Customer_355,B2B,4244.0,245.66,2025-06-26 19:00:00
355,Customer_355,B2B,4437.0,148.15,2025-07-04 20:00:00
355,Customer_355,B2B,4689.0,323.72,2025-07-15 08:00:00
356,Customer_356,Enterprise,184.0,95.58,2025-01-08 15:00:00
356,Customer_356,Enterprise,397.0,363.81,2025-01-17 12:00:00
356,Customer_356,Enterprise,728.0,133.63,2025-01-31 07:00:00
356,Customer_356,Enterprise,748.0,421.04,2025-02-01 03:00:00
356,Customer_356,Enterprise,988.0,110.84,2025-02-11 03:00:00
356,Customer_356,Enterprise,2013.0,131.66,2025-03-25 20:00:00
356,Customer_356,Enterprise,3058.0,415.68,2025-05-08 09:00:00
356,Customer_356,Enterprise,4238.0,198.63,2025-06-26 13:00:00
357,Customer_357,B2B,667.0,202.84,2025-01-28 18:00:00
357,Customer_357,B2B,2588.0,458.42,2025-04-18 19:00:00
357,Customer_357,B2B,3264.0,387.9,2025-05-16 23:00:00
357,Customer_357,B2B,3436.0,382.63,2025-05-24 03:00:00
358,Customer_358,Enterprise,1166.0,257.41,2025-02-18 13:00:00
358,Customer_358,Enterprise,2869.0,426.78,2025-04-30 12:00:00
358,Customer_358,Enterprise,2881.0,37.98,2025-05-01 00:00:00
358,Customer_358,Enterprise,2890.0,165.07,2025-05-01 09:00:00
358,Customer_358,Enterprise,4387.0,97.53,2025-07-02 18:00:00
359,Customer_359,B2C,380.0,301.88,2025-01-16 19:00:00
359,Customer_359,B2C,591.0,95.46,2025-01-25 14:00:00
359,Customer_359,B2C,952.0,74.81,2025-02-09 15:00:00
359,Customer_359,B2C,1610.0,153.4,2025-03-09 01:00:00
359,Customer_359,B2C,2721.0,380.61,2025-04-24 08:00:00
359,Customer_359,B2C,3344.0,10.2,2025-05-20 07:00:00
360,Customer_360,B2B,257.0,295.53,2025-01-11 16:00:00
360,Customer_360,B2B,761.0,142.57,2025-02-01 16:00:00
360,Customer_360,B2B,1758.0,91.59,2025-03-15 05:00:00
360,Customer_360,B2B,1818.0,140.39,2025-03-17 17:00:00
360,Customer_360,B2B,2620.0,307.42,2025-04-20 03:00:00
360,Customer_360,B2B,3189.0,441.93,2025-05-13 20:00:00
360,Customer_360,B2B,4398.0,375.9,2025-07-03 05:00:00
360,Customer_360,B2B,4718.0,233.94,2025-07-16 13:00:00
360,Customer_360,B2B,4802.0,379.3,2025-07-20 01:00:00
361,Customer_361,B2C,249.0,164.31,2025-01-11 08:00:00
361,Customer_361,B2C,1092.0,356.24,2025-02-15 11:00:00
361,Customer_361,B2C,1192.0,433.88,2025-02-19 15:00:00
361,Customer_361,B2C,1492.0,144.0,2025-03-04 03:00:00
361,Customer_361,B2C,2451.0,335.37,2025-04-13 02:00:00
361,Customer_361,B2C,3210.0,473.11,2025-05-14 17:00:00
361,Customer_361,B2C,3636.0,230.3,2025-06-01 11:00:00
362,Customer_362,Enterprise,1324.0,455.87,2025-02-25 03:00:00
362,Customer_362,Enterprise,1867.0,142.12,2025-03-19 18:00:00
362,Customer_362,Enterprise,2467.0,283.05,2025-04-13 18:00:00
362,Customer_362,Enterprise,3177.0,419.43,2025-05-13 08:00:00
362,Customer_362,Enterprise,3284.0,65.18,2025-05-17 19:00:00
362,Customer_362,Enterprise,3886.0,62.43,2025-06-11 21:00:00
363,Customer_363,B2C,174.0,465.14,2025-01-08 05:00:00
363,Customer_363,B2C,425.0,298.12,2025-01-18 16:00:00
363,Customer_363,B2C,723.0,430.67,2025-01-31 02:00:00
363,Customer_363,B2C,743.0,235.84,2025-01-31 22:00:00
363,Customer_363,B2C,2493.0,429.72,2025-04-14 20:00:00
363,Customer_363,B2C,2670.0,397.35,2025-04-22 05:00:00
363,Customer_363,B2C,3819.0,335.98,2025-06-09 02:00:00
363,Customer_363,B2C,3957.0,330.35,2025-06-14 20:00:00
364,Customer_364,B2C,362.0,369.84,2025-01-16 01:00:00
364,Customer_364,B2C,551.0,454.45,2025-01-23 22:00:00
364,Customer_364,B2C,1018.0,288.79,2025-02-12 09:00:00
364,Customer_364,B2C,1265.0,378.2,2025-02-22 16:00:00
364,Customer_364,B2C,1469.0,289.89,2025-03-03 04:00:00
364,Customer_364,B2C,2026.0,177.37,2025-03-26 09:00:00
364,Customer_364,B2C,2255.0,260.85,2025-04-04 22:00:00
364,Customer_364,B2C,2611.0,281.76,2025-04-19 18:00:00
364,Customer_364,B2C,4018.0,296.78,2025-06-17 09:00:00
364,Customer_364,B2C,4382.0,136.93,2025-07-02 13:00:00
364,Customer_364,B2C,4600.0,424.63,2025-07-11 15:00:00
364,Customer_364,B2C,4768.0,52.6,2025-07-18 15:00:00
365,Customer_365,Enterprise,461.0,40.4,2025-01-20 04:00:00
365,Customer_365,Enterprise,765.0,390.0,2025-02-01 20:00:00
365,Customer_365,Enterprise,1221.0,292.08,2025-02-20 20:00:00
365,Customer_365,Enterprise,2706.0,94.12,2025-04-23 17:00:00
365,Customer_365,Enterprise,2797.0,53.78,2025-04-27 12:00:00
365,Customer_365,Enterprise,4219.0,274.1,2025-06-25 18:00:00
366,Customer_366,B2C,633.0,85.35,2025-01-27 08:00:00
366,Customer_366,B2C,902.0,151.59,2025-02-07 13:00:00
366,Customer_366,B2C,1731.0,373.43,2025-03-14 02:00:00
366,Customer_366,B2C,2211.0,194.23,2025-04-03 02:00:00
366,Customer_366,B2C,3771.0,45.46,2025-06-07 02:00:00
366,Customer_366,B2C,4193.0,487.13,2025-06-24 16:00:00
366,Customer_366,B2C,4368.0,18.8,2025-07-01 23:00:00
366,Customer_366,B2C,4856.0,71.92,2025-07-22 07:00:00
367,Customer_367,B2C,1112.0,270.91,2025-02-16 07:00:00
367,Customer_367,B2C,1861.0,329.62,2025-03-19 12:00:00
367,Customer_367,B2C,3411.0,115.47,2025-05-23 02:00:00
367,Customer_367,B2C,3684.0,452.98,2025-06-03 11:00:00
367,Customer_367,B2C,3746.0,145.94,2025-06-06 01:00:00
367,Customer_367,B2C,4610.0,321.23,2025-07-12 01:00:00
367,Customer_367,B2C,4702.0,98.2,2025-07-15 21:00:00
368,Customer_368,Enterprise,1752.0,150.21,2025-03-14 23:00:00
368,Customer_368,Enterprise,3400.0,474.97,2025-05-22 15:00:00
368,Customer_368,Enterprise,4092.0,229.6,2025-06-20 11:00:00
368,Customer_368,Enterprise,4744.0,254.01,2025-07-17 15:00:00
369,Customer_369,B2C,2690.0,161.09,2025-04-23 01:00:00
369,Customer_369,B2C,3545.0,192.99,2025-05-28 16:00:00
369,Customer_369,B2C,3762.0,269.64,2025-06-06 17:00:00
369,Customer_369,B2C,3809.0,467.5,2025-06-08 16:00:00
369,Customer_369,B2C,4150.0,289.63,2025-06-22 21:00:00
370,Customer_370,Enterprise,956.0,324.97,2025-02-09 19:00:00
370,Customer_370,Enterprise,1771.0,124.11,2025-03-15 18:00:00
370,Customer_370,Enterprise,2836.0,230.3,2025-04-29 03:00:00
370,Customer_370,Enterprise,3736.0,379.12,2025-06-05 15:00:00
370,Customer_370,Enterprise,4699.0,17.35,2025-07-15 18:00:00
371,Customer_371,B2C,209.0,154.95,2025-01-09 16:00:00
371,Customer_371,B2C,280.0,312.38,2025-01-12 15:00:00
371,Customer_371,B2C,429.0,414.71,2025-01-18 20:00:00
371,Customer_371,B2C,1037.0,184.92,2025-02-13 04:00:00
371,Customer_371,B2C,2084.0,310.43,2025-03-28 19:00:00
371,Customer_371,B2C,4145.0,483.17,2025-06-22 16:00:00
371,Customer_371,B2C,4456.0,200.19,2025-07-05 15:00:00
371,Customer_371,B2C,4652.0,200.0,2025-07-13 19:00:00
371,Customer_371,B2C,4668.0,383.77,2025-07-14 11:00:00
372,Customer_372,Enterprise,536.0,39.21,2025-01-23 07:00:00
372,Customer_372,Enterprise,2246.0,249.59,2025-04-04 13:00:00
372,Customer_372,Enterprise,3914.0,439.51,2025-06-13 01:00:00
373,Customer_373,Enterprise,1284.0,361.66,2025-02-23 11:00:00
373,Customer_373,Enterprise,3128.0,19.97,2025-05-11 07:00:00
374,Customer_374,B2C,504.0,367.04,2025-01-21 23:00:00
374,Customer_374,B2C,1385.0,222.09,2025-02-27 16:00:00
374,Customer_374,B2C,1778.0,208.68,2025-03-16 01:00:00
375,Customer_375,B2C,1058.0,110.93,2025-02-14 01:00:00
375,Customer_375,B2C,1159.0,246.91,2025-02-18 06:00:00
375,Customer_375,B2C,2359.0,423.4,2025-04-09 06:00:00
375,Customer_375,B2C,2606.0,499.29,2025-04-19 13:00:00
375,Customer_375,B2C,2885.0,222.29,2025-05-01 04:00:00
375,Customer_375,B2C,3583.0,71.29,2025-05-30 06:00:00
375,Customer_375,B2C,4315.0,57.49,2025-06-29 18:00:00
375,Customer_375,B2C,4425.0,484.36,2025-07-04 08:00:00
375,Customer_375,B2C,4707.0,145.74,2025-07-16 02:00:00
376,Customer_376,B2C,70.0,436.64,2025-01-03 21:00:00
376,Customer_376,B2C,599.0,106.18,2025-01-25 22:00:00
376,Customer_376,B2C,1322.0,216.16,2025-02-25 01:00:00
376,Customer_376,B2C,2143.0,251.04,2025-03-31 06:00:00
376,Customer_376,B2C,2372.0,200.82,2025-04-09 19:00:00
376,Customer_376,B2C,2660.0,288.77,2025-04-21 19:00:00
376,Customer_376,B2C,3578.0,426.66,2025-05-30 01:00:00
376,Customer_376,B2C,4420.0,394.69,2025-07-04 03:00:00
377,Customer_377,B2B,589.0,296.57,2025-01-25 12:00:00
377,Customer_377,B2B,1901.0,423.04,2025-03-21 04:00:00
377,Customer_377,B2B,2252.0,316.66,2025-04-04 19:00:00
377,Customer_377,B2B,2568.0,197.97,2025-04-17 23:00:00
377,Customer_377,B2B,3755.0,263.64,2025-06-06 10:00:00
378,Customer_378,B2B,191.0,286.32,2025-01-08 22:00:00
378,Customer_378,B2B,403.0,339.4,2025-01-17 18:00:00
378,Customer_378,B2B,875.0,156.05,2025-02-06 10:00:00
378,Customer_378,B2B,1335.0,432.85,2025-02-25 14:00:00
378,Customer_378,B2B,1767.0,255.3,2025-03-15 14:00:00
378,Customer_378,B2B,2554.0,484.78,2025-04-17 09:00:00
378,Customer_378,B2B,3093.0,147.04,2025-05-09 20:00:00
378,Customer_378,B2B,3512.0,235.45,2025-05-27 07:00:00
378,Customer_378,B2B,4162.0,79.5,2025-06-23 09:00:00
378,Customer_378,B2B,4750.0,407.26,2025-07-17 21:00:00
379,Customer_379,B2B,88.0,210.14,2025-01-04 15:00:00
379,Customer_379,B2B,2169.0,357.56,2025-04-01 08:00:00
379,Customer_379,B2B,2707.0,405.84,2025-04-23 18:00:00
379,Customer_379,B2B,3464.0,284.96,2025-05-25 07:00:00
379,Customer_379,B2B,3750.0,177.74,2025-06-06 05:00:00
380,Customer_380,Enterprise,296.0,411.83,2025-01-13 07:00:00
380,Customer_380,Enterprise,613.0,130.96,2025-01-26 12:00:00
380,Customer_380,Enterprise,1611.0,277.26,2025-03-09 02:00:00
380,Customer_380,Enterprise,2466.0,317.97,2025-04-13 17:00:00
380,Customer_380,Enterprise,2626.0,52.2,2025-04-20 09:00:00
380,Customer_380,Enterprise,2888.0,218.9,2025-05-01 07:00:00
380,Customer_380,Enterprise,4006.0,137.73,2025-06-16 21:00:00
380,Customer_380,Enterprise,4370.0,260.09,2025-07-02 01:00:00
381,Customer_381,B2C,340.0,206.35,2025-01-15 03:00:00
381,Customer_381,B2C,803.0,110.08,2025-02-03 10:00:00
381,Customer_381,B2C,1063.0,335.02,2025-02-14 06:00:00
381,Customer_381,B2C,1210.0,427.5,2025-02-20 09:00:00
381,Customer_381,B2C,1425.0,480.77,2025-03-01 08:00:00
381,Customer_381,B2C,1549.0,423.98,2025-03-06 12:00:00
381,Customer_381,B2C,1912.0,242.52,2025-03-21 15:00:00
381,Customer_381,B2C,2151.0,475.15,2025-03-31 14:00:00
382,Customer_382,Enterprise,834.0,259.36,2025-02-04 17:00:00
382,Customer_382,Enterprise,1019.0,383.47,2025-02-12 10:00:00
382,Customer_382,Enterprise,1585.0,162.02,2025-03-08 00:00:00
382,Customer_382,Enterprise,1762.0,252.24,2025-03-15 09:00:00
382,Customer_382,Enterprise,2239.0,76.67,2025-04-04 06:00:00
382,Customer_382,Enterprise,2494.0,204.07,2025-04-14 21:00:00
382,Customer_382,Enterprise,3462.0,95.65,2025-05-25 05:00:00
382,Customer_382,Enterprise,3953.0,470.69,2025-06-14 16:00:00
383,Customer_383,B2B,965.0,63.83,2025-02-10 04:00:00
383,Customer_383,B2B,2139.0,424.92,2025-03-31 02:00:00
383,Customer_383,B2B,2717.0,454.36,2025-04-24 04:00:00
383,Customer_383,B2B,4255.0,322.67,2025-06-27 06:00:00
383,Customer_383,B2B,4419.0,236.68,2025-07-04 02:00:00
383,Customer_383,B2B,4544.0,403.74,2025-07-09 07:00:00
384,Customer_384,B2C,1154.0,51.85,2025-02-18 01:00:00
384,Customer_384,B2C,2085.0,87.03,2025-03-28 20:00:00
384,Customer_384,B2C,2866.0,438.63,2025-04-30 09:00:00
384,Customer_384,B2C,3445.0,245.27,2025-05-24 12:00:00
384,Customer_384,B2C,4035.0,447.95,2025-06-18 02:00:00
384,Customer_384,B2C,4151.0,223.44,2025-06-22 22:00:00
384,Customer_384,B2C,4604.0,218.94,2025-07-11 19:00:00
384,Customer_384,B2C,4890.0,70.23,2025-07-23 17:00:00
385,Customer_385,Enterprise,1320.0,190.44,2025-02-24 23:00:00
385,Customer_385,Enterprise,1720.0,34.01,2025-03-13 15:00:00
385,Customer_385,Enterprise,2723.0,252.35,2025-04-24 10:00:00
385,Customer_385,Enterprise,3850.0,362.32,2025-06-10 09:00:00
385,Customer_385,Enterprise,4829.0,70.55,2025-07-21 04:00:00
386,Customer_386,B2C,224.0,417.44,2025-01-10 07:00:00
386,Customer_386,B2C,349.0,408.72,2025-01-15 12:00:00
386,Customer_386,B2C,890.0,431.23,2025-02-07 01:00:00
386,Customer_386,B2C,1635.0,419.14,2025-03-10 02:00:00
386,Customer_386,B2C,2195.0,142.17,2025-04-02 10:00:00
386,Customer_386,B2C,4131.0,72.38,2025-06-22 02:00:00
387,Customer_387,Enterprise,844.0,131.82,2025-02-05 03:00:00
387,Customer_387,Enterprise,871.0,62.33,2025-02-06 06:00:00
387,Customer_387,Enterprise,2197.0,332.86,2025-04-02 12:00:00
387,Customer_387,Enterprise,2579.0,118.67,2025-04-18 10:00:00
387,Customer_387,Enterprise,3082.0,101.52,2025-05-09 09:00:00
387,Customer_387,Enterprise,3659.0,459.16,2025-06-02 10:00:00
387,Customer_387,Enterprise,3796.0,477.52,2025-06-08 03:00:00
387,Customer_387,Enterprise,4000.0,211.37,2025-06-16 15:00:00
387,Customer_387,Enterprise,4526.0,347.66,2025-07-08 13:00:00
388,Customer_388,B2C,2657.0,460.82,2025-04-21 16:00:00
388,Customer_388,B2C,4169.0,35.5,2025-06-23 16:00:00
388,Customer_388,B2C,4546.0,133.8,2025-07-09 09:00:00
388,Customer_388,B2C,4884.0,496.09,2025-07-23 11:00:00
389,Customer_389,B2B,593.0,54.8,2025-01-25 16:00:00
389,Customer_389,B2B,3882.0,70.3,2025-06-11 17:00:00
390,Customer_390,B2B,970.0,348.12,2025-02-10 09:00:00
390,Customer_390,B2B,1571.0,86.62,2025-03-07 10:00:00
390,Customer_390,B2B,2971.0,235.69,2025-05-04 18:00:00
390,Customer_390,B2B,3224.0,139.76,2025-05-15 07:00:00
390,Customer_390,B2B,3270.0,306.48,2025-05-17 05:00:00
390,Customer_390,B2B,3562.0,77.74,2025-05-29 09:00:00
390,Customer_390,B2B,3806.0,78.46,2025-06-08 13:00:00
390,Customer_390,B2B,4489.0,259.76,2025-07-07 00:00:00
390,Customer_390,B2B,4643.0,331.51,2025-07-13 10:00:00
390,Customer_390,B2B,4878.0,258.32,2025-07-23 05:00:00
391,Customer_391,B2C,119.0,333.12,2025-01-05 22:00:00
391,Customer_391,B2C,302.0,310.68,2025-01-13 13:00:00
391,Customer_391,B2C,524.0,205.67,2025-01-22 19:00:00
391,Customer_391,B2C,1737.0,341.34,2025-03-14 08:00:00
391,Customer_391,B2C,2135.0,425.62,2025-03-30 22:00:00
391,Customer_391,B2C,3115.0,228.41,2025-05-10 18:00:00
391,Customer_391,B2C,3439.0,106.58,2025-05-24 06:00:00
391,Customer_391,B2C,3622.0,40.0,2025-05-31 21:00:00
392,Customer_392,Enterprise,22.0,450.0,2025-01-01 21:00:00
392,Customer_392,Enterprise,912.0,372.34,2025-02-07 23:00:00
392,Customer_392,Enterprise,1556.0,210.5,2025-03-06 19:00:00
392,Customer_392,Enterprise,2650.0,215.92,2025-04-21 09:00:00
392,Customer_392,Enterprise,3638.0,258.87,2025-06-01 13:00:00
392,Customer_392,Enterprise,4177.0,50.69,2025-06-24 00:00:00
393,Customer_393,B2B,1689.0,230.03,2025-03-12 08:00:00
393,Customer_393,B2B,1888.0,490.88,2025-03-20 15:00:00
393,Customer_393,B2B,2315.0,195.56,2025-04-07 10:00:00
393,Customer_393,B2B,3161.0,174.45,2025-05-12 16:00:00
393,Customer_393,B2B,4464.0,427.74,2025-07-05 23:00:00
394,Customer_394,B2B,741.0,260.45,2025-01-31 20:00:00
394,Customer_394,B2B,3181.0,14.49,2025-05-13 12:00:00
395,Customer_395,B2B,684.0,191.41,2025-01-29 11:00:00
395,Customer_395,B2B,893.0,16.48,2025-02-07 04:00:00
395,Customer_395,B2B,1084.0,176.6,2025-02-15 03:00:00
395,Customer_395,B2B,1660.0,225.17,2025-03-11 03:00:00
395,Customer_395,B2B,2253.0,36.71,2025-04-04 20:00:00
395,Customer_395,B2B,2647.0,351.54,2025-04-21 06:00:00
395,Customer_395,B2B,2759.0,282.09,2025-04-25 22:00:00
395,Customer_395,B2B,4137.0,174.79,2025-06-22 08:00:00
396,Customer_396,B2C,175.0,172.67,2025-01-08 06:00:00
396,Customer_396,B2C,353.0,84.2,2025-01-15 16:00:00
396,Customer_396,B2C,4144.0,93.18,2025-06-22 15:00:00
397,Customer_397,B2C,557.0,215.01,2025-01-24 04:00:00
397,Customer_397,B2C,819.0,193.66,2025-02-04 02:00:00
397,Customer_397,B2C,1219.0,344.73,2025-02-20 18:00:00
397,Customer_397,B2C,1683.0,71.37,2025-03-12 02:00:00
397,Customer_397,B2C,1814.0,273.27,2025-03-17 13:00:00
397,Customer_397,B2C,2506.0,86.88,2025-04-15 09:00:00
397,Customer_397,B2C,3033.0,228.92,2025-05-07 08:00:00
398,Customer_398,Enterprise,2363.0,383.47,2025-04-09 10:00:00
398,Customer_398,Enterprise,3079.0,179.35,2025-05-09 06:00:00
399,Customer_399,Enterprise,608.0,457.39,2025-01-26 07:00:00
399,Customer_399,Enterprise,1273.0,385.0,2025-02-23 00:00:00
399,Customer_399,Enterprise,1529.0,276.95,2025-03-05 16:00:00
399,Customer_399,Enterprise,1735.0,71.79,2025-03-14 06:00:00
399,Customer_399,Enterprise,1982.0,276.04,2025-03-24 13:00:00
399,Customer_399,Enterprise,2062.0,18.31,2025-03-27 21:00:00
399,Customer_399,Enterprise,2783.0,195.69,2025-04-26 22:00:00
399,Customer_399,Enterprise,3394.0,187.67,2025-05-22 09:00:00
399,Customer_399,Enterprise,4457.0,93.67,2025-07-05 16:00:00
399,Customer_399,Enterprise,4892.0,206.96,2025-07-23 19:00:00
400,Customer_400,Enterprise,1456.0,399.07,2025-03-02 15:00:00
400,Customer_400,Enterprise,1601.0,418.82,2025-03-08 16:00:00
400,Customer_400,Enterprise,1990.0,90.64,2025-03-24 21:00:00
400,Customer_400,Enterprise,2043.0,209.17,2025-03-27 02:00:00
400,Customer_400,Enterprise,4111.0,183.2,2025-06-21 06:00:00
400,Customer_400,Enterprise,4223.0,325.98,2025-06-25 22:00:00
401,Customer_401,B2C,418.0,452.18,2025-01-18 09:00:00
401,Customer_401,B2C,520.0,127.93,2025-01-22 15:00:00
401,Customer_401,B2C,788.0,105.9,2025-02-02 19:00:00
401,Customer_401,B2C,918.0,212.62,2025-02-08 05:00:00
401,Customer_401,B2C,1976.0,130.45,2025-03-24 07:00:00
401,Customer_401,B2C,2313.0,281.51,2025-04-07 08:00:00
401,Customer_401,B2C,2993.0,108.28,2025-05-05 16:00:00
401,Customer_401,B2C,3367.0,276.99,2025-05-21 06:00:00
401,Customer_401,B2C,3600.0,37.63,2025-05-30 23:00:00
401,Customer_401,B2C,3918.0,349.01,2025-06-13 05:00:00
401,Customer_401,B2C,4110.0,404.99,2025-06-21 05:00:00
402,Customer_402,B2C,97.0,444.18,2025-01-05 00:00:00
402,Customer_402,B2C,537.0,349.1,2025-01-23 08:00:00
402,Customer_402,B2C,1790.0,454.42,2025-03-16 13:00:00
403,Customer_403,Enterprise,2916.0,86.7,2025-05-02 11:00:00
403,Customer_403,Enterprise,3380.0,323.3,2025-05-21 19:00:00
403,Customer_403,Enterprise,3627.0,391.97,2025-06-01 02:00:00
403,Customer_403,Enterprise,3681.0,337.33,2025-06-03 08:00:00
404,Customer_404,Enterprise,1015.0,249.63,2025-02-12 06:00:00
404,Customer_404,Enterprise,2486.0,445.41,2025-04-14 13:00:00
404,Customer_404,Enterprise,3338.0,31.5,2025-05-20 01:00:00
404,Customer_404,Enterprise,3359.0,381.61,2025-05-20 22:00:00
404,Customer_404,Enterprise,3631.0,473.38,2025-06-01 06:00:00
404,Customer_404,Enterprise,4312.0,231.42,2025-06-29 15:00:00
405,Customer_405,B2C,202.0,267.48,2025-01-09 09:00:00
405,Customer_405,B2C,1530.0,71.57,2025-03-05 17:00:00
405,Customer_405,B2C,1638.0,370.6,2025-03-10 05:00:00
405,Customer_405,B2C,1881.0,156.72,2025-03-20 08:00:00
405,Customer_405,B2C,1920.0,318.71,2025-03-21 23:00:00
405,Customer_405,B2C,3389.0,396.75,2025-05-22 04:00:00
405,Customer_405,B2C,4183.0,200.54,2025-06-24 06:00:00
405,Customer_405,B2C,4835.0,479.34,2025-07-21 10:00:00
406,Customer_406,Enterprise,448.0,226.5,2025-01-19 15:00:00
406,Customer_406,Enterprise,1475.0,361.83,2025-03-03 10:00:00
406,Customer_406,Enterprise,1506.0,292.51,2025-03-04 17:00:00
406,Customer_406,Enterprise,1950.0,298.33,2025-03-23 05:00:00
406,Customer_406,Enterprise,2431.0,13.61,2025-04-12 06:00:00
406,Customer_406,Enterprise,2444.0,240.2,2025-04-12 19:00:00
406,Customer_406,Enterprise,4304.0,449.92,2025-06-29 07:00:00
406,Customer_406,Enterprise,4515.0,481.13,2025-07-08 02:00:00
406,Customer_406,Enterprise,4545.0,497.85,2025-07-09 08:00:00
407,Customer_407,B2B,199.0,80.21,2025-01-09 06:00:00
407,Customer_407,B2B,1268.0,188.07,2025-02-22 19:00:00
407,Customer_407,B2B,1499.0,250.6,2025-03-04 10:00:00
407,Customer_407,B2B,1843.0,470.97,2025-03-18 18:00:00
407,Customer_407,B2B,2324.0,372.85,2025-04-07 19:00:00
407,Customer_407,B2B,2782.0,375.24,2025-04-26 21:00:00
407,Customer_407,B2B,3511.0,150.25,2025-05-27 06:00:00
407,Customer_407,B2B,4641.0,93.56,2025-07-13 08:00:00
407,Customer_407,B2B,4873.0,78.92,2025-07-23 00:00:00
408,Customer_408,B2C,1723.0,170.1,2025-03-13 18:00:00
408,Customer_408,B2C,2034.0,311.98,2025-03-26 17:00:00
408,Customer_408,B2C,2595.0,259.15,2025-04-19 02:00:00
408,Customer_408,B2C,2940.0,320.61,2025-05-03 11:00:00
409,Customer_409,Enterprise,3091.0,132.74,2025-05-09 18:00:00
409,Customer_409,Enterprise,3745.0,185.18,2025-06-06 00:00:00
409,Customer_409,Enterprise,4087.0,380.7,2025-06-20 06:00:00
410,Customer_410,B2C,29.0,89.88,2025-01-02 04:00:00
410,Customer_410,B2C,90.0,37.77,2025-01-04 17:00:00
410,Customer_410,B2C,973.0,308.81,2025-02-10 12:00:00
411,Customer_411,B2B,135.0,391.96,2025-01-06 14:00:00
411,Customer_411,B2B,157.0,220.24,2025-01-07 12:00:00
411,Customer_411,B2B,3459.0,298.52,2025-05-25 02:00:00
412,Customer_412,B2C,774.0,265.07,2025-02-02 05:00:00
412,Customer_412,B2C,2549.0,467.68,2025-04-17 04:00:00
412,Customer_412,B2C,2938.0,144.84,2025-05-03 09:00:00
412,Customer_412,B2C,3152.0,221.89,2025-05-12 07:00:00
412,Customer_412,B2C,3191.0,362.96,2025-05-13 22:00:00
412,Customer_412,B2C,3648.0,37.03,2025-06-01 23:00:00
412,Customer_412,B2C,3954.0,447.12,2025-06-14 17:00:00
412,Customer_412,B2C,4509.0,161.23,2025-07-07 20:00:00
413,Customer_413,B2C,1858.0,81.59,2025-03-19 09:00:00
413,Customer_413,B2C,3702.0,287.27,2025-06-04 05:00:00
413,Customer_413,B2C,4023.0,451.62,2025-06-17 14:00:00
414,Customer_414,B2C,569.0,392.3,2025-01-24 16:00:00
414,Customer_414,B2C,769.0,276.69,2025-02-02 00:00:00
414,Customer_414,B2C,1176.0,224.57,2025-02-18 23:00:00
414,Customer_414,B2C,1797.0,102.27,2025-03-16 20:00:00
414,Customer_414,B2C,2036.0,315.05,2025-03-26 19:00:00
414,Customer_414,B2C,2868.0,404.5,2025-04-30 11:00:00
414,Customer_414,B2C,3685.0,166.89,2025-06-03 12:00:00
414,Customer_414,B2C,3715.0,337.0,2025-06-04 18:00:00
414,Customer_414,B2C,3904.0,366.51,2025-06-12 15:00:00
414,Customer_414,B2C,3931.0,158.58,2025-06-13 18:00:00
414,Customer_414,B2C,4074.0,164.27,2025-06-19 17:00:00
415,Customer_415,B2C,4234.0,472.08,2025-06-26 09:00:00
415,Customer_415,B2C,4866.0,241.16,2025-07-22 17:00:00
416,Customer_416,B2B,575.0,370.16,2025-01-24 22:00:00
416,Customer_416,B2B,954.0,126.37,2025-02-09 17:00:00
416,Customer_416,B2B,1711.0,380.76,2025-03-13 06:00:00
416,Customer_416,B2B,2711.0,211.89,2025-04-23 22:00:00
416,Customer_416,B2B,3935.0,252.87,2025-06-13 22:00:00
416,Customer_416,B2B,4004.0,49.0,2025-06-16 19:00:00
416,Customer_416,B2B,4636.0,342.98,2025-07-13 03:00:00
417,Customer_417,B2C,1235.0,341.44,2025-02-21 10:00:00
417,Customer_417,B2C,2269.0,76.46,2025-04-05 12:00:00
417,Customer_417,B2C,2780.0,154.4,2025-04-26 19:00:00
417,Customer_417,B2C,4606.0,21.03,2025-07-11 21:00:00
418,Customer_418,B2C,227.0,60.68,2025-01-10 10:00:00
418,Customer_418,B2C,319.0,354.03,2025-01-14 06:00:00
418,Customer_418,B2C,1033.0,206.92,2025-02-13 00:00:00
418,Customer_418,B2C,1899.0,465.09,2025-03-21 02:00:00
418,Customer_418,B2C,3518.0,121.49,2025-05-27 13:00:00
419,Customer_419,Enterprise,63.0,119.92,2025-01-03 14:00:00
419,Customer_419,Enterprise,654.0,381.44,2025-01-28 05:00:00
419,Customer_419,Enterprise,1369.0,57.38,2025-02-27 00:00:00
419,Customer_419,Enterprise,1505.0,227.91,2025-03-04 16:00:00
419,Customer_419,Enterprise,2585.0,51.54,2025-04-18 16:00:00
419,Customer_419,Enterprise,2642.0,168.53,2025-04-21 01:00:00
419,Customer_419,Enterprise,3547.0,419.94,2025-05-28 18:00:00
419,Customer_419,Enterprise,3740.0,324.72,2025-06-05 19:00:00
419,Customer_419,Enterprise,4897.0,297.23,2025-07-24 00:00:00
419,Customer_419,Enterprise,4899.0,292.76,2025-07-24 02:00:00
420,Customer_420,B2C,130.0,108.75,2025-01-06 09:00:00
420,Customer_420,B2C,205.0,398.17,2025-01-09 12:00:00
420,Customer_420,B2C,1026.0,471.09,2025-02-12 17:00:00
420,Customer_420,B2C,1295.0,202.94,2025-02-23 22:00:00
420,Customer_420,B2C,1613.0,348.91,2025-03-09 04:00:00
420,Customer_420,B2C,2544.0,141.34,2025-04-16 23:00:00
420,Customer_420,B2C,2603.0,398.34,2025-04-19 10:00:00
420,Customer_420,B2C,3450.0,451.44,2025-05-24 17:00:00
420,Customer_420,B2C,3726.0,347.68,2025-06-05 05:00:00
420,Customer_420,B2C,3824.0,157.6,2025-06-09 07:00:00
420,Customer_420,B2C,4408.0,452.52,2025-07-03 15:00:00
421,Customer_421,Enterprise,1849.0,141.32,2025-03-19 00:00:00
421,Customer_421,Enterprise,2633.0,296.97,2025-04-20 16:00:00
421,Customer_421,Enterprise,2992.0,489.15,2025-05-05 15:00:00
421,Customer_421,Enterprise,3113.0,297.03,2025-05-10 16:00:00
421,Customer_421,Enterprise,3301.0,473.58,2025-05-18 12:00:00
421,Customer_421,Enterprise,3409.0,102.68,2025-05-23 00:00:00
422,Customer_422,B2B,105.0,339.82,2025-01-05 08:00:00
422,Customer_422,B2B,731.0,36.28,2025-01-31 10:00:00
422,Customer_422,B2B,1615.0,90.04,2025-03-09 06:00:00
422,Customer_422,B2B,1679.0,334.49,2025-03-11 22:00:00
422,Customer_422,B2B,3215.0,248.36,2025-05-14 22:00:00
422,Customer_422,B2B,4503.0,121.75,2025-07-07 14:00:00
422,Customer_422,B2B,4517.0,230.55,2025-07-08 04:00:00
423,Customer_423,B2B,1645.0,466.03,2025-03-10 12:00:00
423,Customer_423,B2B,2104.0,58.63,2025-03-29 15:00:00
423,Customer_423,B2B,3508.0,161.72,2025-05-27 03:00:00
424,Customer_424,B2B,275.0,313.39,2025-01-12 10:00:00
424,Customer_424,B2B,1078.0,170.64,2025-02-14 21:00:00
424,Customer_424,B2B,2340.0,115.58,2025-04-08 11:00:00
424,Customer_424,B2B,2421.0,131.26,2025-04-11 20:00:00
424,Customer_424,B2B,2473.0,377.58,2025-04-14 00:00:00
424,Customer_424,B2B,4434.0,278.72,2025-07-04 17:00:00
424,Customer_424,B2B,4640.0,415.82,2025-07-13 07:00:00
425,Customer_425,B2B,911.0,400.26,2025-02-07 22:00:00
425,Customer_425,B2B,1410.0,260.13,2025-02-28 17:00:00
425,Customer_425,B2B,1690.0,235.06,2025-03-12 09:00:00
425,Customer_425,B2B,2087.0,264.0,2025-03-28 22:00:00
425,Customer_425,B2B,3654.0,375.69,2025-06-02 05:00:00
425,Customer_425,B2B,3896.0,262.81,2025-06-12 07:00:00
425,Customer_425,B2B,4016.0,69.73,2025-06-17 07:00:00
425,Customer_425,B2B,4294.0,283.33,2025-06-28 21:00:00
426,Customer_426,Enterprise,562.0,241.15,2025-01-24 09:00:00
426,Customer_426,Enterprise,740.0,362.99,2025-01-31 19:00:00
426,Customer_426,Enterprise,2004.0,327.53,2025-03-25 11:00:00
426,Customer_426,Enterprise,2070.0,413.1,2025-03-28 05:00:00
426,Customer_426,Enterprise,2348.0,57.71,2025-04-08 19:00:00
426,Customer_426,Enterprise,3899.0,453.91,2025-06-12 10:00:00
426,Customer_426,Enterprise,4834.0,95.05,2025-07-21 09:00:00
427,Customer_427,B2C,1149.0,461.06,2025-02-17 20:00:00
427,Customer_427,B2C,1175.0,32.12,2025-02-18 22:00:00
427,Customer_427,B2C,1266.0,471.25,2025-02-22 17:00:00
427,Customer_427,B2C,2171.0,215.28,2025-04-01 10:00:00
427,Customer_427,B2C,2643.0,100.07,2025-04-21 02:00:00
427,Customer_427,B2C,3290.0,399.38,2025-05-18 01:00:00
428,Customer_428,B2B,945.0,163.71,2025-02-09 08:00:00
428,Customer_428,B2B,1151.0,280.88,2025-02-17 22:00:00
428,Customer_428,B2B,1416.0,472.91,2025-02-28 23:00:00
428,Customer_428,B2B,2982.0,107.79,2025-05-05 05:00:00
428,Customer_428,B2B,3239.0,164.07,2025-05-15 22:00:00
428,Customer_428,B2B,3575.0,431.95,2025-05-29 22:00:00
428,Customer_428,B2B,4473.0,480.03,2025-07-06 08:00:00
429,Customer_429,B2C,271.0,379.2,2025-01-12 06:00:00
429,Customer_429,B2C,597.0,265.47,2025-01-25 20:00:00
429,Customer_429,B2C,1519.0,24.87,2025-03-05 06:00:00
429,Customer_429,B2C,2605.0,42.66,2025-04-19 12:00:00
429,Customer_429,B2C,4026.0,79.03,2025-06-17 17:00:00
429,Customer_429,B2C,4093.0,321.98,2025-06-20 12:00:00
429,Customer_429,B2C,4853.0,282.56,2025-07-22 04:00:00
430,Customer_430,Enterprise,814.0,465.12,2025-02-03 21:00:00
430,Customer_430,Enterprise,861.0,43.41,2025-02-05 20:00:00
430,Customer_430,Enterprise,2669.0,103.62,2025-04-22 04:00:00
430,Customer_430,Enterprise,4309.0,298.77,2025-06-29 12:00:00
431,Customer_431,Enterprise,211.0,143.26,2025-01-09 18:00:00
431,Customer_431,Enterprise,2420.0,150.28,2025-04-11 19:00:00
431,Customer_431,Enterprise,2536.0,103.71,2025-04-16 15:00:00
431,Customer_431,Enterprise,2694.0,27.81,2025-04-23 05:00:00
431,Customer_431,Enterprise,3009.0,352.05,2025-05-06 08:00:00
432,Customer_432,Enterprise,605.0,406.98,2025-01-26 04:00:00
432,Customer_432,Enterprise,1367.0,492.02,2025-02-26 22:00:00
432,Customer_432,Enterprise,1959.0,229.56,2025-03-23 14:00:00
432,Customer_432,Enterprise,2394.0,142.03,2025-04-10 17:00:00
432,Customer_432,Enterprise,2476.0,146.17,2025-04-14 03:00:00
433,Customer_433,B2B,3421.0,472.58,2025-05-23 12:00:00
433,Customer_433,B2B,3976.0,425.9,2025-06-15 15:00:00
433,Customer_433,B2B,4237.0,358.88,2025-06-26 12:00:00
433,Customer_433,B2B,4752.0,76.61,2025-07-17 23:00:00
434,Customer_434,B2C,2248.0,493.42,2025-04-04 15:00:00
434,Customer_434,B2C,2659.0,191.54,2025-04-21 18:00:00
434,Customer_434,B2C,3165.0,327.57,2025-05-12 20:00:00
434,Customer_434,B2C,4311.0,109.47,2025-06-29 14:00:00
434,Customer_434,B2C,4313.0,400.5,2025-06-29 16:00:00
434,Customer_434,B2C,4737.0,273.21,2025-07-17 08:00:00
435,Customer_435,B2C,24.0,202.62,2025-01-01 23:00:00
435,Customer_435,B2C,264.0,164.47,2025-01-11 23:00:00
435,Customer_435,B2C,483.0,130.47,2025-01-21 02:00:00
435,Customer_435,B2C,1722.0,411.55,2025-03-13 17:00:00
435,Customer_435,B2C,1801.0,61.28,2025-03-17 00:00:00
435,Customer_435,B2C,2121.0,300.85,2025-03-30 08:00:00
435,Customer_435,B2C,2730.0,430.9,2025-04-24 17:00:00
435,Customer_435,B2C,4034.0,38.0,2025-06-18 01:00:00
436,Customer_436,B2C,215.0,300.8,2025-01-09 22:00:00
436,Customer_436,B2C,1550.0,186.24,2025-03-06 13:00:00
436,Customer_436,B2C,1678.0,344.43,2025-03-11 21:00:00
436,Customer_436,B2C,1734.0,182.72,2025-03-14 05:00:00
436,Customer_436,B2C,1838.0,220.77,2025-03-18 13:00:00
436,Customer_436,B2C,2166.0,234.3,2025-04-01 05:00:00
436,Customer_436,B2C,3492.0,228.88,2025-05-26 11:00:00
436,Customer_436,B2C,3767.0,376.14,2025-06-06 22:00:00
437,Customer_437,Enterprise,744.0,416.07,2025-01-31 23:00:00
437,Customer_437,Enterprise,1900.0,253.4,2025-03-21 03:00:00
437,Customer_437,Enterprise,2365.0,111.68,2025-04-09 12:00:00
437,Customer_437,Enterprise,2913.0,260.65,2025-05-02 08:00:00
437,Customer_437,Enterprise,4167.0,475.8,2025-06-23 14:00:00
438,Customer_438,B2B,2423.0,328.98,2025-04-11 22:00:00
438,Customer_438,B2B,2600.0,86.29,2025-04-19 07:00:00
438,Customer_438,B2B,3056.0,223.66,2025-05-08 07:00:00
438,Customer_438,B2B,3198.0,42.26,2025-05-14 05:00:00
438,Customer_438,B2B,3326.0,33.06,2025-05-19 13:00:00
438,Customer_438,B2B,4332.0,489.47,2025-06-30 11:00:00
438,Customer_438,B2B,4810.0,149.21,2025-07-20 09:00:00
439,Customer_439,Enterprise,1355.0,241.1,2025-02-26 10:00:00
439,Customer_439,Enterprise,3671.0,104.09,2025-06-02 22:00:00
439,Customer_439,Enterprise,4344.0,20.77,2025-06-30 23:00:00
439,Customer_439,Enterprise,4446.0,384.17,2025-07-05 05:00:00
439,Customer_439,Enterprise,4482.0,466.45,2025-07-06 17:00:00
439,Customer_439,Enterprise,4824.0,36.43,2025-07-20 23:00:00
440,Customer_440,Enterprise,586.0,149.96,2025-01-25 09:00:00
440,Customer_440,Enterprise,615.0,282.02,2025-01-26 14:00:00
440,Customer_440,Enterprise,836.0,434.36,2025-02-04 19:00:00
440,Customer_440,Enterprise,2629.0,80.77,2025-04-20 12:00:00
440,Customer_440,Enterprise,2653.0,48.47,2025-04-21 12:00:00
441,Customer_441,B2C,19.0,93.76,2025-01-01 18:00:00
441,Customer_441,B2C,133.0,413.4,2025-01-06 12:00:00
441,Customer_441,B2C,1377.0,239.18,2025-02-27 08:00:00
441,Customer_441,B2C,2055.0,151.68,2025-03-27 14:00:00
441,Customer_441,B2C,2469.0,147.09,2025-04-13 20:00:00
441,Customer_441,B2C,2960.0,140.14,2025-05-04 07:00:00
441,Customer_441,B2C,3178.0,31.39,2025-05-13 09:00:00
442,Customer_442,Enterprise,388.0,318.75,2025-01-17 03:00:00
442,Customer_442,Enterprise,1441.0,305.59,2025-03-02 00:00:00
442,Customer_442,Enterprise,1742.0,61.77,2025-03-14 13:00:00
442,Customer_442,Enterprise,2303.0,103.29,2025-04-06 22:00:00
442,Customer_442,Enterprise,4109.0,266.97,2025-06-21 04:00:00
442,Customer_442,Enterprise,4243.0,216.11,2025-06-26 18:00:00
443,Customer_443,B2C,307.0,188.76,2025-01-13 18:00:00
443,Customer_443,B2C,538.0,78.59,2025-01-23 09:00:00
443,Customer_443,B2C,2325.0,380.89,2025-04-07 20:00:00
443,Customer_443,B2C,2662.0,471.53,2025-04-21 21:00:00
443,Customer_443,B2C,2808.0,53.95,2025-04-27 23:00:00
443,Customer_443,B2C,3480.0,132.45,2025-05-25 23:00:00
443,Customer_443,B2C,3697.0,167.06,2025-06-04 00:00:00
443,Customer_443,B2C,3791.0,26.38,2025-06-07 22:00:00
443,Customer_443,B2C,4794.0,219.03,2025-07-19 17:00:00
444,Customer_444,B2B,2641.0,127.67,2025-04-21 00:00:00
444,Customer_444,B2B,3867.0,177.55,2025-06-11 02:00:00
444,Customer_444,B2B,4476.0,355.01,2025-07-06 11:00:00
445,Customer_445,B2C,1007.0,237.87,2025-02-11 22:00:00
445,Customer_445,B2C,1314.0,211.26,2025-02-24 17:00:00
445,Customer_445,B2C,2086.0,481.55,2025-03-28 21:00:00
445,Customer_445,B2C,2410.0,35.83,2025-04-11 09:00:00
445,Customer_445,B2C,2524.0,25.92,2025-04-16 03:00:00
445,Customer_445,B2C,3817.0,458.16,2025-06-09 00:00:00
445,Customer_445,B2C,4121.0,490.07,2025-06-21 16:00:00
445,Customer_445,B2C,4809.0,184.42,2025-07-20 08:00:00
445,Customer_445,B2C,4860.0,176.1,2025-07-22 11:00:00
446,Customer_446,B2B,1450.0,93.53,2025-03-02 09:00:00
446,Customer_446,B2B,2927.0,213.98,2025-05-02 22:00:00
446,Customer_446,B2B,3228.0,117.34,2025-05-15 11:00:00
446,Customer_446,B2B,3261.0,124.48,2025-05-16 20:00:00
446,Customer_446,B2B,4439.0,35.33,2025-07-04 22:00:00
446,Customer_446,B2B,4756.0,169.5,2025-07-18 03:00:00
447,Customer_447,B2C,1570.0,458.4,2025-03-07 09:00:00
447,Customer_447,B2C,2156.0,27.23,2025-03-31 19:00:00
447,Customer_447,B2C,4472.0,53.92,2025-07-06 07:00:00
447,Customer_447,B2C,4695.0,124.2,2025-07-15 14:00:00
448,Customer_448,Enterprise,122.0,151.83,2025-01-06 01:00:00
448,Customer_448,Enterprise,764.0,156.15,2025-02-01 19:00:00
448,Customer_448,Enterprise,2671.0,232.44,2025-04-22 06:00:00
448,Customer_448,Enterprise,4881.0,384.17,2025-07-23 08:00:00
449,Customer_449,Enterprise,1077.0,68.5,2025-02-14 20:00:00
449,Customer_449,Enterprise,1496.0,199.28,2025-03-04 07:00:00
449,Customer_449,Enterprise,1712.0,295.39,2025-03-13 07:00:00
449,Customer_449,Enterprise,1874.0,458.75,2025-03-20 01:00:00
449,Customer_449,Enterprise,2468.0,373.89,2025-04-13 19:00:00
449,Customer_449,Enterprise,3718.0,315.42,2025-06-04 21:00:00
449,Customer_449,Enterprise,3967.0,112.92,2025-06-15 06:00:00
449,Customer_449,Enterprise,4801.0,163.49,2025-07-20 00:00:00
450,Customer_450,B2B,465.0,440.24,2025-01-20 08:00:00
450,Customer_450,B2B,564.0,289.44,2025-01-24 11:00:00
450,Customer_450,B2B,1248.0,73.87,2025-02-21 23:00:00
450,Customer_450,B2B,2254.0,419.86,2025-04-04 21:00:00
450,Customer_450,B2B,2562.0,246.42,2025-04-17 17:00:00
450,Customer_450,B2B,2893.0,16.28,2025-05-01 12:00:00
450,Customer_450,B2B,3280.0,474.18,2025-05-17 15:00:00
450,Customer_450,B2B,3614.0,255.1,2025-05-31 13:00:00
450,Customer_450,B2B,3922.0,225.36,2025-06-13 09:00:00
450,Customer_450,B2B,4258.0,367.95,2025-06-27 09:00:00
450,Customer_450,B2B,4656.0,44.23,2025-07-13 23:00:00
451,Customer_451,B2B,2613.0,463.83,2025-04-19 20:00:00
451,Customer_451,B2B,2901.0,246.29,2025-05-01 20:00:00
451,Customer_451,B2B,3320.0,222.68,2025-05-19 07:00:00
451,Customer_451,B2B,3584.0,73.59,2025-05-30 07:00:00
451,Customer_451,B2B,3988.0,400.07,2025-06-16 03:00:00
451,Customer_451,B2B,4218.0,482.27,2025-06-25 17:00:00
451,Customer_451,B2B,4508.0,493.07,2025-07-07 19:00:00
452,Customer_452,B2B,326.0,468.02,2025-01-14 13:00:00
452,Customer_452,B2B,1318.0,334.06,2025-02-24 21:00:00
452,Customer_452,B2B,2983.0,28.51,2025-05-05 06:00:00
452,Customer_452,B2B,3008.0,328.09,2025-05-06 07:00:00
452,Customer_452,B2B,3544.0,190.46,2025-05-28 15:00:00
452,Customer_452,B2B,3574.0,289.05,2025-05-29 21:00:00
452,Customer_452,B2B,3617.0,396.63,2025-05-31 16:00:00
452,Customer_452,B2B,3703.0,87.05,2025-06-04 06:00:00
453,Customer_453,B2C,843.0,379.74,2025-02-05 02:00:00
453,Customer_453,B2C,1443.0,276.46,2025-03-02 02:00:00
453,Customer_453,B2C,2530.0,280.33,2025-04-16 09:00:00
453,Customer_453,B2C,3223.0,389.59,2025-05-15 06:00:00
453,Customer_453,B2C,3559.0,437.06,2025-05-29 06:00:00
453,Customer_453,B2C,4430.0,326.84,2025-07-04 13:00:00
454,Customer_454,B2C,692.0,40.59,2025-01-29 19:00:00
454,Customer_454,B2C,1216.0,194.72,2025-02-20 15:00:00
454,Customer_454,B2C,1249.0,109.73,2025-02-22 00:00:00
454,Customer_454,B2C,2193.0,462.41,2025-04-02 08:00:00
454,Customer_454,B2C,2293.0,206.48,2025-04-06 12:00:00
454,Customer_454,B2C,2573.0,211.3,2025-04-18 04:00:00
455,Customer_455,B2B,416.0,36.74,2025-01-18 07:00:00
455,Customer_455,B2B,770.0,488.13,2025-02-02 01:00:00
455,Customer_455,B2B,881.0,70.68,2025-02-06 16:00:00
455,Customer_455,B2B,1225.0,209.14,2025-02-21 00:00:00
455,Customer_455,B2B,1370.0,363.02,2025-02-27 01:00:00
455,Customer_455,B2B,1629.0,136.16,2025-03-09 20:00:00
455,Customer_455,B2B,2440.0,340.07,2025-04-12 15:00:00
455,Customer_455,B2B,3029.0,442.42,2025-05-07 04:00:00
455,Customer_455,B2B,3858.0,403.62,2025-06-10 17:00:00
455,Customer_455,B2B,4198.0,128.67,2025-06-24 21:00:00
456,Customer_456,Enterprise,1476.0,192.3,2025-03-03 11:00:00
456,Customer_456,Enterprise,2521.0,141.74,2025-04-16 00:00:00
456,Customer_456,Enterprise,2931.0,121.11,2025-05-03 02:00:00
456,Customer_456,Enterprise,3141.0,472.22,2025-05-11 20:00:00
456,Customer_456,Enterprise,3188.0,129.93,2025-05-13 19:00:00
456,Customer_456,Enterprise,3314.0,276.5,2025-05-19 01:00:00
457,Customer_457,B2C,1591.0,75.31,2025-03-08 06:00:00
457,Customer_457,B2C,2256.0,268.23,2025-04-04 23:00:00
457,Customer_457,B2C,3134.0,247.06,2025-05-11 13:00:00
457,Customer_457,B2C,3906.0,429.8,2025-06-12 17:00:00
457,Customer_457,B2C,4813.0,133.51,2025-07-20 12:00:00
458,Customer_458,B2C,294.0,124.53,2025-01-13 05:00:00
458,Customer_458,B2C,3570.0,405.66,2025-05-29 17:00:00
458,Customer_458,B2C,4217.0,204.16,2025-06-25 16:00:00
458,Customer_458,B2C,4298.0,163.55,2025-06-29 01:00:00
459,Customer_459,B2C,71.0,50.93,2025-01-03 22:00:00
459,Customer_459,B2C,810.0,92.23,2025-02-03 17:00:00
459,Customer_459,B2C,831.0,177.21,2025-02-04 14:00:00
459,Customer_459,B2C,967.0,178.04,2025-02-10 06:00:00
459,Customer_459,B2C,1304.0,183.85,2025-02-24 07:00:00
459,Customer_459,B2C,1389.0,444.84,2025-02-27 20:00:00
459,Customer_459,B2C,3040.0,478.43,2025-05-07 15:00:00
459,Customer_459,B2C,3211.0,148.51,2025-05-14 18:00:00
459,Customer_459,B2C,4226.0,20.88,2025-06-26 01:00:00
460,Customer_460,B2B,183.0,278.59,2025-01-08 14:00:00
460,Customer_460,B2B,804.0,215.16,2025-02-03 11:00:00
460,Customer_460,B2B,1079.0,409.72,2025-02-14 22:00:00
460,Customer_460,B2B,1481.0,129.56,2025-03-03 16:00:00
460,Customer_460,B2B,2312.0,456.56,2025-04-07 07:00:00
460,Customer_460,B2B,4696.0,475.69,2025-07-15 15:00:00
460,Customer_460,B2B,4729.0,362.12,2025-07-17 00:00:00
461,Customer_461,B2B,1846.0,371.34,2025-03-18 21:00:00
461,Customer_461,B2B,3186.0,42.83,2025-05-13 17:00:00
462,Customer_462,B2B,194.0,54.04,2025-01-09 01:00:00
462,Customer_462,B2B,1523.0,75.55,2025-03-05 10:00:00
462,Customer_462,B2B,3390.0,25.29,2025-05-22 05:00:00
462,Customer_462,B2B,4235.0,399.59,2025-06-26 10:00:00
462,Customer_462,B2B,4888.0,386.25,2025-07-23 15:00:00
463,Customer_463,B2B,680.0,141.89,2025-01-29 07:00:00
463,Customer_463,B2B,922.0,477.28,2025-02-08 09:00:00
463,Customer_463,B2B,1590.0,237.35,2025-03-08 05:00:00
463,Customer_463,B2B,1760.0,96.19,2025-03-15 07:00:00
463,Customer_463,B2B,1837.0,319.01,2025-03-18 12:00:00
463,Customer_463,B2B,1842.0,468.73,2025-03-18 17:00:00
464,Customer_464,B2B,3591.0,420.09,2025-05-30 14:00:00
464,Customer_464,B2B,4725.0,272.73,2025-07-16 20:00:00
465,Customer_465,Enterprise,1657.0,328.59,2025-03-11 00:00:00
465,Customer_465,Enterprise,2367.0,435.18,2025-04-09 14:00:00
465,Customer_465,Enterprise,2789.0,334.12,2025-04-27 04:00:00
465,Customer_465,Enterprise,3100.0,376.35,2025-05-10 03:00:00
465,Customer_465,Enterprise,3901.0,183.67,2025-06-12 12:00:00
465,Customer_465,Enterprise,4360.0,22.96,2025-07-01 15:00:00
466,Customer_466,Enterprise,508.0,57.51,2025-01-22 03:00:00
466,Customer_466,Enterprise,1502.0,161.64,2025-03-04 13:00:00
466,Customer_466,Enterprise,1534.0,211.46,2025-03-05 21:00:00
466,Customer_466,Enterprise,1833.0,62.44,2025-03-18 08:00:00
466,Customer_466,Enterprise,2949.0,293.26,2025-05-03 20:00:00
467,Customer_467,B2B,456.0,246.81,2025-01-19 23:00:00
467,Customer_467,B2B,768.0,15.25,2025-02-01 23:00:00
467,Customer_467,B2B,1578.0,445.61,2025-03-07 17:00:00
467,Customer_467,B2B,1581.0,264.19,2025-03-07 20:00:00
467,Customer_467,B2B,1709.0,277.77,2025-03-13 04:00:00
467,Customer_467,B2B,2465.0,235.21,2025-04-13 16:00:00
467,Customer_467,B2B,4594.0,347.13,2025-07-11 09:00:00
468,Customer_468,B2C,10.0,68.99,2025-01-01 09:00:00
468,Customer_468,B2C,2192.0,194.37,2025-04-02 07:00:00
468,Customer_468,B2C,3653.0,82.57,2025-06-02 04:00:00
468,Customer_468,B2C,4279.0,292.83,2025-06-28 06:00:00
469,Customer_469,B2B,246.0,200.48,2025-01-11 05:00:00
469,Customer_469,B2B,330.0,484.97,2025-01-14 17:00:00
469,Customer_469,B2B,1919.0,306.11,2025-03-21 22:00:00
469,Customer_469,B2B,2402.0,259.66,2025-04-11 01:00:00
469,Customer_469,B2B,4755.0,39.44,2025-07-18 02:00:00
470,Customer_470,Enterprise,1281.0,159.2,2025-02-23 08:00:00
470,Customer_470,Enterprise,4118.0,429.0,2025-06-21 13:00:00
471,Customer_471,Enterprise,351.0,327.9,2025-01-15 14:00:00
471,Customer_471,Enterprise,1436.0,208.77,2025-03-01 19:00:00
471,Customer_471,Enterprise,1644.0,146.77,2025-03-10 11:00:00
471,Customer_471,Enterprise,2947.0,202.49,2025-05-03 18:00:00
471,Customer_471,Enterprise,2995.0,153.01,2025-05-05 18:00:00
471,Customer_471,Enterprise,3156.0,99.49,2025-05-12 11:00:00
471,Customer_471,Enterprise,3422.0,204.18,2025-05-23 13:00:00
471,Customer_471,Enterprise,3903.0,211.81,2025-06-12 14:00:00
471,Customer_471,Enterprise,4289.0,159.65,2025-06-28 16:00:00
471,Customer_471,Enterprise,4421.0,412.57,2025-07-04 04:00:00
471,Customer_471,Enterprise,4603.0,86.81,2025-07-11 18:00:00
471,Customer_471,Enterprise,4739.0,86.32,2025-07-17 10:00:00
471,Customer_471,Enterprise,4770.0,102.15,2025-07-18 17:00:00
472,Customer_472,B2C,2067.0,287.76,2025-03-28 02:00:00
472,Customer_472,B2C,4697.0,479.58,2025-07-15 16:00:00
472,Customer_472,B2C,4706.0,306.2,2025-07-16 01:00:00
473,Customer_473,Enterprise,1234.0,382.6,2025-02-21 09:00:00
473,Customer_473,Enterprise,1879.0,482.53,2025-03-20 06:00:00
473,Customer_473,Enterprise,4573.0,239.64,2025-07-10 12:00:00
474,Customer_474,B2B,791.0,215.3,2025-02-02 22:00:00
474,Customer_474,B2B,2894.0,399.82,2025-05-01 13:00:00
474,Customer_474,B2B,3539.0,120.35,2025-05-28 10:00:00
474,Customer_474,B2B,3652.0,275.73,2025-06-02 03:00:00
474,Customer_474,B2B,4566.0,385.22,2025-07-10 05:00:00
475,Customer_475,B2C,226.0,328.4,2025-01-10 09:00:00
475,Customer_475,B2C,2645.0,85.87,2025-04-21 04:00:00
475,Customer_475,B2C,3407.0,115.14,2025-05-22 22:00:00
476,Customer_476,B2B,254.0,270.62,2025-01-11 13:00:00
476,Customer_476,B2B,299.0,347.76,2025-01-13 10:00:00
476,Customer_476,B2B,419.0,197.78,2025-01-18 10:00:00
476,Customer_476,B2B,1971.0,362.16,2025-03-24 02:00:00
476,Customer_476,B2B,2180.0,438.46,2025-04-01 19:00:00
476,Customer_476,B2B,2243.0,132.0,2025-04-04 10:00:00
476,Customer_476,B2B,2262.0,112.96,2025-04-05 05:00:00
476,Customer_476,B2B,2761.0,331.16,2025-04-26 00:00:00
477,Customer_477,B2B,272.0,437.7,2025-01-12 07:00:00
477,Customer_477,B2B,533.0,417.98,2025-01-23 04:00:00
477,Customer_477,B2B,580.0,215.36,2025-01-25 03:00:00
477,Customer_477,B2B,1444.0,350.54,2025-03-02 03:00:00
477,Customer_477,B2B,2244.0,192.43,2025-04-04 11:00:00
477,Customer_477,B2B,2392.0,266.88,2025-04-10 15:00:00
477,Customer_477,B2B,3521.0,323.24,2025-05-27 16:00:00
477,Customer_477,B2B,3629.0,416.53,2025-06-01 04:00:00
478,Customer_478,B2C,128.0,286.47,2025-01-06 07:00:00
478,Customer_478,B2C,484.0,185.49,2025-01-21 03:00:00
478,Customer_478,B2C,1052.0,450.0,2025-02-13 19:00:00
478,Customer_478,B2C,3286.0,99.95,2025-05-17 21:00:00
479,Customer_479,B2B,2644.0,292.7,2025-04-21 03:00:00
479,Customer_479,B2B,4071.0,330.84,2025-06-19 14:00:00
479,Customer_479,B2B,4601.0,231.64,2025-07-11 16:00:00
480,Customer_480,Enterprise,2415.0,129.13,2025-04-11 14:00:00
480,Customer_480,Enterprise,2815.0,88.88,2025-04-28 06:00:00
480,Customer_480,Enterprise,3486.0,116.24,2025-05-26 05:00:00
480,Customer_480,Enterprise,3766.0,386.36,2025-06-06 21:00:00
480,Customer_480,Enterprise,4094.0,118.41,2025-06-20 13:00:00
480,Customer_480,Enterprise,4170.0,443.28,2025-06-23 17:00:00
480,Customer_480,Enterprise,4215.0,343.92,2025-06-25 14:00:00
481,Customer_481,B2B,1487.0,483.64,2025-03-03 22:00:00
481,Customer_481,B2B,1966.0,248.08,2025-03-23 21:00:00
481,Customer_481,B2B,3692.0,97.63,2025-06-03 19:00:00
481,Customer_481,B2B,3962.0,234.04,2025-06-15 01:00:00
481,Customer_481,B2B,4555.0,437.89,2025-07-09 18:00:00
481,Customer_481,B2B,4620.0,440.28,2025-07-12 11:00:00
481,Customer_481,B2B,4635.0,208.75,2025-07-13 02:00:00
481,Customer_481,B2B,4757.0,80.41,2025-07-18 04:00:00
482,Customer_482,B2C,462.0,44.87,2025-01-20 05:00:00
482,Customer_482,B2C,813.0,364.77,2025-02-03 20:00:00
482,Customer_482,B2C,1217.0,305.57,2025-02-20 16:00:00
482,Customer_482,B2C,1555.0,14.82,2025-03-06 18:00:00
482,Customer_482,B2C,2413.0,273.67,2025-04-11 12:00:00
482,Customer_482,B2C,4082.0,346.77,2025-06-20 01:00:00
483,Customer_483,B2C,1360.0,178.08,2025-02-26 15:00:00
483,Customer_483,B2C,1551.0,346.74,2025-03-06 14:00:00
483,Customer_483,B2C,1624.0,415.81,2025-03-09 15:00:00
483,Customer_483,B2C,1724.0,181.31,2025-03-13 19:00:00
483,Customer_483,B2C,1876.0,399.6,2025-03-20 03:00:00
483,Customer_483,B2C,2289.0,207.11,2025-04-06 08:00:00
483,Customer_483,B2C,2727.0,450.31,2025-04-24 14:00:00
483,Customer_483,B2C,3565.0,207.79,2025-05-29 12:00:00
483,Customer_483,B2C,3683.0,294.31,2025-06-03 10:00:00
484,Customer_484,B2C,781.0,132.49,2025-02-02 12:00:00
484,Customer_484,B2C,2930.0,45.15,2025-05-03 01:00:00
484,Customer_484,B2C,3129.0,110.54,2025-05-11 08:00:00
485,Customer_485,B2B,503.0,303.69,2025-01-21 22:00:00
485,Customer_485,B2B,1127.0,250.0,2025-02-16 22:00:00
485,Customer_485,B2B,1619.0,268.81,2025-03-09 10:00:00
485,Customer_485,B2B,2183.0,166.42,2025-04-01 22:00:00
485,Customer_485,B2B,2546.0,37.13,2025-04-17 01:00:00
485,Customer_485,B2B,2678.0,133.48,2025-04-22 13:00:00
485,Customer_485,B2B,3923.0,42.95,2025-06-13 10:00:00
485,Customer_485,B2B,4099.0,233.6,2025-06-20 18:00:00
485,Customer_485,B2B,4116.0,58.49,2025-06-21 11:00:00
485,Customer_485,B2B,4391.0,243.61,2025-07-02 22:00:00
486,Customer_486,B2C,2202.0,65.69,2025-04-02 17:00:00
486,Customer_486,B2C,2247.0,209.63,2025-04-04 14:00:00
486,Customer_486,B2C,2655.0,48.16,2025-04-21 14:00:00
486,Customer_486,B2C,4432.0,34.14,2025-07-04 15:00:00
486,Customer_486,B2C,4501.0,290.2,2025-07-07 12:00:00
487,Customer_487,B2C,2760.0,268.51,2025-04-25 23:00:00
487,Customer_487,B2C,4543.0,142.49,2025-07-09 06:00:00
488,Customer_488,B2B,1776.0,161.64,2025-03-15 23:00:00
488,Customer_488,B2B,1793.0,231.91,2025-03-16 16:00:00
488,Customer_488,B2B,2840.0,150.55,2025-04-29 07:00:00
488,Customer_488,B2B,3055.0,277.84,2025-05-08 06:00:00
488,Customer_488,B2B,3548.0,328.89,2025-05-28 19:00:00
488,Customer_488,B2B,4487.0,11.82,2025-07-06 22:00:00
489,Customer_489,Enterprise,513.0,242.79,2025-01-22 08:00:00
489,Customer_489,Enterprise,820.0,314.45,2025-02-04 03:00:00
489,Customer_489,Enterprise,1207.0,277.74,2025-02-20 06:00:00
489,Customer_489,Enterprise,2703.0,247.69,2025-04-23 14:00:00
489,Customer_489,Enterprise,3148.0,253.81,2025-05-12 03:00:00
489,Customer_489,Enterprise,3203.0,271.68,2025-05-14 10:00:00
489,Customer_489,Enterprise,3502.0,348.14,2025-05-26 21:00:00
489,Customer_489,Enterprise,3610.0,137.13,2025-05-31 09:00:00
490,Customer_490,B2B,539.0,213.75,2025-01-23 10:00:00
490,Customer_490,B2B,653.0,127.14,2025-01-28 04:00:00
490,Customer_490,B2B,1134.0,51.63,2025-02-17 05:00:00
490,Customer_490,B2B,1512.0,53.4,2025-03-04 23:00:00
490,Customer_490,B2B,2092.0,410.73,2025-03-29 03:00:00
490,Customer_490,B2B,3802.0,466.11,2025-06-08 09:00:00
490,Customer_490,B2B,4115.0,399.25,2025-06-21 10:00:00
490,Customer_490,B2B,4445.0,263.39,2025-07-05 04:00:00
490,Customer_490,B2B,4832.0,106.28,2025-07-21 07:00:00
491,Customer_491,B2C,325.0,212.02,2025-01-14 12:00:00
491,Customer_491,B2C,459.0,81.21,2025-01-20 02:00:00
491,Customer_491,B2C,1741.0,100.21,2025-03-14 12:00:00
491,Customer_491,B2C,1878.0,488.94,2025-03-20 05:00:00
491,Customer_491,B2C,3192.0,459.96,2025-05-13 23:00:00
491,Customer_491,B2C,4895.0,330.76,2025-07-23 22:00:00
492,Customer_492,B2C,856.0,415.49,2025-02-05 15:00:00
492,Customer_492,B2C,2072.0,275.59,2025-03-28 07:00:00
492,Customer_492,B2C,2447.0,184.82,2025-04-12 22:00:00
492,Customer_492,B2C,3175.0,184.79,2025-05-13 06:00:00
492,Customer_492,B2C,3251.0,246.68,2025-05-16 10:00:00
492,Customer_492,B2C,4700.0,88.94,2025-07-15 19:00:00
493,Customer_493,B2B,561.0,89.11,2025-01-24 08:00:00
493,Customer_493,B2B,632.0,19.87,2025-01-27 07:00:00
493,Customer_493,B2B,1650.0,487.48,2025-03-10 17:00:00
493,Customer_493,B2B,3240.0,294.67,2025-05-15 23:00:00
493,Customer_493,B2B,3759.0,46.05,2025-06-06 14:00:00
493,Customer_493,B2B,4646.0,275.6,2025-07-13 13:00:00
494,Customer_494,Enterprise,385.0,415.93,2025-01-17 00:00:00
494,Customer_494,Enterprise,1212.0,262.22,2025-02-20 11:00:00
494,Customer_494,Enterprise,1286.0,194.83,2025-02-23 13:00:00
494,Customer_494,Enterprise,1598.0,386.2,2025-03-08 13:00:00
494,Customer_494,Enterprise,2109.0,362.8,2025-03-29 20:00:00
494,Customer_494,Enterprise,2400.0,24.36,2025-04-10 23:00:00
494,Customer_494,Enterprise,2509.0,141.46,2025-04-15 12:00:00
494,Customer_494,Enterprise,2810.0,405.56,2025-04-28 01:00:00
494,Customer_494,Enterprise,3405.0,43.33,2025-05-22 20:00:00
494,Customer_494,Enterprise,3801.0,281.49,2025-06-08 08:00:00
494,Customer_494,Enterprise,4378.0,325.77,2025-07-02 09:00:00
494,Customer_494,Enterprise,4685.0,231.26,2025-07-15 04:00:00
495,Customer_495,B2C,903.0,194.76,2025-02-07 14:00:00
495,Customer_495,B2C,1148.0,174.8,2025-02-17 19:00:00
495,Customer_495,B2C,1168.0,40.35,2025-02-18 15:00:00
495,Customer_495,B2C,3288.0,209.25,2025-05-17 23:00:00
495,Customer_495,B2C,3675.0,67.6,2025-06-03 02:00:00
495,Customer_495,B2C,3915.0,87.56,2025-06-13 02:00:00
495,Customer_495,B2C,4818.0,49.19,2025-07-20 17:00:00
496,Customer_496,B2C,3024.0,33.01,2025-05-06 23:00:00
496,Customer_496,B2C,3463.0,493.68,2025-05-25 06:00:00
496,Customer_496,B2C,4851.0,134.81,2025-07-22 02:00:00
497,Customer_497,B2C,493.0,338.51,2025-01-21 12:00:00
497,Customer_497,B2C,554.0,184.17,2025-01-24 01:00:00
497,Customer_497,B2C,1108.0,35.89,2025-02-16 03:00:00
497,Customer_497,B2C,1238.0,380.66,2025-02-21 13:00:00
497,Customer_497,B2C,1658.0,491.42,2025-03-11 01:00:00
497,Customer_497,B2C,1809.0,91.76,2025-03-17 08:00:00
497,Customer_497,B2C,2715.0,323.29,2025-04-24 02:00:00
497,Customer_497,B2C,4571.0,407.05,2025-07-10 10:00:00
498,Customer_498,B2B,479.0,93.24,2025-01-20 22:00:00
498,Customer_498,B2B,531.0,215.81,2025-01-23 02:00:00
498,Customer_498,B2B,1264.0,468.34,2025-02-22 15:00:00
498,Customer_498,B2B,4583.0,147.51,2025-07-10 22:00:00
499,Customer_499,B2C,1738.0,430.71,2025-03-14 09:00:00
499,Customer_499,B2C,2722.0,399.13,2025-04-24 09:00:00
499,Customer_499,B2C,2787.0,465.66,2025-04-27 02:00:00
499,Customer_499,B2C,3331.0,428.16,2025-05-19 18:00:00
499,Customer_499,B2C,3936.0,216.35,2025-06-13 23:00:00
499,Customer_499,B2C,3969.0,165.14,2025-06-15 08:00:00
499,Customer_499,B2C,4017.0,259.78,2025-06-17 08:00:00
499,Customer_499,B2C,4228.0,461.32,2025-06-26 03:00:00
499,Customer_499,B2C,4648.0,450.96,2025-07-13 15:00:00
500,Customer_500,Enterprise,123.0,239.16,2025-01-06 02:00:00
500,Customer_500,Enterprise,327.0,132.93,2025-01-14 14:00:00
500,Customer_500,Enterprise,360.0,201.95,2025-01-15 23:00:00
500,Customer_500,Enterprise,1483.0,479.49,2025-03-03 18:00:00
500,Customer_500,Enterprise,1889.0,318.54,2025-03-20 16:00:00
500,Customer_500,Enterprise,1939.0,19.79,2025-03-22 18:00:00
500,Customer_500,Enterprise,1992.0,464.03,2025-03-24 23:00:00
500,Customer_500,Enterprise,2696.0,366.96,2025-04-23 07:00:00
500,Customer_500,Enterprise,3590.0,465.92,2025-05-30 13:00:00
500,Customer_500,Enterprise,4096.0,388.4,2025-06-20 15:00:00
500,Customer_500,Enterprise,4552.0,148.15,2025-07-09 15:00:00
501,Customer_501,B2C,238.0,427.06,2025-01-10 21:00:00
501,Customer_501,B2C,466.0,283.36,2025-01-20 09:00:00
501,Customer_501,B2C,888.0,478.17,2025-02-06 23:00:00
501,Customer_501,B2C,2332.0,95.25,2025-04-08 03:00:00
501,Customer_501,B2C,3117.0,139.83,2025-05-10 20:00:00
501,Customer_501,B2C,4231.0,271.77,2025-06-26 06:00:00
502,Customer_502,B2C,283.0,71.52,2025-01-12 18:00:00
502,Customer_502,B2C,1062.0,128.75,2025-02-14 05:00:00
502,Customer_502,B2C,3018.0,385.49,2025-05-06 17:00:00
502,Customer_502,B2C,3105.0,305.86,2025-05-10 08:00:00
503,Customer_503,Enterprise,112.0,142.62,2025-01-05 15:00:00
503,Customer_503,Enterprise,3784.0,184.09,2025-06-07 15:00:00
503,Customer_503,Enterprise,4460.0,217.49,2025-07-05 19:00:00
503,Customer_503,Enterprise,4784.0,126.25,2025-07-19 07:00:00
504,Customer_504,B2C,17.0,214.42,2025-01-01 16:00:00
504,Customer_504,B2C,1066.0,85.04,2025-02-14 09:00:00
504,Customer_504,B2C,2175.0,110.44,2025-04-01 14:00:00
504,Customer_504,B2C,3140.0,456.3,2025-05-11 19:00:00
504,Customer_504,B2C,3469.0,150.27,2025-05-25 12:00:00
504,Customer_504,B2C,3794.0,229.16,2025-06-08 01:00:00
504,Customer_504,B2C,4084.0,462.06,2025-06-20 03:00:00
504,Customer_504,B2C,4195.0,210.04,2025-06-24 18:00:00
505,Customer_505,B2B,1717.0,298.02,2025-03-13 12:00:00
505,Customer_505,B2B,1991.0,209.1,2025-03-24 22:00:00
505,Customer_505,B2B,2436.0,484.53,2025-04-12 11:00:00
505,Customer_505,B2B,2596.0,124.12,2025-04-19 03:00:00
505,Customer_505,B2B,3406.0,104.96,2025-05-22 21:00:00
505,Customer_505,B2B,3489.0,96.1,2025-05-26 08:00:00
505,Customer_505,B2B,4013.0,302.39,2025-06-17 04:00:00
505,Customer_505,B2B,4153.0,369.03,2025-06-23 00:00:00
506,Customer_506,B2B,361.0,89.7,2025-01-16 00:00:00
506,Customer_506,B2B,639.0,466.55,2025-01-27 14:00:00
506,Customer_506,B2B,2227.0,261.01,2025-04-03 18:00:00
506,Customer_506,B2B,4637.0,42.88,2025-07-13 04:00:00
507,Customer_507,B2B,460.0,257.79,2025-01-20 03:00:00
507,Customer_507,B2B,845.0,273.81,2025-02-05 04:00:00
507,Customer_507,B2B,2337.0,313.6,2025-04-08 08:00:00
507,Customer_507,B2B,3182.0,108.69,2025-05-13 13:00:00
507,Customer_507,B2B,3742.0,314.52,2025-06-05 21:00:00
507,Customer_507,B2B,4068.0,232.1,2025-06-19 11:00:00
508,Customer_508,Enterprise,2179.0,107.12,2025-04-01 18:00:00
508,Customer_508,Enterprise,2361.0,415.17,2025-04-09 08:00:00
508,Customer_508,Enterprise,2898.0,466.93,2025-05-01 17:00:00
508,Customer_508,Enterprise,3700.0,224.64,2025-06-04 03:00:00
508,Customer_508,Enterprise,4229.0,167.26,2025-06-26 04:00:00
509,Customer_509,B2C,1376.0,75.87,2025-02-27 07:00:00
509,Customer_509,B2C,1485.0,180.55,2025-03-03 20:00:00
509,Customer_509,B2C,2731.0,53.5,2025-04-24 18:00:00
509,Customer_509,B2C,3431.0,171.37,2025-05-23 22:00:00
509,Customer_509,B2C,3514.0,113.08,2025-05-27 09:00:00
509,Customer_509,B2C,3805.0,452.49,2025-06-08 12:00:00
509,Customer_509,B2C,3958.0,199.65,2025-06-14 21:00:00
509,Customer_509,B2C,4862.0,430.37,2025-07-22 13:00:00
510,Customer_510,B2B,1633.0,472.06,2025-03-10 00:00:00
510,Customer_510,B2B,1667.0,219.18,2025-03-11 10:00:00
510,Customer_510,B2B,4714.0,210.53,2025-07-16 09:00:00
511,Customer_511,Enterprise,44.0,295.79,2025-01-02 19:00:00
511,Customer_511,Enterprise,1118.0,485.21,2025-02-16 13:00:00
511,Customer_511,Enterprise,2800.0,152.69,2025-04-27 15:00:00
511,Customer_511,Enterprise,3449.0,102.65,2025-05-24 16:00:00
511,Customer_511,Enterprise,4296.0,258.21,2025-06-28 23:00:00
511,Customer_511,Enterprise,4355.0,265.12,2025-07-01 10:00:00
511,Customer_511,Enterprise,4579.0,93.37,2025-07-10 18:00:00
511,Customer_511,Enterprise,4711.0,340.37,2025-07-16 06:00:00
512,Customer_512,B2C,436.0,306.49,2025-01-19 03:00:00
512,Customer_512,B2C,1029.0,404.5,2025-02-12 20:00:00
512,Customer_512,B2C,3305.0,448.59,2025-05-18 16:00:00
512,Customer_512,B2C,3834.0,218.42,2025-06-09 17:00:00
513,Customer_513,Enterprise,75.0,251.34,2025-01-04 02:00:00
513,Customer_513,Enterprise,1098.0,167.81,2025-02-15 17:00:00
514,Customer_514,B2B,345.0,333.25,2025-01-15 08:00:00
514,Customer_514,B2B,2114.0,124.51,2025-03-30 01:00:00
514,Customer_514,B2B,2383.0,247.78,2025-04-10 06:00:00
514,Customer_514,B2B,2576.0,74.01,2025-04-18 07:00:00
514,Customer_514,B2B,3577.0,45.56,2025-05-30 00:00:00
514,Customer_514,B2B,3664.0,68.88,2025-06-02 15:00:00
514,Customer_514,B2B,4142.0,135.99,2025-06-22 13:00:00
514,Customer_514,B2B,4800.0,252.9,2025-07-19 23:00:00
515,Customer_515,B2B,974.0,127.99,2025-02-10 13:00:00
515,Customer_515,B2B,1458.0,177.61,2025-03-02 17:00:00
515,Customer_515,B2B,1853.0,136.0,2025-03-19 04:00:00
515,Customer_515,B2B,1873.0,483.07,2025-03-20 00:00:00
515,Customer_515,B2B,1933.0,427.27,2025-03-22 12:00:00
515,Customer_515,B2B,3444.0,426.3,2025-05-24 11:00:00
515,Customer_515,B2B,3529.0,328.91,2025-05-28 00:00:00
515,Customer_515,B2B,4245.0,194.39,2025-06-26 20:00:00
516,Customer_516,B2B,555.0,337.92,2025-01-24 02:00:00
516,Customer_516,B2B,817.0,261.07,2025-02-04 00:00:00
516,Customer_516,B2B,1016.0,182.31,2025-02-12 07:00:00
516,Customer_516,B2B,1930.0,257.96,2025-03-22 09:00:00
516,Customer_516,B2B,2302.0,356.54,2025-04-06 21:00:00
516,Customer_516,B2B,3158.0,322.33,2025-05-12 13:00:00
516,Customer_516,B2B,4415.0,395.05,2025-07-03 22:00:00
517,Customer_517,Enterprise,141.0,154.09,2025-01-06 20:00:00
517,Customer_517,Enterprise,642.0,150.74,2025-01-27 17:00:00
517,Customer_517,Enterprise,1167.0,386.69,2025-02-18 14:00:00
517,Customer_517,Enterprise,1415.0,483.61,2025-02-28 22:00:00
517,Customer_517,Enterprise,1467.0,228.3,2025-03-03 02:00:00
517,Customer_517,Enterprise,1580.0,319.54,2025-03-07 19:00:00
517,Customer_517,Enterprise,2113.0,396.57,2025-03-30 00:00:00
517,Customer_517,Enterprise,2744.0,375.76,2025-04-25 07:00:00
517,Customer_517,Enterprise,2762.0,124.26,2025-04-26 01:00:00
517,Customer_517,Enterprise,3602.0,257.85,2025-05-31 01:00:00
517,Customer_517,Enterprise,4187.0,107.29,2025-06-24 10:00:00
518,Customer_518,Enterprise,3236.0,413.15,2025-05-15 19:00:00
518,Customer_518,Enterprise,3645.0,255.15,2025-06-01 20:00:00
518,Customer_518,Enterprise,4041.0,440.65,2025-06-18 08:00:00
519,Customer_519,B2B,528.0,401.59,2025-01-22 23:00:00
519,Customer_519,B2B,1625.0,316.77,2025-03-09 16:00:00
519,Customer_519,B2B,2059.0,273.41,2025-03-27 18:00:00
519,Customer_519,B2B,3121.0,394.15,2025-05-11 00:00:00
519,Customer_519,B2B,3581.0,276.01,2025-05-30 04:00:00
519,Customer_519,B2B,4347.0,331.99,2025-07-01 02:00:00
520,Customer_520,Enterprise,865.0,214.52,2025-02-06 00:00:00
520,Customer_520,Enterprise,1049.0,479.0,2025-02-13 16:00:00
520,Customer_520,Enterprise,1747.0,354.61,2025-03-14 18:00:00
520,Customer_520,Enterprise,2205.0,403.11,2025-04-02 20:00:00
520,Customer_520,Enterprise,2531.0,422.14,2025-04-16 10:00:00
520,Customer_520,Enterprise,2742.0,226.51,2025-04-25 05:00:00
520,Customer_520,Enterprise,3238.0,236.29,2025-05-15 21:00:00
520,Customer_520,Enterprise,3282.0,76.4,2025-05-17 17:00:00
520,Customer_520,Enterprise,4126.0,59.37,2025-06-21 21:00:00
521,Customer_521,B2B,376.0,155.2,2025-01-16 15:00:00
521,Customer_521,B2B,648.0,118.12,2025-01-27 23:00:00
521,Customer_521,B2B,679.0,208.61,2025-01-29 06:00:00
521,Customer_521,B2B,885.0,412.41,2025-02-06 20:00:00
521,Customer_521,B2B,1332.0,483.69,2025-02-25 11:00:00
521,Customer_521,B2B,3484.0,208.21,2025-05-26 03:00:00
522,Customer_522,B2B,140.0,496.06,2025-01-06 19:00:00
522,Customer_522,B2B,1787.0,448.95,2025-03-16 10:00:00
523,Customer_523,B2C,347.0,327.63,2025-01-15 10:00:00
523,Customer_523,B2C,1372.0,100.31,2025-02-27 03:00:00
523,Customer_523,B2C,1786.0,140.19,2025-03-16 09:00:00
523,Customer_523,B2C,3006.0,29.38,2025-05-06 05:00:00
523,Customer_523,B2C,3249.0,138.58,2025-05-16 08:00:00
523,Customer_523,B2C,4379.0,23.89,2025-07-02 10:00:00
524,Customer_524,Enterprise,486.0,345.31,2025-01-21 05:00:00
524,Customer_524,Enterprise,752.0,440.85,2025-02-01 07:00:00
524,Customer_524,Enterprise,787.0,394.68,2025-02-02 18:00:00
524,Customer_524,Enterprise,853.0,125.03,2025-02-05 12:00:00
524,Customer_524,Enterprise,980.0,456.3,2025-02-10 19:00:00
524,Customer_524,Enterprise,2216.0,60.14,2025-04-03 07:00:00
524,Customer_524,Enterprise,2766.0,17.9,2025-04-26 05:00:00
525,Customer_525,B2B,755.0,209.81,2025-02-01 10:00:00
525,Customer_525,B2B,3063.0,468.06,2025-05-08 14:00:00
525,Customer_525,B2B,3074.0,50.86,2025-05-09 01:00:00
525,Customer_525,B2B,3563.0,225.34,2025-05-29 10:00:00
525,Customer_525,B2B,4462.0,93.63,2025-07-05 21:00:00
525,Customer_525,B2B,4547.0,224.02,2025-07-09 10:00:00
526,Customer_526,B2B,101.0,211.54,2025-01-05 04:00:00
526,Customer_526,B2B,375.0,204.19,2025-01-16 14:00:00
526,Customer_526,B2B,542.0,264.61,2025-01-23 13:00:00
526,Customer_526,B2B,1055.0,133.56,2025-02-13 22:00:00
526,Customer_526,B2B,1527.0,180.43,2025-03-05 14:00:00
526,Customer_526,B2B,1628.0,34.16,2025-03-09 19:00:00
526,Customer_526,B2B,1932.0,480.28,2025-03-22 11:00:00
526,Customer_526,B2B,3625.0,91.75,2025-06-01 00:00:00
526,Customer_526,B2B,4857.0,487.11,2025-07-22 08:00:00
526,Customer_526,B2B,4887.0,213.28,2025-07-23 14:00:00
527,Customer_527,Enterprise,553.0,112.07,2025-01-24 00:00:00
527,Customer_527,Enterprise,848.0,57.71,2025-02-05 07:00:00
527,Customer_527,Enterprise,877.0,90.5,2025-02-06 12:00:00
527,Customer_527,Enterprise,2427.0,144.1,2025-04-12 02:00:00
528,Customer_528,B2C,2882.0,64.17,2025-05-01 01:00:00
528,Customer_528,B2C,3036.0,186.31,2025-05-07 11:00:00
528,Customer_528,B2C,3125.0,467.0,2025-05-11 04:00:00
528,Customer_528,B2C,3468.0,488.18,2025-05-25 11:00:00
528,Customer_528,B2C,3780.0,145.86,2025-06-07 11:00:00
528,Customer_528,B2C,4125.0,230.98,2025-06-21 20:00:00
529,Customer_529,B2C,229.0,367.18,2025-01-10 12:00:00
529,Customer_529,B2C,2107.0,438.64,2025-03-29 18:00:00
529,Customer_529,B2C,2500.0,257.51,2025-04-15 03:00:00
529,Customer_529,B2C,2768.0,182.34,2025-04-26 07:00:00
529,Customer_529,B2C,3172.0,462.38,2025-05-13 03:00:00
529,Customer_529,B2C,3995.0,11.15,2025-06-16 10:00:00
529,Customer_529,B2C,4846.0,404.01,2025-07-21 21:00:00
530,Customer_530,B2B,1044.0,376.82,2025-02-13 11:00:00
530,Customer_530,B2B,1812.0,183.49,2025-03-17 11:00:00
530,Customer_530,B2B,3831.0,87.56,2025-06-09 14:00:00
530,Customer_530,B2B,4455.0,294.56,2025-07-05 14:00:00
530,Customer_530,B2B,4772.0,332.56,2025-07-18 19:00:00
531,Customer_531,Enterprise,1348.0,240.01,2025-02-26 03:00:00
531,Customer_531,Enterprise,1393.0,464.18,2025-02-28 00:00:00
532,Customer_532,B2C,34.0,76.38,2025-01-02 09:00:00
532,Customer_532,B2C,354.0,243.93,2025-01-15 17:00:00
532,Customer_532,B2C,1020.0,407.79,2025-02-12 11:00:00
532,Customer_532,B2C,1568.0,334.54,2025-03-07 07:00:00
532,Customer_532,B2C,2137.0,241.23,2025-03-31 00:00:00
532,Customer_532,B2C,4055.0,262.96,2025-06-18 22:00:00
532,Customer_532,B2C,4322.0,341.9,2025-06-30 01:00:00
532,Customer_532,B2C,4877.0,77.11,2025-07-23 04:00:00
533,Customer_533,Enterprise,2056.0,476.61,2025-03-27 15:00:00
533,Customer_533,Enterprise,2221.0,238.52,2025-04-03 12:00:00
533,Customer_533,Enterprise,2306.0,317.82,2025-04-07 01:00:00
533,Customer_533,Enterprise,2433.0,28.39,2025-04-12 08:00:00
533,Customer_533,Enterprise,2718.0,297.81,2025-04-24 05:00:00
533,Customer_533,Enterprise,2915.0,453.02,2025-05-02 10:00:00
533,Customer_533,Enterprise,3013.0,219.29,2025-05-06 12:00:00
533,Customer_533,Enterprise,3059.0,387.91,2025-05-08 10:00:00
534,Customer_534,Enterprise,1830.0,346.47,2025-03-18 05:00:00
534,Customer_534,Enterprise,4040.0,28.91,2025-06-18 07:00:00
534,Customer_534,Enterprise,4181.0,409.95,2025-06-24 04:00:00
535,Customer_535,B2B,739.0,102.71,2025-01-31 18:00:00
535,Customer_535,B2B,2864.0,164.81,2025-04-30 07:00:00
535,Customer_535,B2B,3871.0,278.98,2025-06-11 06:00:00
536,Customer_536,B2C,874.0,155.85,2025-02-06 09:00:00
536,Customer_536,B2C,1915.0,400.23,2025-03-21 18:00:00
536,Customer_536,B2C,1941.0,233.14,2025-03-22 20:00:00
536,Customer_536,B2C,3005.0,311.62,2025-05-06 04:00:00
536,Customer_536,B2C,3088.0,10.12,2025-05-09 15:00:00
536,Customer_536,B2C,3417.0,34.39,2025-05-23 08:00:00
536,Customer_536,B2C,3418.0,141.57,2025-05-23 09:00:00
537,Customer_537,B2B,221.0,177.94,2025-01-10 04:00:00
537,Customer_537,B2B,507.0,126.09,2025-01-22 02:00:00
537,Customer_537,B2B,682.0,393.86,2025-01-29 09:00:00
537,Customer_537,B2B,981.0,12.96,2025-02-10 20:00:00
537,Customer_537,B2B,1539.0,488.46,2025-03-06 02:00:00
537,Customer_537,B2B,1557.0,171.4,2025-03-06 20:00:00
537,Customer_537,B2B,2233.0,34.66,2025-04-04 00:00:00
537,Customer_537,B2B,3457.0,268.38,2025-05-25 00:00:00
537,Customer_537,B2B,3997.0,343.49,2025-06-16 12:00:00
537,Customer_537,B2B,4251.0,409.86,2025-06-27 02:00:00
537,Customer_537,B2B,4710.0,346.51,2025-07-16 05:00:00
538,Customer_538,B2C,514.0,461.99,2025-01-22 09:00:00
538,Customer_538,B2C,812.0,43.13,2025-02-03 19:00:00
538,Customer_538,B2C,1179.0,216.64,2025-02-19 02:00:00
538,Customer_538,B2C,4333.0,15.23,2025-06-30 12:00:00
539,Customer_539,B2C,832.0,227.65,2025-02-04 15:00:00
539,Customer_539,B2C,858.0,160.83,2025-02-05 17:00:00
539,Customer_539,B2C,1287.0,402.9,2025-02-23 14:00:00
539,Customer_539,B2C,1417.0,174.09,2025-03-01 00:00:00
540,Customer_540,B2C,1739.0,481.74,2025-03-14 10:00:00
540,Customer_540,B2C,2442.0,238.21,2025-04-12 17:00:00
540,Customer_540,B2C,2570.0,360.2,2025-04-18 01:00:00
540,Customer_540,B2C,3020.0,161.92,2025-05-06 19:00:00
540,Customer_540,B2C,3054.0,212.54,2025-05-08 05:00:00
540,Customer_540,B2C,3169.0,161.83,2025-05-13 00:00:00
540,Customer_540,B2C,3943.0,14.51,2025-06-14 06:00:00
540,Customer_540,B2C,4176.0,453.61,2025-06-23 23:00:00
540,Customer_540,B2C,4268.0,468.7,2025-06-27 19:00:00
540,Customer_540,B2C,4406.0,414.4,2025-07-03 13:00:00
541,Customer_541,B2C,673.0,257.18,2025-01-29 00:00:00
541,Customer_541,B2C,1835.0,456.0,2025-03-18 10:00:00
541,Customer_541,B2C,3089.0,128.21,2025-05-09 16:00:00
541,Customer_541,B2C,4002.0,358.92,2025-06-16 17:00:00
541,Customer_541,B2C,4103.0,402.66,2025-06-20 22:00:00
541,Customer_541,B2C,4254.0,156.24,2025-06-27 05:00:00
542,Customer_542,B2C,1460.0,126.76,2025-03-02 19:00:00
542,Customer_542,B2C,1954.0,416.67,2025-03-23 09:00:00
542,Customer_542,B2C,2336.0,279.44,2025-04-08 07:00:00
542,Customer_542,B2C,2677.0,67.58,2025-04-22 12:00:00
542,Customer_542,B2C,2842.0,88.28,2025-04-29 09:00:00
542,Customer_542,B2C,3455.0,69.27,2025-05-24 22:00:00
542,Customer_542,B2C,4030.0,146.65,2025-06-17 21:00:00
543,Customer_543,Enterprise,3.0,393.82,2025-01-01 02:00:00
543,Customer_543,Enterprise,1567.0,120.33,2025-03-07 06:00:00
543,Customer_543,Enterprise,2029.0,343.32,2025-03-26 12:00:00
543,Customer_543,Enterprise,4821.0,303.69,2025-07-20 20:00:00
544,Customer_544,B2B,906.0,88.34,2025-02-07 17:00:00
544,Customer_544,B2B,1805.0,73.86,2025-03-17 04:00:00
544,Customer_544,B2B,2214.0,47.97,2025-04-03 05:00:00
544,Customer_544,B2B,2926.0,104.88,2025-05-02 21:00:00
544,Customer_544,B2B,3542.0,189.97,2025-05-28 13:00:00
544,Customer_544,B2B,3880.0,139.1,2025-06-11 15:00:00
544,Customer_544,B2B,4524.0,213.95,2025-07-08 11:00:00
545,Customer_545,Enterprise,,,
546,Customer_546,B2C,568.0,183.87,2025-01-24 15:00:00
546,Customer_546,B2C,1669.0,464.99,2025-03-11 12:00:00
546,Customer_546,B2C,2272.0,324.98,2025-04-05 15:00:00
546,Customer_546,B2C,3330.0,408.08,2025-05-19 17:00:00
547,Customer_547,B2B,74.0,35.13,2025-01-04 01:00:00
547,Customer_547,B2B,2005.0,130.27,2025-03-25 12:00:00
547,Customer_547,B2B,2334.0,18.86,2025-04-08 05:00:00
547,Customer_547,B2B,2828.0,46.3,2025-04-28 19:00:00
547,Customer_547,B2B,2860.0,36.83,2025-04-30 03:00:00
547,Customer_547,B2B,3893.0,60.66,2025-06-12 04:00:00
548,Customer_548,B2C,6.0,22.63,2025-01-01 05:00:00
548,Customer_548,B2C,341.0,66.42,2025-01-15 04:00:00
548,Customer_548,B2C,453.0,35.06,2025-01-19 20:00:00
548,Customer_548,B2C,1442.0,121.36,2025-03-02 01:00:00
548,Customer_548,B2C,2032.0,88.24,2025-03-26 15:00:00
548,Customer_548,B2C,3303.0,74.47,2025-05-18 14:00:00
548,Customer_548,B2C,3883.0,493.31,2025-06-11 18:00:00
549,Customer_549,B2B,999.0,382.31,2025-02-11 14:00:00
549,Customer_549,B2B,2498.0,458.55,2025-04-15 01:00:00
549,Customer_549,B2B,2681.0,271.41,2025-04-22 16:00:00
549,Customer_549,B2B,2848.0,123.82,2025-04-29 15:00:00
549,Customer_549,B2B,2850.0,170.84,2025-04-29 17:00:00
549,Customer_549,B2B,3812.0,79.15,2025-06-08 19:00:00
549,Customer_549,B2B,3828.0,373.4,2025-06-09 11:00:00
549,Customer_549,B2B,4792.0,151.85,2025-07-19 15:00:00
550,Customer_550,Enterprise,42.0,202.52,2025-01-02 17:00:00
550,Customer_550,Enterprise,62.0,404.77,2025-01-03 13:00:00
550,Customer_550,Enterprise,132.0,347.65,2025-01-06 11:00:00
550,Customer_550,Enterprise,168.0,306.94,2025-01-07 23:00:00
550,Customer_550,Enterprise,1482.0,483.7,2025-03-03 17:00:00
550,Customer_550,Enterprise,1750.0,376.29,2025-03-14 21:00:00
550,Customer_550,Enterprise,2329.0,362.85,2025-04-08 00:00:00
550,Customer_550,Enterprise,2434.0,288.92,2025-04-12 09:00:00
550,Customer_550,Enterprise,3787.0,281.55,2025-06-07 18:00:00
550,Customer_550,Enterprise,4207.0,72.2,2025-06-25 06:00:00
550,Customer_550,Enterprise,4665.0,237.14,2025-07-14 08:00:00
551,Customer_551,B2B,746.0,357.6,2025-02-01 01:00:00
551,Customer_551,B2B,2314.0,95.5,2025-04-07 09:00:00
551,Customer_551,B2B,2505.0,223.67,2025-04-15 08:00:00
551,Customer_551,B2B,2569.0,217.94,2025-04-18 00:00:00
551,Customer_551,B2B,3467.0,56.42,2025-05-25 10:00:00
551,Customer_551,B2B,4496.0,33.5,2025-07-07 07:00:00
552,Customer_552,B2B,377.0,80.3,2025-01-16 16:00:00
552,Customer_552,B2B,1045.0,246.47,2025-02-13 12:00:00
552,Customer_552,B2B,1607.0,323.09,2025-03-08 22:00:00
552,Customer_552,B2B,3387.0,418.17,2025-05-22 02:00:00
552,Customer_552,B2B,4778.0,298.84,2025-07-19 01:00:00
552,Customer_552,B2B,4826.0,257.32,2025-07-21 01:00:00
553,Customer_553,B2B,917.0,194.91,2025-02-08 04:00:00
553,Customer_553,B2B,955.0,156.95,2025-02-09 18:00:00
553,Customer_553,B2B,1060.0,29.24,2025-02-14 03:00:00
553,Customer_553,B2B,2499.0,383.35,2025-04-15 02:00:00
553,Customer_553,B2B,3021.0,407.86,2025-05-06 20:00:00
553,Customer_553,B2B,3399.0,226.94,2025-05-22 14:00:00
553,Customer_553,B2B,3678.0,15.77,2025-06-03 05:00:00
554,Customer_554,B2B,121.0,434.39,2025-01-06 00:00:00
554,Customer_554,B2B,1384.0,447.72,2025-02-27 15:00:00
554,Customer_554,B2B,1397.0,146.56,2025-02-28 04:00:00
554,Customer_554,B2B,1680.0,360.51,2025-03-11 23:00:00
554,Customer_554,B2B,1682.0,164.68,2025-03-12 01:00:00
554,Customer_554,B2B,2162.0,483.1,2025-04-01 01:00:00
554,Customer_554,B2B,2191.0,488.48,2025-04-02 06:00:00
554,Customer_554,B2B,2709.0,282.38,2025-04-23 20:00:00
555,Customer_555,B2B,2485.0,39.28,2025-04-14 12:00:00
555,Customer_555,B2B,3127.0,367.47,2025-05-11 06:00:00
555,Customer_555,B2B,3569.0,303.65,2025-05-29 16:00:00
556,Customer_556,B2C,1110.0,69.44,2025-02-16 05:00:00
556,Customer_556,B2C,2049.0,468.88,2025-03-27 08:00:00
556,Customer_556,B2C,4732.0,212.25,2025-07-17 03:00:00
556,Customer_556,B2C,4891.0,109.5,2025-07-23 18:00:00
557,Customer_557,B2B,724.0,74.53,2025-01-31 03:00:00
557,Customer_557,B2B,736.0,92.46,2025-01-31 15:00:00
557,Customer_557,B2B,2514.0,262.44,2025-04-15 17:00:00
557,Customer_557,B2B,2665.0,337.89,2025-04-22 00:00:00
557,Customer_557,B2B,4053.0,89.2,2025-06-18 20:00:00
557,Customer_557,B2B,4548.0,264.89,2025-07-09 11:00:00
558,Customer_558,B2B,422.0,33.7,2025-01-18 13:00:00
558,Customer_558,B2B,876.0,167.0,2025-02-06 11:00:00
558,Customer_558,B2B,2328.0,400.74,2025-04-07 23:00:00
558,Customer_558,B2B,2513.0,442.0,2025-04-15 16:00:00
558,Customer_558,B2B,2765.0,350.12,2025-04-26 04:00:00
558,Customer_558,B2B,3073.0,127.57,2025-05-09 00:00:00
558,Customer_558,B2B,3222.0,74.96,2025-05-15 05:00:00
558,Customer_558,B2B,3404.0,354.4,2025-05-22 19:00:00
558,Customer_558,B2B,3913.0,111.04,2025-06-13 00:00:00
559,Customer_559,Enterprise,37.0,463.97,2025-01-02 12:00:00
559,Customer_559,Enterprise,1325.0,361.46,2025-02-25 04:00:00
559,Customer_559,Enterprise,1984.0,194.15,2025-03-24 15:00:00
559,Customer_559,Enterprise,2187.0,251.58,2025-04-02 02:00:00
559,Customer_559,Enterprise,2426.0,45.81,2025-04-12 01:00:00
559,Customer_559,Enterprise,2636.0,359.38,2025-04-20 19:00:00
559,Customer_559,Enterprise,2754.0,40.99,2025-04-25 17:00:00
559,Customer_559,Enterprise,3201.0,454.66,2025-05-14 08:00:00
559,Customer_559,Enterprise,3615.0,421.82,2025-05-31 14:00:00
559,Customer_559,Enterprise,3948.0,179.46,2025-06-14 11:00:00
560,Customer_560,B2B,1694.0,129.88,2025-03-12 13:00:00
560,Customer_560,B2B,2622.0,404.43,2025-04-20 05:00:00
560,Customer_560,B2B,3257.0,495.93,2025-05-16 16:00:00
560,Customer_560,B2B,3491.0,217.85,2025-05-26 10:00:00
560,Customer_560,B2B,3694.0,204.62,2025-06-03 21:00:00
560,Customer_560,B2B,3711.0,249.42,2025-06-04 14:00:00
560,Customer_560,B2B,3975.0,250.4,2025-06-15 14:00:00
560,Customer_560,B2B,4036.0,269.61,2025-06-18 03:00:00
561,Customer_561,Enterprise,258.0,408.11,2025-01-11 17:00:00
561,Customer_561,Enterprise,1359.0,470.56,2025-02-26 14:00:00
561,Customer_561,Enterprise,1413.0,52.61,2025-02-28 20:00:00
561,Customer_561,Enterprise,1515.0,302.11,2025-03-05 02:00:00
561,Customer_561,Enterprise,1761.0,125.34,2025-03-15 08:00:00
561,Customer_561,Enterprise,2133.0,272.49,2025-03-30 20:00:00
561,Customer_561,Enterprise,2958.0,103.64,2025-05-04 05:00:00
561,Customer_561,Enterprise,3532.0,224.2,2025-05-28 03:00:00
561,Customer_561,Enterprise,4078.0,233.11,2025-06-19 21:00:00
562,Customer_562,B2C,869.0,251.55,2025-02-06 04:00:00
562,Customer_562,B2C,1022.0,222.51,2025-02-12 13:00:00
562,Customer_562,B2C,1423.0,54.75,2025-03-01 06:00:00
562,Customer_562,B2C,1840.0,162.08,2025-03-18 15:00:00
562,Customer_562,B2C,2401.0,312.87,2025-04-11 00:00:00
562,Customer_562,B2C,4275.0,195.12,2025-06-28 02:00:00
563,Customer_563,B2B,1740.0,317.89,2025-03-14 11:00:00
563,Customer_563,B2B,2002.0,483.26,2025-03-25 09:00:00
563,Customer_563,B2B,2565.0,105.47,2025-04-17 20:00:00
563,Customer_563,B2B,2673.0,198.17,2025-04-22 08:00:00
563,Customer_563,B2B,2713.0,336.22,2025-04-24 00:00:00
563,Customer_563,B2B,3500.0,359.92,2025-05-26 19:00:00
563,Customer_563,B2B,4272.0,203.55,2025-06-27 23:00:00
564,Customer_564,Enterprise,624.0,148.81,2025-01-26 23:00:00
564,Customer_564,Enterprise,1285.0,488.54,2025-02-23 12:00:00
564,Customer_564,Enterprise,1670.0,324.13,2025-03-11 13:00:00
564,Customer_564,Enterprise,2933.0,455.12,2025-05-03 04:00:00
564,Customer_564,Enterprise,3195.0,263.39,2025-05-14 02:00:00
564,Customer_564,Enterprise,4389.0,215.04,2025-07-02 20:00:00
564,Customer_564,Enterprise,4822.0,215.19,2025-07-20 21:00:00
565,Customer_565,Enterprise,2909.0,341.29,2025-05-02 04:00:00
565,Customer_565,Enterprise,3069.0,87.11,2025-05-08 20:00:00
565,Customer_565,Enterprise,3596.0,412.08,2025-05-30 19:00:00
565,Customer_565,Enterprise,4602.0,217.95,2025-07-11 17:00:00
566,Customer_566,B2C,1894.0,147.92,2025-03-20 21:00:00
566,Customer_566,B2C,2820.0,469.84,2025-04-28 11:00:00
566,Customer_566,B2C,2932.0,466.43,2025-05-03 03:00:00
566,Customer_566,B2C,3213.0,338.94,2025-05-14 20:00:00
566,Customer_566,B2C,3434.0,276.79,2025-05-24 01:00:00
567,Customer_567,B2B,208.0,473.5,2025-01-09 15:00:00
567,Customer_567,B2B,986.0,89.23,2025-02-11 01:00:00
567,Customer_567,B2B,2186.0,97.47,2025-04-02 01:00:00
567,Customer_567,B2B,2904.0,483.23,2025-05-01 23:00:00
567,Customer_567,B2B,3313.0,32.57,2025-05-19 00:00:00
567,Customer_567,B2B,3881.0,28.53,2025-06-11 16:00:00
567,Customer_567,B2B,4286.0,134.99,2025-06-28 13:00:00
567,Customer_567,B2B,4593.0,359.17,2025-07-11 08:00:00
568,Customer_568,B2B,707.0,172.49,2025-01-30 10:00:00
568,Customer_568,B2B,2634.0,14.16,2025-04-20 17:00:00
568,Customer_568,B2B,2990.0,246.7,2025-05-05 13:00:00
568,Customer_568,B2B,3814.0,406.97,2025-06-08 21:00:00
568,Customer_568,B2B,4402.0,351.15,2025-07-03 09:00:00
568,Customer_568,B2B,4642.0,449.74,2025-07-13 09:00:00
569,Customer_569,Enterprise,492.0,12.05,2025-01-21 11:00:00
569,Customer_569,Enterprise,2028.0,13.47,2025-03-26 11:00:00
569,Customer_569,Enterprise,3200.0,290.23,2025-05-14 07:00:00
569,Customer_569,Enterprise,3603.0,284.57,2025-05-31 02:00:00
569,Customer_569,Enterprise,3637.0,102.43,2025-06-01 12:00:00
570,Customer_570,B2B,811.0,68.98,2025-02-03 18:00:00
570,Customer_570,B2B,847.0,430.19,2025-02-05 06:00:00
570,Customer_570,B2B,3646.0,448.11,2025-06-01 21:00:00
570,Customer_570,B2B,3818.0,112.24,2025-06-09 01:00:00
570,Customer_570,B2B,4383.0,357.25,2025-07-02 14:00:00
570,Customer_570,B2B,4679.0,265.06,2025-07-14 22:00:00
570,Customer_570,B2B,4872.0,38.32,2025-07-22 23:00:00
571,Customer_571,Enterprise,512.0,278.0,2025-01-22 07:00:00
571,Customer_571,Enterprise,626.0,407.81,2025-01-27 01:00:00
571,Customer_571,Enterprise,719.0,378.39,2025-01-30 22:00:00
571,Customer_571,Enterprise,720.0,407.85,2025-01-30 23:00:00
571,Customer_571,Enterprise,2128.0,258.01,2025-03-30 15:00:00
571,Customer_571,Enterprise,2229.0,316.29,2025-04-03 20:00:00
571,Customer_571,Enterprise,2502.0,237.99,2025-04-15 05:00:00
571,Customer_571,Enterprise,3173.0,347.75,2025-05-13 04:00:00
571,Customer_571,Enterprise,3274.0,96.44,2025-05-17 09:00:00
571,Customer_571,Enterprise,3476.0,40.19,2025-05-25 19:00:00
571,Customer_571,Enterprise,4104.0,211.15,2025-06-20 23:00:00
571,Customer_571,Enterprise,4295.0,195.94,2025-06-28 22:00:00
571,Customer_571,Enterprise,4798.0,348.84,2025-07-19 21:00:00
571,Customer_571,Enterprise,4880.0,243.54,2025-07-23 07:00:00
572,Customer_572,B2B,78.0,203.34,2025-01-04 05:00:00
572,Customer_572,B2B,775.0,225.93,2025-02-02 06:00:00
572,Customer_572,B2B,1693.0,412.42,2025-03-12 12:00:00
572,Customer_572,B2B,2251.0,35.88,2025-04-04 18:00:00
572,Customer_572,B2B,4069.0,398.17,2025-06-19 12:00:00
573,Customer_573,Enterprise,652.0,340.7,2025-01-28 03:00:00
573,Customer_573,Enterprise,1993.0,358.11,2025-03-25 00:00:00
573,Customer_573,Enterprise,2098.0,277.99,2025-03-29 09:00:00
573,Customer_573,Enterprise,2099.0,277.66,2025-03-29 10:00:00
573,Customer_573,Enterprise,2459.0,484.25,2025-04-13 10:00:00
573,Customer_573,Enterprise,2878.0,163.29,2025-04-30 21:00:00
573,Customer_573,Enterprise,3219.0,337.84,2025-05-15 02:00:00
573,Customer_573,Enterprise,3843.0,201.85,2025-06-10 02:00:00
573,Customer_573,Enterprise,4216.0,41.13,2025-06-25 15:00:00
573,Customer_573,Enterprise,4253.0,248.33,2025-06-27 04:00:00
573,Customer_573,Enterprise,4260.0,56.44,2025-06-27 11:00:00
573,Customer_573,Enterprise,4786.0,257.17,2025-07-19 09:00:00
574,Customer_574,B2B,18.0,88.51,2025-01-01 17:00:00
574,Customer_574,B2B,91.0,26.99,2025-01-04 18:00:00
574,Customer_574,B2B,1622.0,328.28,2025-03-09 13:00:00
574,Customer_574,B2B,1636.0,358.07,2025-03-10 03:00:00
574,Customer_574,B2B,2590.0,344.76,2025-04-18 21:00:00
574,Customer_574,B2B,3226.0,362.78,2025-05-15 09:00:00
574,Customer_574,B2B,3640.0,407.2,2025-06-01 15:00:00
574,Customer_574,B2B,3994.0,34.16,2025-06-16 09:00:00
574,Customer_574,B2B,4066.0,393.18,2025-06-19 09:00:00
574,Customer_574,B2B,4119.0,179.77,2025-06-21 14:00:00
575,Customer_575,B2C,107.0,204.53,2025-01-05 10:00:00
575,Customer_575,B2C,219.0,335.88,2025-01-10 02:00:00
575,Customer_575,B2C,629.0,337.75,2025-01-27 04:00:00
575,Customer_575,B2C,1196.0,319.08,2025-02-19 19:00:00
575,Customer_575,B2C,2219.0,322.33,2025-04-03 10:00:00
575,Customer_575,B2C,2806.0,53.93,2025-04-27 21:00:00
575,Customer_575,B2C,3531.0,272.84,2025-05-28 02:00:00
575,Customer_575,B2C,3769.0,160.06,2025-06-07 00:00:00
575,Customer_575,B2C,4180.0,296.53,2025-06-24 03:00:00
575,Customer_575,B2C,4894.0,179.67,2025-07-23 21:00:00
576,Customer_576,B2B,423.0,412.04,2025-01-18 14:00:00
576,Customer_576,B2B,1100.0,430.39,2025-02-15 19:00:00
576,Customer_576,B2B,2399.0,327.38,2025-04-10 22:00:00
576,Customer_576,B2B,2648.0,284.46,2025-04-21 07:00:00
576,Customer_576,B2B,4114.0,63.55,2025-06-21 09:00:00
577,Customer_577,B2B,594.0,316.58,2025-01-25 17:00:00
577,Customer_577,B2B,2112.0,184.47,2025-03-29 23:00:00
577,Customer_577,B2B,2977.0,405.29,2025-05-05 00:00:00
578,Customer_578,B2C,1031.0,203.58,2025-02-12 22:00:00
578,Customer_578,B2C,1491.0,347.01,2025-03-04 02:00:00
578,Customer_578,B2C,1532.0,126.99,2025-03-05 19:00:00
578,Customer_578,B2C,4748.0,96.97,2025-07-17 19:00:00
579,Customer_579,B2B,118.0,398.97,2025-01-05 21:00:00
579,Customer_579,B2B,314.0,456.56,2025-01-14 01:00:00
579,Customer_579,B2B,2301.0,401.24,2025-04-06 20:00:00
579,Customer_579,B2B,2446.0,295.25,2025-04-12 21:00:00
579,Customer_579,B2B,2663.0,372.39,2025-04-21 22:00:00
579,Customer_579,B2B,2844.0,149.74,2025-04-29 11:00:00
579,Customer_579,B2B,4712.0,118.53,2025-07-16 07:00:00
580,Customer_580,B2C,666.0,483.16,2025-01-28 17:00:00
580,Customer_580,B2C,1345.0,486.2,2025-02-26 00:00:00
580,Customer_580,B2C,1394.0,481.41,2025-02-28 01:00:00
580,Customer_580,B2C,1559.0,385.46,2025-03-06 22:00:00
580,Customer_580,B2C,3255.0,57.44,2025-05-16 14:00:00
580,Customer_580,B2C,3372.0,48.22,2025-05-21 11:00:00
580,Customer_580,B2C,4670.0,338.67,2025-07-14 13:00:00
581,Customer_581,B2B,66.0,465.9,2025-01-03 17:00:00
581,Customer_581,B2B,1357.0,91.43,2025-02-26 12:00:00
581,Customer_581,B2B,1710.0,54.76,2025-03-13 05:00:00
581,Customer_581,B2B,2007.0,390.64,2025-03-25 14:00:00
581,Customer_581,B2B,2079.0,247.79,2025-03-28 14:00:00
581,Customer_581,B2B,3427.0,232.93,2025-05-23 18:00:00
582,Customer_582,Enterprise,2014.0,494.13,2025-03-25 21:00:00
582,Customer_582,Enterprise,2048.0,52.83,2025-03-27 07:00:00
582,Customer_582,Enterprise,2767.0,192.6,2025-04-26 06:00:00
582,Customer_582,Enterprise,2774.0,403.57,2025-04-26 13:00:00
582,Customer_582,Enterprise,3252.0,444.55,2025-05-16 11:00:00
582,Customer_582,Enterprise,3524.0,325.93,2025-05-27 19:00:00
583,Customer_583,Enterprise,1311.0,335.72,2025-02-24 14:00:00
583,Customer_583,Enterprise,1929.0,166.81,2025-03-22 08:00:00
583,Customer_583,Enterprise,3658.0,360.05,2025-06-02 09:00:00
583,Customer_583,Enterprise,4105.0,122.74,2025-06-21 00:00:00
584,Customer_584,B2B,627.0,16.79,2025-01-27 02:00:00
584,Customer_584,B2B,859.0,128.17,2025-02-05 18:00:00
584,Customer_584,B2B,892.0,428.43,2025-02-07 03:00:00
584,Customer_584,B2B,1339.0,214.41,2025-02-25 18:00:00
584,Customer_584,B2B,1870.0,113.6,2025-03-19 21:00:00
584,Customer_584,B2B,2453.0,468.41,2025-04-13 04:00:00
584,Customer_584,B2B,2520.0,269.47,2025-04-15 23:00:00
584,Customer_584,B2B,2872.0,158.72,2025-04-30 15:00:00
584,Customer_584,B2B,3956.0,276.36,2025-06-14 19:00:00
584,Customer_584,B2B,4394.0,306.5,2025-07-03 01:00:00
585,Customer_585,B2B,607.0,377.43,2025-01-26 06:00:00
585,Customer_585,B2B,1197.0,233.27,2025-02-19 20:00:00
585,Customer_585,B2B,1203.0,37.55,2025-02-20 02:00:00
585,Customer_585,B2B,4797.0,267.46,2025-07-19 20:00:00
586,Customer_586,B2B,771.0,190.88,2025-02-02 02:00:00
586,Customer_586,B2B,1308.0,443.33,2025-02-24 11:00:00
586,Customer_586,B2B,2177.0,35.62,2025-04-01 16:00:00
586,Customer_586,B2B,3072.0,127.95,2025-05-08 23:00:00
586,Customer_586,B2B,3667.0,214.55,2025-06-02 18:00:00
586,Customer_586,B2B,4166.0,333.76,2025-06-23 13:00:00
587,Customer_587,Enterprise,1903.0,357.21,2025-03-21 06:00:00
587,Customer_587,Enterprise,2779.0,406.34,2025-04-26 18:00:00
587,Customer_587,Enterprise,4334.0,315.14,2025-06-30 13:00:00
588,Customer_588,B2B,73.0,378.71,2025-01-04 00:00:00
588,Customer_588,B2B,404.0,245.83,2025-01-17 19:00:00
588,Customer_588,B2B,919.0,29.51,2025-02-08 06:00:00
588,Customer_588,B2B,1183.0,289.74,2025-02-19 06:00:00
588,Customer_588,B2B,2125.0,353.17,2025-03-30 12:00:00
588,Customer_588,B2B,2261.0,300.81,2025-04-05 04:00:00
588,Customer_588,B2B,2424.0,414.01,2025-04-11 23:00:00
588,Customer_588,B2B,3378.0,248.86,2025-05-21 17:00:00
588,Customer_588,B2B,4704.0,425.72,2025-07-15 23:00:00
588,Customer_588,B2B,4823.0,221.6,2025-07-20 22:00:00
589,Customer_589,Enterprise,751.0,187.86,2025-02-01 06:00:00
589,Customer_589,Enterprise,934.0,177.87,2025-02-08 21:00:00
589,Customer_589,Enterprise,1205.0,457.27,2025-02-20 04:00:00
589,Customer_589,Enterprise,1299.0,121.88,2025-02-24 02:00:00
589,Customer_589,Enterprise,3793.0,126.16,2025-06-08 00:00:00
589,Customer_589,Enterprise,4490.0,196.18,2025-07-07 01:00:00
590,Customer_590,B2C,279.0,227.09,2025-01-12 14:00:00
590,Customer_590,B2C,1374.0,20.7,2025-02-27 05:00:00
590,Customer_590,B2C,1763.0,458.27,2025-03-15 10:00:00
590,Customer_590,B2C,3230.0,312.73,2025-05-15 13:00:00
590,Customer_590,B2C,4852.0,138.99,2025-07-22 03:00:00
591,Customer_591,Enterprise,866.0,194.66,2025-02-06 01:00:00
591,Customer_591,Enterprise,1641.0,177.07,2025-03-10 08:00:00
591,Customer_591,Enterprise,2959.0,386.69,2025-05-04 06:00:00
591,Customer_591,Enterprise,3623.0,299.55,2025-05-31 22:00:00
591,Customer_591,Enterprise,4186.0,306.15,2025-06-24 09:00:00
592,Customer_592,Enterprise,496.0,249.93,2025-01-21 15:00:00
592,Customer_592,Enterprise,923.0,182.64,2025-02-08 10:00:00
592,Customer_592,Enterprise,1089.0,99.09,2025-02-15 08:00:00
592,Customer_592,Enterprise,3568.0,481.09,2025-05-29 15:00:00
593,Customer_593,B2C,364.0,38.7,2025-01-16 03:00:00
593,Customer_593,B2C,697.0,406.32,2025-01-30 00:00:00
593,Customer_593,B2C,2096.0,379.2,2025-03-29 07:00:00
593,Customer_593,B2C,3292.0,93.68,2025-05-18 03:00:00
593,Customer_593,B2C,3517.0,113.25,2025-05-27 12:00:00
593,Customer_593,B2C,4140.0,280.4,2025-06-22 11:00:00
594,Customer_594,Enterprise,534.0,404.04,2025-01-23 05:00:00
594,Customer_594,Enterprise,996.0,459.08,2025-02-11 11:00:00
594,Customer_594,Enterprise,1218.0,49.06,2025-02-20 17:00:00
594,Customer_594,Enterprise,1518.0,422.39,2025-03-05 05:00:00
594,Customer_594,Enterprise,1673.0,42.37,2025-03-11 16:00:00
594,Customer_594,Enterprise,1944.0,217.12,2025-03-22 23:00:00
594,Customer_594,Enterprise,2545.0,407.62,2025-04-17 00:00:00
595,Customer_595,B2B,3587.0,213.35,2025-05-30 10:00:00
595,Customer_595,B2B,3705.0,261.58,2025-06-04 08:00:00
595,Customer_595,B2B,3862.0,25.1,2025-06-10 21:00:00
596,Customer_596,B2B,55.0,143.03,2025-01-03 06:00:00
596,Customer_596,B2B,2030.0,414.47,2025-03-26 13:00:00
596,Customer_596,B2B,2053.0,404.51,2025-03-27 12:00:00
596,Customer_596,B2B,2338.0,335.11,2025-04-08 09:00:00
596,Customer_596,B2B,3209.0,169.01,2025-05-14 16:00:00
596,Customer_596,B2B,3294.0,259.47,2025-05-18 05:00:00
596,Customer_596,B2B,3682.0,96.57,2025-06-03 09:00:00
596,Customer_596,B2B,3861.0,233.2,2025-06-10 20:00:00
596,Customer_596,B2B,4542.0,451.73,2025-07-09 05:00:00
597,Customer_597,Enterprise,1382.0,15.15,2025-02-27 13:00:00
597,Customer_597,Enterprise,2184.0,453.9,2025-04-01 23:00:00
597,Customer_597,Enterprise,3921.0,288.48,2025-06-13 08:00:00
598,Customer_598,B2B,139.0,446.06,2025-01-06 18:00:00
598,Customer_598,B2B,1631.0,137.42,2025-03-09 22:00:00
598,Customer_598,B2B,1826.0,348.97,2025-03-18 01:00:00
598,Customer_598,B2B,1890.0,213.92,2025-03-20 17:00:00
598,Customer_598,B2B,2094.0,255.92,2025-03-29 05:00:00
598,Customer_598,B2B,2105.0,54.45,2025-03-29 16:00:00
598,Customer_598,B2B,2386.0,227.13,2025-04-10 09:00:00
598,Customer_598,B2B,3227.0,379.37,2025-05-15 10:00:00
598,Customer_598,B2B,4014.0,175.23,2025-06-17 05:00:00
598,Customer_598,B2B,4232.0,413.66,2025-06-26 07:00:00
599,Customer_599,Enterprise,405.0,406.74,2025-01-17 20:00:00
599,Customer_599,Enterprise,1053.0,267.27,2025-02-13 20:00:00
599,Customer_599,Enterprise,2081.0,327.65,2025-03-28 16:00:00
599,Customer_599,Enterprise,3910.0,56.58,2025-06-12 21:00:00
600,Customer_600,B2B,3295.0,82.25,2025-05-18 06:00:00
601,Customer_601,B2B,93.0,351.61,2025-01-04 20:00:00
601,Customer_601,B2B,1226.0,441.12,2025-02-21 01:00:00
601,Customer_601,B2B,2168.0,110.93,2025-04-01 07:00:00
601,Customer_601,B2B,3265.0,121.77,2025-05-17 00:00:00
601,Customer_601,B2B,3334.0,452.94,2025-05-19 21:00:00
601,Customer_601,B2B,4747.0,356.45,2025-07-17 18:00:00
602,Customer_602,Enterprise,222.0,75.94,2025-01-10 05:00:00
602,Customer_602,Enterprise,691.0,176.23,2025-01-29 18:00:00
602,Customer_602,Enterprise,1193.0,304.39,2025-02-19 16:00:00
602,Customer_602,Enterprise,1892.0,493.23,2025-03-20 19:00:00
602,Customer_602,Enterprise,1989.0,118.03,2025-03-24 20:00:00
602,Customer_602,Enterprise,2015.0,200.8,2025-03-25 22:00:00
602,Customer_602,Enterprise,2487.0,171.25,2025-04-14 14:00:00
602,Customer_602,Enterprise,2527.0,484.72,2025-04-16 06:00:00
602,Customer_602,Enterprise,3159.0,282.79,2025-05-12 14:00:00
602,Customer_602,Enterprise,4807.0,207.87,2025-07-20 06:00:00
602,Customer_602,Enterprise,4847.0,398.06,2025-07-21 22:00:00
603,Customer_603,B2B,2326.0,307.29,2025-04-07 21:00:00
603,Customer_603,B2B,3315.0,175.89,2025-05-19 02:00:00
603,Customer_603,B2B,3345.0,404.89,2025-05-20 08:00:00
603,Customer_603,B2B,3797.0,119.4,2025-06-08 04:00:00
604,Customer_604,Enterprise,189.0,446.29,2025-01-08 20:00:00
604,Customer_604,Enterprise,317.0,37.87,2025-01-14 04:00:00
604,Customer_604,Enterprise,837.0,14.86,2025-02-04 20:00:00
604,Customer_604,Enterprise,2149.0,62.34,2025-03-31 12:00:00
604,Customer_604,Enterprise,2724.0,448.43,2025-04-24 11:00:00
604,Customer_604,Enterprise,2793.0,357.36,2025-04-27 08:00:00
604,Customer_604,Enterprise,3102.0,410.23,2025-05-10 05:00:00
605,Customer_605,B2B,863.0,282.22,2025-02-05 22:00:00
605,Customer_605,B2B,1090.0,220.87,2025-02-15 09:00:00
605,Customer_605,B2B,1233.0,455.32,2025-02-21 08:00:00
605,Customer_605,B2B,2430.0,357.77,2025-04-12 05:00:00
605,Customer_605,B2B,2577.0,192.2,2025-04-18 08:00:00
605,Customer_605,B2B,3335.0,167.12,2025-05-19 22:00:00
605,Customer_605,B2B,3749.0,436.77,2025-06-06 04:00:00
606,Customer_606,B2B,16.0,277.76,2025-01-01 15:00:00
606,Customer_606,B2B,64.0,120.78,2025-01-03 15:00:00
606,Customer_606,B2B,3011.0,167.08,2025-05-06 10:00:00
606,Customer_606,B2B,3289.0,197.75,2025-05-18 00:00:00
606,Customer_606,B2B,3340.0,227.8,2025-05-20 03:00:00
606,Customer_606,B2B,3782.0,377.89,2025-06-07 13:00:00
606,Customer_606,B2B,3927.0,417.76,2025-06-13 14:00:00
606,Customer_606,B2B,4132.0,96.08,2025-06-22 03:00:00
606,Customer_606,B2B,4590.0,151.09,2025-07-11 05:00:00
606,Customer_606,B2B,4812.0,374.23,2025-07-20 11:00:00
607,Customer_607,B2C,904.0,202.73,2025-02-07 15:00:00
607,Customer_607,B2C,1841.0,383.44,2025-03-18 16:00:00
607,Customer_607,B2C,4366.0,425.18,2025-07-01 21:00:00
607,Customer_607,B2C,4493.0,181.63,2025-07-07 04:00:00
608,Customer_608,B2C,576.0,308.95,2025-01-24 23:00:00
608,Customer_608,B2C,1024.0,188.0,2025-02-12 15:00:00
608,Customer_608,B2C,1564.0,366.24,2025-03-07 03:00:00
608,Customer_608,B2C,3164.0,247.25,2025-05-12 19:00:00
608,Customer_608,B2C,4184.0,33.23,2025-06-24 07:00:00
608,Customer_608,B2C,4516.0,130.91,2025-07-08 03:00:00
608,Customer_608,B2C,4582.0,161.57,2025-07-10 21:00:00
609,Customer_609,Enterprise,316.0,164.73,2025-01-14 03:00:00
609,Customer_609,Enterprise,1603.0,326.74,2025-03-08 18:00:00
609,Customer_609,Enterprise,4694.0,61.99,2025-07-15 13:00:00
610,Customer_610,B2C,391.0,145.76,2025-01-17 06:00:00
610,Customer_610,B2C,413.0,225.53,2025-01-18 04:00:00
610,Customer_610,B2C,668.0,74.05,2025-01-28 19:00:00
610,Customer_610,B2C,1209.0,178.2,2025-02-20 08:00:00
610,Customer_610,B2C,2108.0,73.16,2025-03-29 19:00:00
610,Customer_610,B2C,2111.0,315.34,2025-03-29 22:00:00
610,Customer_610,B2C,3150.0,99.63,2025-05-12 05:00:00
610,Customer_610,B2C,3714.0,491.96,2025-06-04 17:00:00
611,Customer_611,Enterprise,2130.0,468.72,2025-03-30 17:00:00
611,Customer_611,Enterprise,2604.0,101.58,2025-04-19 11:00:00
611,Customer_611,Enterprise,3342.0,103.3,2025-05-20 05:00:00
611,Customer_611,Enterprise,4525.0,98.03,2025-07-08 12:00:00
611,Customer_611,Enterprise,4840.0,251.02,2025-07-21 15:00:00
612,Customer_612,B2C,1349.0,430.35,2025-02-26 04:00:00
612,Customer_612,B2C,2023.0,19.63,2025-03-26 06:00:00
612,Customer_612,B2C,2331.0,237.27,2025-04-08 02:00:00
612,Customer_612,B2C,2625.0,252.46,2025-04-20 08:00:00
612,Customer_612,B2C,2984.0,325.25,2025-05-05 07:00:00
612,Customer_612,B2C,4900.0,177.71,2025-07-24 03:00:00
613,Customer_613,B2B,58.0,279.44,2025-01-03 09:00:00
613,Customer_613,B2B,201.0,153.74,2025-01-09 08:00:00
613,Customer_613,B2B,488.0,79.85,2025-01-21 07:00:00
613,Customer_613,B2B,2206.0,395.49,2025-04-02 21:00:00
613,Customer_613,B2B,2209.0,84.12,2025-04-03 00:00:00
613,Customer_613,B2B,2746.0,380.83,2025-04-25 09:00:00
613,Customer_613,B2B,3304.0,158.12,2025-05-18 15:00:00
613,Customer_613,B2B,3317.0,310.45,2025-05-19 04:00:00
613,Customer_613,B2B,4827.0,83.28,2025-07-21 02:00:00
614,Customer_614,Enterprise,1214.0,17.85,2025-02-20 13:00:00
614,Customer_614,Enterprise,1433.0,150.88,2025-03-01 16:00:00
614,Customer_614,Enterprise,2343.0,86.74,2025-04-08 14:00:00
614,Customer_614,Enterprise,3084.0,385.72,2025-05-09 11:00:00
614,Customer_614,Enterprise,3851.0,256.91,2025-06-10 10:00:00
614,Customer_614,Enterprise,4645.0,247.79,2025-07-13 12:00:00
615,Customer_615,Enterprise,540.0,278.81,2025-01-23 11:00:00
615,Customer_615,Enterprise,1606.0,26.84,2025-03-08 21:00:00
615,Customer_615,Enterprise,3403.0,246.35,2025-05-22 18:00:00
615,Customer_615,Enterprise,3440.0,438.93,2025-05-24 07:00:00
615,Customer_615,Enterprise,4632.0,54.61,2025-07-12 23:00:00
615,Customer_615,Enterprise,4814.0,232.54,2025-07-20 13:00:00
616,Customer_616,B2B,100.0,122.7,2025-01-05 03:00:00
616,Customer_616,B2B,113.0,49.8,2025-01-05 16:00:00
616,Customer_616,B2B,178.0,49.98,2025-01-08 09:00:00
616,Customer_616,B2B,181.0,319.37,2025-01-08 12:00:00
616,Customer_616,B2B,474.0,32.34,2025-01-20 17:00:00
616,Customer_616,B2B,3146.0,304.47,2025-05-12 01:00:00
616,Customer_616,B2B,3920.0,435.86,2025-06-13 07:00:00
616,Customer_616,B2B,4127.0,356.69,2025-06-21 22:00:00
616,Customer_616,B2B,4303.0,57.83,2025-06-29 06:00:00
617,Customer_617,Enterprise,670.0,367.36,2025-01-28 21:00:00
617,Customer_617,Enterprise,1025.0,399.03,2025-02-12 16:00:00
617,Customer_617,Enterprise,1764.0,113.74,2025-03-15 11:00:00
618,Customer_618,Enterprise,1449.0,388.35,2025-03-02 08:00:00
618,Customer_618,Enterprise,2035.0,31.98,2025-03-26 18:00:00
618,Customer_618,Enterprise,2045.0,247.1,2025-03-27 04:00:00
618,Customer_618,Enterprise,2492.0,182.59,2025-04-14 19:00:00
618,Customer_618,Enterprise,3730.0,299.99,2025-06-05 09:00:00
619,Customer_619,B2C,1269.0,469.71,2025-02-22 20:00:00
619,Customer_619,B2C,1997.0,492.44,2025-03-25 04:00:00
619,Customer_619,B2C,2052.0,108.45,2025-03-27 11:00:00
619,Customer_619,B2C,2208.0,157.03,2025-04-02 23:00:00
619,Customer_619,B2C,2978.0,11.79,2025-05-05 01:00:00
619,Customer_619,B2C,3278.0,385.42,2025-05-17 13:00:00
619,Customer_619,B2C,3807.0,57.1,2025-06-08 14:00:00
619,Customer_619,B2C,3827.0,93.92,2025-06-09 10:00:00
619,Customer_619,B2C,4072.0,121.93,2025-06-19 15:00:00
620,Customer_620,Enterprise,545.0,340.97,2025-01-23 16:00:00
620,Customer_620,Enterprise,1114.0,304.29,2025-02-16 09:00:00
620,Customer_620,Enterprise,2282.0,207.24,2025-04-06 01:00:00
620,Customer_620,Enterprise,2517.0,280.82,2025-04-15 20:00:00
620,Customer_620,Enterprise,2772.0,116.71,2025-04-26 11:00:00
620,Customer_620,Enterprise,3242.0,211.36,2025-05-16 01:00:00
620,Customer_620,Enterprise,3272.0,248.34,2025-05-17 07:00:00
620,Customer_620,Enterprise,3925.0,412.16,2025-06-13 12:00:00
621,Customer_621,B2B,1400.0,294.12,2025-02-28 07:00:00
621,Customer_621,B2B,1721.0,290.66,2025-03-13 16:00:00
621,Customer_621,B2B,2471.0,53.19,2025-04-13 22:00:00
621,Customer_621,B2B,3042.0,205.86,2025-05-07 17:00:00
621,Customer_621,B2B,3859.0,449.68,2025-06-10 18:00:00
622,Customer_622,B2C,204.0,451.13,2025-01-09 11:00:00
622,Customer_622,B2C,1242.0,29.76,2025-02-21 17:00:00
622,Customer_622,B2C,2347.0,490.9,2025-04-08 18:00:00
622,Customer_622,B2C,2385.0,197.36,2025-04-10 08:00:00
622,Customer_622,B2C,3884.0,164.46,2025-06-11 19:00:00
622,Customer_622,B2C,4163.0,114.76,2025-06-23 10:00:00
622,Customer_622,B2C,4266.0,83.14,2025-06-27 17:00:00
623,Customer_623,B2C,125.0,211.48,2025-01-06 04:00:00
623,Customer_623,B2C,180.0,23.65,2025-01-08 11:00:00
623,Customer_623,B2C,445.0,121.12,2025-01-19 12:00:00
623,Customer_623,B2C,1064.0,421.16,2025-02-14 07:00:00
623,Customer_623,B2C,1751.0,426.92,2025-03-14 22:00:00
623,Customer_623,B2C,1911.0,498.15,2025-03-21 14:00:00
623,Customer_623,B2C,3132.0,268.36,2025-05-11 11:00:00
624,Customer_624,B2B,339.0,183.82,2025-01-15 02:00:00
624,Customer_624,B2B,1671.0,162.71,2025-03-11 14:00:00
624,Customer_624,B2B,2989.0,427.23,2025-05-05 12:00:00
624,Customer_624,B2B,3916.0,233.27,2025-06-13 03:00:00
624,Customer_624,B2B,4592.0,329.32,2025-07-11 07:00:00
625,Customer_625,B2B,1684.0,331.2,2025-03-12 03:00:00
625,Customer_625,B2B,1998.0,336.54,2025-03-25 05:00:00
625,Customer_625,B2B,2658.0,142.63,2025-04-21 17:00:00
625,Customer_625,B2B,3343.0,338.28,2025-05-20 06:00:00
625,Customer_625,B2B,4766.0,296.89,2025-07-18 13:00:00
626,Customer_626,B2C,1795.0,341.64,2025-03-16 18:00:00
626,Customer_626,B2C,2200.0,339.31,2025-04-02 15:00:00
626,Customer_626,B2C,3585.0,282.84,2025-05-30 08:00:00
626,Customer_626,B2C,3825.0,237.06,2025-06-09 08:00:00
626,Customer_626,B2C,4550.0,17.48,2025-07-09 13:00:00
627,Customer_627,Enterprise,159.0,386.6,2025-01-07 14:00:00
627,Customer_627,Enterprise,1464.0,14.45,2025-03-02 23:00:00
628,Customer_628,B2C,1620.0,238.96,2025-03-09 11:00:00
628,Customer_628,B2C,1968.0,459.21,2025-03-23 23:00:00
628,Customer_628,B2C,2148.0,173.68,2025-03-31 11:00:00
628,Customer_628,B2C,2652.0,12.87,2025-04-21 11:00:00
628,Customer_628,B2C,3360.0,306.95,2025-05-20 23:00:00
628,Customer_628,B2C,3396.0,494.78,2025-05-22 11:00:00
628,Customer_628,B2C,3425.0,261.16,2025-05-23 16:00:00
628,Customer_628,B2C,4343.0,381.62,2025-06-30 22:00:00
628,Customer_628,B2C,4595.0,166.47,2025-07-11 10:00:00
628,Customer_628,B2C,4753.0,253.85,2025-07-18 00:00:00
629,Customer_629,B2B,406.0,475.76,2025-01-17 21:00:00
629,Customer_629,B2B,527.0,98.64,2025-01-22 22:00:00
629,Customer_629,B2B,1250.0,386.84,2025-02-22 01:00:00
629,Customer_629,B2B,1665.0,235.08,2025-03-11 08:00:00
629,Customer_629,B2B,2090.0,134.07,2025-03-29 01:00:00
629,Customer_629,B2B,2309.0,392.53,2025-04-07 04:00:00
629,Customer_629,B2B,2575.0,483.35,2025-04-18 06:00:00
629,Customer_629,B2B,3339.0,362.98,2025-05-20 02:00:00
629,Customer_629,B2B,4003.0,97.44,2025-06-16 18:00:00
630,Customer_630,B2C,252.0,493.79,2025-01-11 11:00:00
630,Customer_630,B2C,1087.0,390.63,2025-02-15 06:00:00
630,Customer_630,B2C,1466.0,260.44,2025-03-03 01:00:00
630,Customer_630,B2C,1855.0,23.78,2025-03-19 06:00:00
630,Customer_630,B2C,2000.0,297.05,2025-03-25 07:00:00
630,Customer_630,B2C,2906.0,407.44,2025-05-02 01:00:00
630,Customer_630,B2C,3897.0,134.21,2025-06-12 08:00:00
630,Customer_630,B2C,4019.0,186.08,2025-06-17 10:00:00
630,Customer_630,B2C,4715.0,151.7,2025-07-16 10:00:00
631,Customer_631,B2B,991.0,443.39,2025-02-11 06:00:00
631,Customer_631,B2B,1364.0,446.66,2025-02-26 19:00:00
631,Customer_631,B2B,1807.0,106.62,2025-03-17 06:00:00
631,Customer_631,B2B,2951.0,256.51,2025-05-03 22:00:00
631,Customer_631,B2B,3162.0,384.9,2025-05-12 17:00:00
631,Customer_631,B2B,4363.0,438.04,2025-07-01 18:00:00
631,Customer_631,B2B,4373.0,44.75,2025-07-02 04:00:00
632,Customer_632,B2C,367.0,437.24,2025-01-16 06:00:00
632,Customer_632,B2C,1109.0,365.78,2025-02-16 04:00:00
632,Customer_632,B2C,2042.0,474.1,2025-03-27 01:00:00
632,Customer_632,B2C,2387.0,194.33,2025-04-10 10:00:00
632,Customer_632,B2C,2903.0,487.87,2025-05-01 22:00:00
632,Customer_632,B2C,2998.0,456.31,2025-05-05 21:00:00
632,Customer_632,B2C,4011.0,412.68,2025-06-17 02:00:00
633,Customer_633,Enterprise,1336.0,245.47,2025-02-25 15:00:00
633,Customer_633,Enterprise,1452.0,180.01,2025-03-02 11:00:00
633,Customer_633,Enterprise,1471.0,78.33,2025-03-03 06:00:00
633,Customer_633,Enterprise,1898.0,294.58,2025-03-21 01:00:00
633,Customer_633,Enterprise,2360.0,105.52,2025-04-09 07:00:00
633,Customer_633,Enterprise,2976.0,449.16,2025-05-04 23:00:00
634,Customer_634,B2C,421.0,226.86,2025-01-18 12:00:00
634,Customer_634,B2C,2608.0,419.27,2025-04-19 15:00:00
634,Customer_634,B2C,3937.0,211.16,2025-06-14 00:00:00
635,Customer_635,B2C,142.0,113.06,2025-01-06 21:00:00
635,Customer_635,B2C,672.0,111.34,2025-01-28 23:00:00
635,Customer_635,B2C,948.0,82.77,2025-02-09 11:00:00
635,Customer_635,B2C,3495.0,247.78,2025-05-26 14:00:00
635,Customer_635,B2C,4057.0,461.65,2025-06-19 00:00:00
636,Customer_636,B2B,2358.0,188.64,2025-04-09 05:00:00
636,Customer_636,B2B,3665.0,271.93,2025-06-02 16:00:00
637,Customer_637,B2B,104.0,414.77,2025-01-05 07:00:00
637,Customer_637,B2B,1040.0,377.19,2025-02-13 07:00:00
637,Customer_637,B2B,1337.0,43.69,2025-02-25 16:00:00
637,Customer_637,B2B,1386.0,272.42,2025-02-27 17:00:00
637,Customer_637,B2B,2122.0,72.28,2025-03-30 09:00:00
637,Customer_637,B2B,2384.0,391.18,2025-04-10 07:00:00
637,Customer_637,B2B,2726.0,211.19,2025-04-24 13:00:00
637,Customer_637,B2B,4409.0,433.47,2025-07-03 16:00:00
638,Customer_638,B2B,1155.0,486.51,2025-02-18 02:00:00
638,Customer_638,B2B,1816.0,344.51,2025-03-17 15:00:00
638,Customer_638,B2B,2017.0,345.52,2025-03-26 00:00:00
638,Customer_638,B2B,2695.0,59.91,2025-04-23 06:00:00
638,Customer_638,B2B,3123.0,326.56,2025-05-11 02:00:00
638,Customer_638,B2B,3515.0,21.29,2025-05-27 10:00:00
638,Customer_638,B2B,3933.0,397.23,2025-06-13 20:00:00
638,Customer_638,B2B,4393.0,24.29,2025-07-03 00:00:00
639,Customer_639,B2C,2061.0,326.12,2025-03-27 20:00:00
639,Customer_639,B2C,2543.0,474.91,2025-04-16 22:00:00
639,Customer_639,B2C,2955.0,429.4,2025-05-04 02:00:00
639,Customer_639,B2C,3788.0,383.4,2025-06-07 19:00:00
639,Customer_639,B2C,4549.0,154.52,2025-07-09 12:00:00
640,Customer_640,Enterprise,230.0,392.11,2025-01-10 13:00:00
640,Customer_640,Enterprise,2231.0,294.09,2025-04-03 22:00:00
640,Customer_640,Enterprise,2299.0,192.94,2025-04-06 18:00:00
640,Customer_640,Enterprise,3980.0,443.61,2025-06-15 19:00:00
640,Customer_640,Enterprise,4341.0,51.94,2025-06-30 20:00:00
641,Customer_641,B2B,471.0,100.79,2025-01-20 14:00:00
641,Customer_641,B2B,1223.0,295.04,2025-02-20 22:00:00
641,Customer_641,B2B,2020.0,147.83,2025-03-26 03:00:00
642,Customer_642,B2B,54.0,357.63,2025-01-03 05:00:00
642,Customer_642,B2B,1117.0,312.43,2025-02-16 12:00:00
642,Customer_642,B2B,1414.0,158.58,2025-02-28 21:00:00
642,Customer_642,B2B,1584.0,251.08,2025-03-07 23:00:00
642,Customer_642,B2B,4423.0,98.1,2025-07-04 06:00:00
643,Customer_643,B2C,291.0,61.69,2025-01-13 02:00:00
643,Customer_643,B2C,1003.0,302.74,2025-02-11 18:00:00
643,Customer_643,B2C,1042.0,109.99,2025-02-13 09:00:00
643,Customer_643,B2C,4325.0,173.15,2025-06-30 04:00:00
643,Customer_643,B2C,4510.0,73.86,2025-07-07 21:00:00
644,Customer_644,B2B,288.0,275.27,2025-01-12 23:00:00
644,Customer_644,B2B,1213.0,58.79,2025-02-20 12:00:00
644,Customer_644,B2B,1300.0,38.64,2025-02-24 03:00:00
644,Customer_644,B2B,3145.0,74.2,2025-05-12 00:00:00
644,Customer_644,B2B,3748.0,349.47,2025-06-06 03:00:00
644,Customer_644,B2B,4067.0,394.14,2025-06-19 10:00:00
645,Customer_645,Enterprise,27.0,334.24,2025-01-02 02:00:00
645,Customer_645,Enterprise,1632.0,198.68,2025-03-09 23:00:00
645,Customer_645,Enterprise,1727.0,23.04,2025-03-13 22:00:00
645,Customer_645,Enterprise,2240.0,419.68,2025-04-04 07:00:00
645,Customer_645,Enterprise,3163.0,222.06,2025-05-12 18:00:00
645,Customer_645,Enterprise,3388.0,155.81,2025-05-22 03:00:00
645,Customer_645,Enterprise,3854.0,168.97,2025-06-10 13:00:00
645,Customer_645,Enterprise,4292.0,382.77,2025-06-28 19:00:00
646,Customer_646,Enterprise,14.0,119.11,2025-01-01 13:00:00
646,Customer_646,Enterprise,117.0,488.87,2025-01-05 20:00:00
646,Customer_646,Enterprise,410.0,409.05,2025-01-18 01:00:00
646,Customer_646,Enterprise,808.0,423.5,2025-02-03 15:00:00
646,Customer_646,Enterprise,2249.0,37.4,2025-04-04 16:00:00
646,Customer_646,Enterprise,2321.0,460.7,2025-04-07 16:00:00
646,Customer_646,Enterprise,2686.0,67.21,2025-04-22 21:00:00
646,Customer_646,Enterprise,3924.0,237.7,2025-06-13 11:00:00
647,Customer_647,B2B,1820.0,233.23,2025-03-17 19:00:00
647,Customer_647,B2B,2843.0,90.39,2025-04-29 10:00:00
647,Customer_647,B2B,3130.0,248.67,2025-05-11 09:00:00
648,Customer_648,B2B,150.0,424.97,2025-01-07 05:00:00
648,Customer_648,B2B,1180.0,29.56,2025-02-19 03:00:00
648,Customer_648,B2B,1292.0,117.2,2025-02-23 19:00:00
648,Customer_648,B2B,1407.0,50.46,2025-02-28 14:00:00
648,Customer_648,B2B,1457.0,292.48,2025-03-02 16:00:00
648,Customer_648,B2B,1756.0,26.38,2025-03-15 03:00:00
648,Customer_648,B2B,2464.0,130.86,2025-04-13 15:00:00
648,Customer_648,B2B,2853.0,321.69,2025-04-29 20:00:00
648,Customer_648,B2B,4039.0,83.65,2025-06-18 06:00:00
649,Customer_649,B2C,674.0,162.97,2025-01-29 01:00:00
649,Customer_649,B2C,2215.0,18.83,2025-04-03 06:00:00
649,Customer_649,B2C,3037.0,274.98,2025-05-07 12:00:00
649,Customer_649,B2C,3813.0,10.39,2025-06-08 20:00:00
649,Customer_649,B2C,4608.0,392.86,2025-07-11 23:00:00
650,Customer_650,Enterprise,50.0,204.87,2025-01-03 01:00:00
650,Customer_650,Enterprise,1373.0,29.29,2025-02-27 04:00:00
650,Customer_650,Enterprise,1643.0,139.14,2025-03-10 10:00:00
650,Customer_650,Enterprise,2129.0,409.17,2025-03-30 16:00:00
650,Customer_650,Enterprise,3068.0,240.65,2025-05-08 19:00:00
650,Customer_650,Enterprise,3437.0,492.62,2025-05-24 04:00:00
650,Customer_650,Enterprise,3725.0,90.71,2025-06-05 04:00:00
650,Customer_650,Enterprise,3785.0,34.09,2025-06-07 16:00:00
650,Customer_650,Enterprise,3938.0,123.36,2025-06-14 01:00:00
650,Customer_650,Enterprise,4135.0,402.67,2025-06-22 06:00:00
650,Customer_650,Enterprise,4404.0,226.2,2025-07-03 11:00:00
651,Customer_651,Enterprise,1733.0,110.88,2025-03-14 04:00:00
651,Customer_651,Enterprise,2283.0,460.82,2025-04-06 02:00:00
651,Customer_651,Enterprise,2975.0,250.95,2025-05-04 22:00:00
651,Customer_651,Enterprise,3375.0,88.75,2025-05-21 14:00:00
651,Customer_651,Enterprise,3485.0,188.17,2025-05-26 04:00:00
651,Customer_651,Enterprise,4265.0,151.52,2025-06-27 16:00:00
652,Customer_652,B2B,1775.0,379.87,2025-03-15 22:00:00
652,Customer_652,B2B,3015.0,474.34,2025-05-06 14:00:00
652,Customer_652,B2B,4211.0,391.4,2025-06-25 10:00:00
653,Customer_653,B2C,1553.0,39.84,2025-03-06 16:00:00
653,Customer_653,B2C,1566.0,493.81,2025-03-07 05:00:00
653,Customer_653,B2C,2479.0,225.9,2025-04-14 06:00:00
653,Customer_653,B2C,3321.0,411.52,2025-05-19 08:00:00
653,Customer_653,B2C,3911.0,108.23,2025-06-12 22:00:00
653,Customer_653,B2C,4848.0,72.32,2025-07-21 23:00:00
654,Customer_654,Enterprise,40.0,29.3,2025-01-02 15:00:00
654,Customer_654,Enterprise,1188.0,58.75,2025-02-19 11:00:00
654,Customer_654,Enterprise,1486.0,448.82,2025-03-03 21:00:00
654,Customer_654,Enterprise,2311.0,293.5,2025-04-07 06:00:00
654,Customer_654,Enterprise,2374.0,166.66,2025-04-09 21:00:00
654,Customer_654,Enterprise,4310.0,267.32,2025-06-29 13:00:00
654,Customer_654,Enterprise,4708.0,432.54,2025-07-16 03:00:00
655,Customer_655,Enterprise,511.0,342.0,2025-01-22 06:00:00
655,Customer_655,Enterprise,1228.0,450.63,2025-02-21 03:00:00
655,Customer_655,Enterprise,1368.0,34.59,2025-02-26 23:00:00
655,Customer_655,Enterprise,2068.0,466.81,2025-03-28 03:00:00
655,Customer_655,Enterprise,2142.0,173.32,2025-03-31 05:00:00
655,Customer_655,Enterprise,2556.0,463.08,2025-04-17 11:00:00
655,Customer_655,Enterprise,4222.0,354.73,2025-06-25 21:00:00
655,Customer_655,Enterprise,4302.0,104.36,2025-06-29 05:00:00
655,Customer_655,Enterprise,4861.0,80.11,2025-07-22 12:00:00
656,Customer_656,B2C,1459.0,406.89,2025-03-02 18:00:00
656,Customer_656,B2C,1869.0,499.68,2025-03-19 20:00:00
656,Customer_656,B2C,2889.0,173.52,2025-05-01 08:00:00
657,Customer_657,B2C,862.0,101.69,2025-02-05 21:00:00
657,Customer_657,B2C,1455.0,247.24,2025-03-02 14:00:00
657,Customer_657,B2C,2745.0,447.82,2025-04-25 08:00:00
657,Customer_657,B2C,2884.0,237.53,2025-05-01 03:00:00
657,Customer_657,B2C,3735.0,378.68,2025-06-05 14:00:00
657,Customer_657,B2C,4849.0,205.29,2025-07-22 00:00:00
658,Customer_658,Enterprise,1297.0,227.84,2025-02-24 00:00:00
658,Customer_658,Enterprise,1383.0,383.33,2025-02-27 14:00:00
658,Customer_658,Enterprise,1569.0,308.74,2025-03-07 08:00:00
658,Customer_658,Enterprise,2540.0,180.17,2025-04-16 19:00:00
658,Customer_658,Enterprise,2602.0,113.78,2025-04-19 09:00:00
658,Customer_658,Enterprise,3025.0,287.5,2025-05-07 00:00:00
658,Customer_658,Enterprise,4033.0,305.48,2025-06-18 00:00:00
658,Customer_658,Enterprise,4147.0,245.75,2025-06-22 18:00:00
659,Customer_659,Enterprise,842.0,493.58,2025-02-05 01:00:00
659,Customer_659,Enterprise,2335.0,206.16,2025-04-08 06:00:00
659,Customer_659,Enterprise,2428.0,490.2,2025-04-12 03:00:00
659,Customer_659,Enterprise,2510.0,299.49,2025-04-15 13:00:00
659,Customer_659,Enterprise,2547.0,273.68,2025-04-17 02:00:00
659,Customer_659,Enterprise,2748.0,374.78,2025-04-25 11:00:00
659,Customer_659,Enterprise,2979.0,166.83,2025-05-05 02:00:00
659,Customer_659,Enterprise,3566.0,342.54,2025-05-29 13:00:00
659,Customer_659,Enterprise,4025.0,196.89,2025-06-17 16:00:00
660,Customer_660,B2C,165.0,117.17,2025-01-07 20:00:00
660,Customer_660,B2C,628.0,328.2,2025-01-27 03:00:00
660,Customer_660,B2C,927.0,474.41,2025-02-08 14:00:00
660,Customer_660,B2C,1979.0,476.61,2025-03-24 10:00:00
660,Customer_660,B2C,2295.0,388.69,2025-04-06 14:00:00
660,Customer_660,B2C,2934.0,392.83,2025-05-03 05:00:00
660,Customer_660,B2C,3572.0,204.67,2025-05-29 19:00:00
660,Customer_660,B2C,4336.0,431.33,2025-06-30 15:00:00
660,Customer_660,B2C,4466.0,250.84,2025-07-06 01:00:00
661,Customer_661,Enterprise,210.0,10.54,2025-01-09 17:00:00
661,Customer_661,Enterprise,500.0,96.77,2025-01-21 19:00:00
661,Customer_661,Enterprise,1365.0,235.57,2025-02-26 20:00:00
661,Customer_661,Enterprise,1642.0,498.86,2025-03-10 09:00:00
661,Customer_661,Enterprise,1815.0,341.79,2025-03-17 14:00:00
661,Customer_661,Enterprise,2404.0,186.12,2025-04-11 03:00:00
661,Customer_661,Enterprise,2757.0,320.55,2025-04-25 20:00:00
661,Customer_661,Enterprise,3376.0,489.35,2025-05-21 15:00:00
661,Customer_661,Enterprise,3473.0,407.03,2025-05-25 16:00:00
661,Customer_661,Enterprise,4273.0,174.15,2025-06-28 00:00:00
661,Customer_661,Enterprise,4591.0,100.91,2025-07-11 06:00:00
661,Customer_661,Enterprise,4773.0,139.26,2025-07-18 20:00:00
662,Customer_662,B2B,243.0,278.95,2025-01-11 02:00:00
662,Customer_662,B2B,998.0,192.32,2025-02-11 13:00:00
662,Customer_662,B2B,1366.0,357.74,2025-02-26 21:00:00
662,Customer_662,B2B,1440.0,254.18,2025-03-01 23:00:00
662,Customer_662,B2B,1827.0,340.4,2025-03-18 02:00:00
662,Customer_662,B2B,2280.0,45.54,2025-04-05 23:00:00
662,Customer_662,B2B,2345.0,422.84,2025-04-08 16:00:00
662,Customer_662,B2B,3710.0,377.83,2025-06-04 13:00:00
662,Customer_662,B2B,3833.0,72.81,2025-06-09 16:00:00
662,Customer_662,B2B,3895.0,122.66,2025-06-12 06:00:00
662,Customer_662,B2B,3928.0,252.07,2025-06-13 15:00:00
663,Customer_663,B2B,1488.0,227.29,2025-03-03 23:00:00
663,Customer_663,B2B,1577.0,293.86,2025-03-07 16:00:00
663,Customer_663,B2B,1821.0,446.58,2025-03-17 20:00:00
663,Customer_663,B2B,4776.0,306.82,2025-07-18 23:00:00
664,Customer_664,B2C,234.0,184.73,2025-01-10 17:00:00
664,Customer_664,B2C,446.0,336.6,2025-01-19 13:00:00
664,Customer_664,B2C,1347.0,152.53,2025-02-26 02:00:00
664,Customer_664,B2C,1725.0,302.21,2025-03-13 20:00:00
664,Customer_664,B2C,1951.0,113.27,2025-03-23 06:00:00
664,Customer_664,B2C,2031.0,81.84,2025-03-26 14:00:00
664,Customer_664,B2C,2097.0,74.91,2025-03-29 08:00:00
664,Customer_664,B2C,2738.0,167.08,2025-04-25 01:00:00
664,Customer_664,B2C,2827.0,342.79,2025-04-28 18:00:00
664,Customer_664,B2C,3955.0,272.41,2025-06-14 18:00:00
665,Customer_665,B2C,109.0,371.6,2025-01-05 12:00:00
665,Customer_665,B2C,604.0,302.5,2025-01-26 03:00:00
665,Customer_665,B2C,1253.0,20.29,2025-02-22 04:00:00
665,Customer_665,B2C,1792.0,484.48,2025-03-16 15:00:00
665,Customer_665,B2C,2457.0,373.24,2025-04-13 08:00:00
665,Customer_665,B2C,3118.0,229.83,2025-05-10 21:00:00
665,Customer_665,B2C,3872.0,117.47,2025-06-11 07:00:00
665,Customer_665,B2C,4261.0,13.33,2025-06-27 12:00:00
666,Customer_666,B2C,218.0,168.53,2025-01-10 01:00:00
666,Customer_666,B2C,244.0,196.19,2025-01-11 03:00:00
666,Customer_666,B2C,387.0,243.65,2025-01-17 02:00:00
666,Customer_666,B2C,936.0,104.09,2025-02-08 23:00:00
666,Customer_666,B2C,1500.0,167.16,2025-03-04 11:00:00
666,Customer_666,B2C,2071.0,16.51,2025-03-28 06:00:00
666,Customer_666,B2C,2238.0,364.43,2025-04-04 05:00:00
666,Customer_666,B2C,2667.0,240.64,2025-04-22 02:00:00
666,Customer_666,B2C,2770.0,45.64,2025-04-26 09:00:00
667,Customer_667,B2B,730.0,92.74,2025-01-31 09:00:00
667,Customer_667,B2B,757.0,33.13,2025-02-01 12:00:00
667,Customer_667,B2B,2574.0,116.67,2025-04-18 05:00:00
667,Customer_667,B2B,3329.0,89.82,2025-05-19 16:00:00
667,Customer_667,B2B,4623.0,404.09,2025-07-12 14:00:00
668,Customer_668,Enterprise,2630.0,226.61,2025-04-20 13:00:00
668,Customer_668,Enterprise,2974.0,197.95,2025-05-04 21:00:00
668,Customer_668,Enterprise,3250.0,128.46,2025-05-16 09:00:00
668,Customer_668,Enterprise,4009.0,388.54,2025-06-17 00:00:00
668,Customer_668,Enterprise,4659.0,178.81,2025-07-14 02:00:00
669,Customer_669,B2B,126.0,219.47,2025-01-06 05:00:00
669,Customer_669,B2B,1164.0,127.51,2025-02-18 11:00:00
669,Customer_669,B2B,1288.0,222.92,2025-02-23 15:00:00
669,Customer_669,B2B,2437.0,274.87,2025-04-12 12:00:00
669,Customer_669,B2B,2639.0,379.92,2025-04-20 22:00:00
669,Customer_669,B2B,3641.0,370.41,2025-06-01 16:00:00
669,Customer_669,B2B,3674.0,448.43,2025-06-03 01:00:00
670,Customer_670,Enterprise,268.0,293.46,2025-01-12 03:00:00
670,Customer_670,Enterprise,600.0,21.06,2025-01-25 23:00:00
670,Customer_670,Enterprise,745.0,416.49,2025-02-01 00:00:00
670,Customer_670,Enterprise,1296.0,308.02,2025-02-23 23:00:00
670,Customer_670,Enterprise,1451.0,198.41,2025-03-02 10:00:00
670,Customer_670,Enterprise,1522.0,116.62,2025-03-05 09:00:00
670,Customer_670,Enterprise,1943.0,13.66,2025-03-22 22:00:00
670,Customer_670,Enterprise,2222.0,187.22,2025-04-03 13:00:00
670,Customer_670,Enterprise,2395.0,145.99,2025-04-10 18:00:00
670,Customer_670,Enterprise,2535.0,454.26,2025-04-16 14:00:00
670,Customer_670,Enterprise,2912.0,53.61,2025-05-02 07:00:00
670,Customer_670,Enterprise,4749.0,133.59,2025-07-17 20:00:00
671,Customer_671,B2B,4080.0,61.2,2025-06-19 23:00:00
672,Customer_672,Enterprise,742.0,306.11,2025-01-31 21:00:00
672,Customer_672,Enterprise,921.0,478.27,2025-02-08 08:00:00
672,Customer_672,Enterprise,1572.0,378.38,2025-03-07 11:00:00
672,Customer_672,Enterprise,1655.0,327.2,2025-03-10 22:00:00
672,Customer_672,Enterprise,2063.0,480.58,2025-03-27 22:00:00
672,Customer_672,Enterprise,2623.0,483.99,2025-04-20 06:00:00
672,Customer_672,Enterprise,3333.0,139.99,2025-05-19 20:00:00
672,Customer_672,Enterprise,3912.0,212.6,2025-06-12 23:00:00
672,Customer_672,Enterprise,4499.0,382.75,2025-07-07 10:00:00
673,Customer_673,B2B,46.0,395.81,2025-01-02 21:00:00
673,Customer_673,B2B,335.0,89.34,2025-01-14 22:00:00
673,Customer_673,B2B,928.0,79.19,2025-02-08 15:00:00
673,Customer_673,B2B,1363.0,97.79,2025-02-26 18:00:00
673,Customer_673,B2B,2371.0,79.96,2025-04-09 18:00:00
673,Customer_673,B2B,2542.0,346.18,2025-04-16 21:00:00
673,Customer_673,B2B,3214.0,89.47,2025-05-14 21:00:00
674,Customer_674,B2C,2705.0,411.0,2025-04-23 16:00:00
674,Customer_674,B2C,2981.0,122.56,2025-05-05 04:00:00
674,Customer_674,B2C,3112.0,149.3,2025-05-10 15:00:00
674,Customer_674,B2C,3551.0,410.77,2025-05-28 22:00:00
674,Customer_674,B2C,3940.0,106.38,2025-06-14 03:00:00
674,Customer_674,B2C,4819.0,54.01,2025-07-20 18:00:00
675,Customer_675,B2B,766.0,202.63,2025-02-01 21:00:00
675,Customer_675,B2B,1531.0,151.97,2025-03-05 18:00:00
675,Customer_675,B2B,2270.0,81.36,2025-04-05 13:00:00
675,Customer_675,B2B,3081.0,29.01,2025-05-09 08:00:00
675,Customer_675,B2B,3341.0,135.58,2025-05-20 04:00:00
675,Customer_675,B2B,4185.0,402.57,2025-06-24 08:00:00
675,Customer_675,B2B,4220.0,151.06,2025-06-25 19:00:00
675,Customer_675,B2B,4868.0,368.8,2025-07-22 19:00:00
676,Customer_676,Enterprise,437.0,118.04,2025-01-19 04:00:00
676,Customer_676,Enterprise,800.0,461.14,2025-02-03 07:00:00
676,Customer_676,Enterprise,1080.0,302.68,2025-02-14 23:00:00
676,Customer_676,Enterprise,1354.0,392.22,2025-02-26 09:00:00
676,Customer_676,Enterprise,1405.0,36.93,2025-02-28 12:00:00
676,Customer_676,Enterprise,1774.0,300.91,2025-03-15 21:00:00
676,Customer_676,Enterprise,2366.0,288.72,2025-04-09 13:00:00
676,Customer_676,Enterprise,2859.0,494.75,2025-04-30 02:00:00
676,Customer_676,Enterprise,4675.0,372.75,2025-07-14 18:00:00
677,Customer_677,B2B,401.0,294.52,2025-01-17 16:00:00
677,Customer_677,B2B,3075.0,464.97,2025-05-09 02:00:00
677,Customer_677,B2B,3909.0,284.74,2025-06-12 20:00:00
677,Customer_677,B2B,4179.0,225.97,2025-06-24 02:00:00
678,Customer_678,B2B,287.0,296.93,2025-01-12 22:00:00
678,Customer_678,B2B,886.0,276.87,2025-02-06 21:00:00
678,Customer_678,B2B,1517.0,113.38,2025-03-05 04:00:00
678,Customer_678,B2B,2578.0,22.66,2025-04-18 09:00:00
678,Customer_678,B2B,4156.0,132.48,2025-06-23 03:00:00
678,Customer_678,B2B,4280.0,42.29,2025-06-28 07:00:00
678,Customer_678,B2B,4839.0,112.85,2025-07-21 14:00:00
679,Customer_679,B2B,2123.0,219.5,2025-03-30 10:00:00
679,Customer_679,B2B,2165.0,129.3,2025-04-01 04:00:00
679,Customer_679,B2B,2627.0,283.98,2025-04-20 10:00:00
679,Customer_679,B2B,3616.0,353.63,2025-05-31 15:00:00
679,Customer_679,B2B,3946.0,486.84,2025-06-14 09:00:00
679,Customer_679,B2B,4461.0,262.31,2025-07-05 20:00:00
680,Customer_680,B2C,2152.0,159.5,2025-03-31 15:00:00
680,Customer_680,B2C,3438.0,473.43,2025-05-24 05:00:00
680,Customer_680,B2C,3760.0,36.18,2025-06-06 15:00:00
680,Customer_680,B2C,3823.0,370.62,2025-06-09 06:00:00
681,Customer_681,B2B,721.0,473.42,2025-01-31 00:00:00
681,Customer_681,B2B,1199.0,381.31,2025-02-19 22:00:00
681,Customer_681,B2B,2103.0,429.52,2025-03-29 14:00:00
681,Customer_681,B2B,2826.0,497.34,2025-04-28 17:00:00
681,Customer_681,B2B,3253.0,195.39,2025-05-16 12:00:00
681,Customer_681,B2B,3430.0,470.91,2025-05-23 21:00:00
681,Customer_681,B2B,3520.0,72.43,2025-05-27 15:00:00
681,Customer_681,B2B,3650.0,28.47,2025-06-02 01:00:00
682,Customer_682,B2C,1338.0,279.36,2025-02-25 17:00:00
682,Customer_682,B2C,3107.0,29.63,2025-05-10 10:00:00
682,Customer_682,B2C,4120.0,486.79,2025-06-21 15:00:00
683,Customer_683,B2C,182.0,218.94,2025-01-08 13:00:00
683,Customer_683,B2C,1097.0,30.33,2025-02-15 16:00:00
683,Customer_683,B2C,1848.0,42.97,2025-03-18 23:00:00
683,Customer_683,B2C,2819.0,126.68,2025-04-28 10:00:00
683,Customer_683,B2C,4257.0,125.64,2025-06-27 08:00:00
683,Customer_683,B2C,4633.0,327.62,2025-07-13 00:00:00
684,Customer_684,B2B,2408.0,210.26,2025-04-11 07:00:00
685,Customer_685,B2B,155.0,344.44,2025-01-07 10:00:00
685,Customer_685,B2B,417.0,303.74,2025-01-18 08:00:00
685,Customer_685,B2B,989.0,373.37,2025-02-11 04:00:00
685,Customer_685,B2B,1323.0,255.95,2025-02-25 02:00:00
685,Customer_685,B2B,1960.0,249.07,2025-03-23 15:00:00
685,Customer_685,B2B,2753.0,130.71,2025-04-25 16:00:00
685,Customer_685,B2B,2875.0,239.02,2025-04-30 18:00:00
685,Customer_685,B2B,3349.0,247.58,2025-05-20 12:00:00
685,Customer_685,B2B,4050.0,448.6,2025-06-18 17:00:00
685,Customer_685,B2B,4160.0,248.17,2025-06-23 07:00:00
686,Customer_686,B2B,868.0,453.6,2025-02-06 03:00:00
686,Customer_686,B2B,941.0,316.46,2025-02-09 04:00:00
686,Customer_686,B2B,1802.0,217.24,2025-03-17 01:00:00
686,Customer_686,B2B,2025.0,483.15,2025-03-26 08:00:00
686,Customer_686,B2B,3204.0,440.94,2025-05-14 11:00:00
686,Customer_686,B2B,3795.0,45.46,2025-06-08 02:00:00
686,Customer_686,B2B,4562.0,131.49,2025-07-10 01:00:00
687,Customer_687,Enterprise,797.0,302.06,2025-02-03 04:00:00
687,Customer_687,Enterprise,828.0,29.09,2025-02-04 11:00:00
687,Customer_687,Enterprise,1104.0,362.43,2025-02-15 23:00:00
687,Customer_687,Enterprise,1358.0,173.04,2025-02-26 13:00:00
687,Customer_687,Enterprise,2539.0,30.13,2025-04-16 18:00:00
687,Customer_687,Enterprise,2794.0,413.63,2025-04-27 09:00:00
687,Customer_687,Enterprise,3099.0,184.64,2025-05-10 02:00:00
687,Customer_687,Enterprise,3194.0,103.73,2025-05-14 01:00:00
687,Customer_687,Enterprise,4734.0,296.09,2025-07-17 05:00:00
687,Customer_687,Enterprise,4844.0,450.33,2025-07-21 19:00:00
688,Customer_688,B2B,530.0,368.13,2025-01-23 01:00:00
688,Customer_688,B2B,695.0,131.78,2025-01-29 22:00:00
688,Customer_688,B2B,1201.0,165.84,2025-02-20 00:00:00
688,Customer_688,B2B,2207.0,259.77,2025-04-02 22:00:00
688,Customer_688,B2B,2651.0,285.43,2025-04-21 10:00:00
688,Customer_688,B2B,4190.0,387.5,2025-06-24 13:00:00
688,Customer_688,B2B,4208.0,467.47,2025-06-25 07:00:00
688,Customer_688,B2B,4454.0,374.34,2025-07-05 13:00:00
688,Customer_688,B2B,4742.0,211.93,2025-07-17 13:00:00
689,Customer_689,B2C,250.0,57.36,2025-01-11 09:00:00
689,Customer_689,B2C,595.0,279.76,2025-01-25 18:00:00
689,Customer_689,B2C,647.0,135.53,2025-01-27 22:00:00
689,Customer_689,B2C,1023.0,425.75,2025-02-12 14:00:00
689,Customer_689,B2C,2478.0,171.47,2025-04-14 05:00:00
689,Customer_689,B2C,2538.0,208.8,2025-04-16 17:00:00
689,Customer_689,B2C,3656.0,92.61,2025-06-02 07:00:00
690,Customer_690,B2B,47.0,160.15,2025-01-02 22:00:00
690,Customer_690,B2B,655.0,382.4,2025-01-28 06:00:00
690,Customer_690,B2B,959.0,187.63,2025-02-09 22:00:00
690,Customer_690,B2B,1587.0,257.03,2025-03-08 02:00:00
690,Customer_690,B2B,1617.0,81.3,2025-03-09 08:00:00
690,Customer_690,B2B,2058.0,83.46,2025-03-27 17:00:00
690,Customer_690,B2B,3739.0,243.73,2025-06-05 18:00:00
690,Customer_690,B2B,4189.0,373.73,2025-06-24 12:00:00
691,Customer_691,Enterprise,103.0,339.47,2025-01-05 06:00:00
691,Customer_691,Enterprise,915.0,278.05,2025-02-08 02:00:00
691,Customer_691,Enterprise,1131.0,106.8,2025-02-17 02:00:00
691,Customer_691,Enterprise,2790.0,452.6,2025-04-27 05:00:00
691,Customer_691,Enterprise,2991.0,213.87,2025-05-05 14:00:00
691,Customer_691,Enterprise,3446.0,192.87,2025-05-24 13:00:00
691,Customer_691,Enterprise,3800.0,492.91,2025-06-08 07:00:00
692,Customer_692,B2B,2271.0,351.74,2025-04-05 14:00:00
692,Customer_692,B2B,4605.0,273.33,2025-07-11 20:00:00
693,Customer_693,Enterprise,427.0,401.89,2025-01-18 18:00:00
693,Customer_693,Enterprise,726.0,373.57,2025-01-31 05:00:00
693,Customer_693,Enterprise,873.0,39.51,2025-02-06 08:00:00
693,Customer_693,Enterprise,1136.0,332.57,2025-02-17 07:00:00
693,Customer_693,Enterprise,1652.0,41.99,2025-03-10 19:00:00
693,Customer_693,Enterprise,1780.0,153.2,2025-03-16 03:00:00
693,Customer_693,Enterprise,3106.0,251.74,2025-05-10 09:00:00
693,Customer_693,Enterprise,3187.0,23.81,2025-05-13 18:00:00
693,Customer_693,Enterprise,3351.0,167.15,2025-05-20 14:00:00
693,Customer_693,Enterprise,4029.0,466.64,2025-06-17 20:00:00
693,Customer_693,Enterprise,4731.0,106.51,2025-07-17 02:00:00
693,Customer_693,Enterprise,4790.0,364.55,2025-07-19 13:00:00
694,Customer_694,Enterprise,3621.0,104.02,2025-05-31 20:00:00
694,Customer_694,Enterprise,3811.0,268.45,2025-06-08 18:00:00
694,Customer_694,Enterprise,4062.0,113.39,2025-06-19 05:00:00
694,Customer_694,Enterprise,4287.0,72.25,2025-06-28 14:00:00
694,Customer_694,Enterprise,4609.0,343.22,2025-07-12 00:00:00
694,Customer_694,Enterprise,4833.0,133.2,2025-07-21 08:00:00
695,Customer_695,B2B,993.0,271.93,2025-02-11 08:00:00
695,Customer_695,B2B,2390.0,406.31,2025-04-10 13:00:00
695,Customer_695,B2B,2775.0,285.32,2025-04-26 14:00:00
695,Customer_695,B2B,4239.0,207.12,2025-06-26 14:00:00
695,Customer_695,B2B,4267.0,128.09,2025-06-27 18:00:00
696,Customer_696,B2C,147.0,71.72,2025-01-07 02:00:00
696,Customer_696,B2C,1852.0,363.32,2025-03-19 03:00:00
696,Customer_696,B2C,2051.0,397.74,2025-03-27 10:00:00
696,Customer_696,B2C,2829.0,496.49,2025-04-28 20:00:00
696,Customer_696,B2C,3258.0,387.51,2025-05-16 17:00:00
696,Customer_696,B2C,4691.0,214.88,2025-07-15 10:00:00
696,Customer_696,B2C,4817.0,201.64,2025-07-20 16:00:00
697,Customer_697,Enterprise,584.0,13.17,2025-01-25 07:00:00
698,Customer_698,B2B,705.0,473.06,2025-01-30 08:00:00
698,Customer_698,B2B,1909.0,187.15,2025-03-21 12:00:00
698,Customer_698,B2B,1937.0,80.5,2025-03-22 16:00:00
698,Customer_698,B2B,2994.0,115.53,2025-05-05 17:00:00
698,Customer_698,B2B,3103.0,480.2,2025-05-10 06:00:00
698,Customer_698,B2B,3836.0,376.7,2025-06-09 19:00:00
698,Customer_698,B2B,4816.0,491.22,2025-07-20 15:00:00
699,Customer_699,B2B,3108.0,492.32,2025-05-10 11:00:00
699,Customer_699,B2B,3259.0,113.16,2025-05-16 18:00:00
699,Customer_699,B2B,4194.0,335.05,2025-06-24 17:00:00
699,Customer_699,B2B,4227.0,158.82,2025-06-26 02:00:00
699,Customer_699,B2B,4528.0,430.75,2025-07-08 15:00:00
699,Customer_699,B2B,4568.0,261.8,2025-07-10 07:00:00
700,Customer_700,B2C,343.0,213.26,2025-01-15 06:00:00
700,Customer_700,B2C,732.0,361.56,2025-01-31 11:00:00
700,Customer_700,B2C,763.0,471.61,2025-02-01 18:00:00
700,Customer_700,B2C,976.0,49.48,2025-02-10 15:00:00
700,Customer_700,B2C,1391.0,174.55,2025-02-27 22:00:00
700,Customer_700,B2C,1659.0,456.79,2025-03-11 02:00:00
700,Customer_700,B2C,3199.0,349.36,2025-05-14 06:00:00
700,Customer_700,B2C,3382.0,220.86,2025-05-21 21:00:00
700,Customer_700,B2C,3433.0,253.18,2025-05-24 00:00:00
700,Customer_700,B2C,4684.0,85.8,2025-07-15 03:00:00
700,Customer_700,B2C,4803.0,117.83,2025-07-20 02:00:00
701,Customer_701,Enterprise,256.0,497.83,2025-01-11 15:00:00
701,Customer_701,Enterprise,1850.0,456.98,2025-03-19 01:00:00
701,Customer_701,Enterprise,2242.0,157.58,2025-04-04 09:00:00
701,Customer_701,Enterprise,2480.0,429.91,2025-04-14 07:00:00
701,Customer_701,Enterprise,2811.0,235.22,2025-04-28 02:00:00
701,Customer_701,Enterprise,3552.0,28.8,2025-05-28 23:00:00
701,Customer_701,Enterprise,4574.0,469.9,2025-07-10 13:00:00
702,Customer_702,Enterprise,420.0,116.0,2025-01-18 11:00:00
702,Customer_702,Enterprise,1498.0,164.66,2025-03-04 09:00:00
702,Customer_702,Enterprise,2333.0,175.36,2025-04-08 04:00:00
702,Customer_702,Enterprise,3456.0,48.56,2025-05-24 23:00:00
702,Customer_702,Enterprise,4534.0,226.36,2025-07-08 21:00:00
702,Customer_702,Enterprise,4630.0,56.89,2025-07-12 21:00:00
702,Customer_702,Enterprise,4843.0,266.35,2025-07-21 18:00:00
703,Customer_703,B2B,1621.0,62.29,2025-03-09 12:00:00
703,Customer_703,B2B,1661.0,29.57,2025-03-11 04:00:00
703,Customer_703,B2B,1854.0,362.5,2025-03-19 05:00:00
703,Customer_703,B2B,2862.0,246.13,2025-04-30 05:00:00
703,Customer_703,B2B,2943.0,479.31,2025-05-03 14:00:00
704,Customer_704,B2B,796.0,167.22,2025-02-03 03:00:00
704,Customer_704,B2B,1195.0,149.75,2025-02-19 18:00:00
704,Customer_704,B2B,1957.0,434.84,2025-03-23 12:00:00
704,Customer_704,B2B,2011.0,48.53,2025-03-25 18:00:00
704,Customer_704,B2B,2131.0,261.62,2025-03-30 18:00:00
704,Customer_704,B2B,2490.0,470.94,2025-04-14 17:00:00
704,Customer_704,B2B,2507.0,474.31,2025-04-15 10:00:00
704,Customer_704,B2B,2785.0,235.08,2025-04-27 00:00:00
704,Customer_704,B2B,4101.0,253.96,2025-06-20 20:00:00
705,Customer_705,B2C,426.0,183.02,2025-01-18 17:00:00
705,Customer_705,B2C,606.0,220.54,2025-01-26 05:00:00
705,Customer_705,B2C,789.0,411.92,2025-02-02 20:00:00
706,Customer_706,B2C,,,
707,Customer_707,Enterprise,350.0,470.85,2025-01-15 13:00:00
707,Customer_707,Enterprise,833.0,341.04,2025-02-04 16:00:00
707,Customer_707,Enterprise,1086.0,53.19,2025-02-15 05:00:00
707,Customer_707,Enterprise,3410.0,291.01,2025-05-23 01:00:00
708,Customer_708,Enterprise,1411.0,136.81,2025-02-28 18:00:00
708,Customer_708,Enterprise,1668.0,239.82,2025-03-11 11:00:00
708,Customer_708,Enterprise,2091.0,403.81,2025-03-29 02:00:00
708,Customer_708,Enterprise,2380.0,162.64,2025-04-10 03:00:00
708,Customer_708,Enterprise,2687.0,73.24,2025-04-22 22:00:00
708,Customer_708,Enterprise,4483.0,295.83,2025-07-06 18:00:00
709,Customer_709,B2B,346.0,226.6,2025-01-15 09:00:00
709,Customer_709,B2B,2172.0,390.17,2025-04-01 11:00:00
709,Customer_709,B2B,3373.0,62.0,2025-05-21 12:00:00
709,Customer_709,B2B,4247.0,35.61,2025-06-26 22:00:00
709,Customer_709,B2B,4269.0,264.88,2025-06-27 20:00:00
709,Customer_709,B2B,4871.0,448.95,2025-07-22 22:00:00
710,Customer_710,Enterprise,237.0,274.75,2025-01-10 20:00:00
710,Customer_710,Enterprise,505.0,164.53,2025-01-22 00:00:00
710,Customer_710,Enterprise,614.0,160.14,2025-01-26 13:00:00
710,Customer_710,Enterprise,1983.0,73.4,2025-03-24 14:00:00
710,Customer_710,Enterprise,2001.0,63.65,2025-03-25 08:00:00
710,Customer_710,Enterprise,4879.0,72.01,2025-07-23 06:00:00
711,Customer_711,B2C,519.0,496.33,2025-01-22 14:00:00
711,Customer_711,B2C,623.0,114.86,2025-01-26 22:00:00
711,Customer_711,B2C,1231.0,161.75,2025-02-21 06:00:00
712,Customer_712,B2C,170.0,32.05,2025-01-08 01:00:00
712,Customer_712,B2C,1422.0,474.7,2025-03-01 05:00:00
712,Customer_712,B2C,4518.0,20.85,2025-07-08 05:00:00
712,Customer_712,B2C,4649.0,229.6,2025-07-13 16:00:00
712,Customer_712,B2C,4783.0,168.26,2025-07-19 06:00:00
713,Customer_713,B2B,468.0,33.86,2025-01-20 11:00:00
713,Customer_713,B2B,2350.0,322.73,2025-04-08 21:00:00
713,Customer_713,B2B,2567.0,475.75,2025-04-17 22:00:00
713,Customer_713,B2B,3012.0,55.82,2025-05-06 11:00:00
713,Customer_713,B2B,3941.0,37.11,2025-06-14 04:00:00
714,Customer_714,B2C,365.0,280.66,2025-01-16 04:00:00
714,Customer_714,B2C,929.0,384.12,2025-02-08 16:00:00
714,Customer_714,B2C,1004.0,441.64,2025-02-11 19:00:00
714,Customer_714,B2C,3231.0,387.29,2025-05-15 14:00:00
714,Customer_714,B2C,3635.0,318.99,2025-06-01 10:00:00
714,Customer_714,B2C,3855.0,173.77,2025-06-10 14:00:00
714,Customer_714,B2C,4599.0,234.09,2025-07-11 14:00:00
715,Customer_715,B2C,21.0,381.07,2025-01-01 20:00:00
715,Customer_715,B2C,1275.0,110.35,2025-02-23 02:00:00
715,Customer_715,B2C,1702.0,456.45,2025-03-12 21:00:00
715,Customer_715,B2C,2784.0,158.36,2025-04-26 23:00:00
715,Customer_715,B2C,3363.0,78.84,2025-05-21 02:00:00
715,Customer_715,B2C,4282.0,209.63,2025-06-28 09:00:00
716,Customer_716,B2C,799.0,223.28,2025-02-03 06:00:00
716,Customer_716,B2C,957.0,304.46,2025-02-09 20:00:00
716,Customer_716,B2C,2957.0,104.49,2025-05-04 04:00:00
716,Customer_716,B2C,3567.0,216.24,2025-05-29 14:00:00
716,Customer_716,B2C,4042.0,164.32,2025-06-18 09:00:00
716,Customer_716,B2C,4134.0,349.65,2025-06-22 05:00:00
717,Customer_717,B2C,895.0,387.03,2025-02-07 06:00:00
717,Customer_717,B2C,4553.0,227.36,2025-07-09 16:00:00
717,Customer_717,B2C,4808.0,115.22,2025-07-20 07:00:00
718,Customer_718,B2B,750.0,351.54,2025-02-01 05:00:00
718,Customer_718,B2B,2354.0,279.21,2025-04-09 01:00:00
718,Customer_718,B2B,3346.0,48.83,2025-05-20 09:00:00
718,Customer_718,B2B,4022.0,324.09,2025-06-17 13:00:00
719,Customer_719,B2B,1113.0,286.56,2025-02-16 08:00:00
719,Customer_719,B2B,3688.0,316.15,2025-06-03 15:00:00
719,Customer_719,B2B,4085.0,288.55,2025-06-20 04:00:00
720,Customer_720,Enterprise,1341.0,109.96,2025-02-25 20:00:00
720,Customer_720,Enterprise,2813.0,467.39,2025-04-28 04:00:00
720,Customer_720,Enterprise,3126.0,197.7,2025-05-11 05:00:00
720,Customer_720,Enterprise,4470.0,54.2,2025-07-06 05:00:00
720,Customer_720,Enterprise,4514.0,432.59,2025-07-08 01:00:00
720,Customer_720,Enterprise,4615.0,275.25,2025-07-12 06:00:00
720,Customer_720,Enterprise,4698.0,57.88,2025-07-15 17:00:00
721,Customer_721,B2C,372.0,48.85,2025-01-16 11:00:00
721,Customer_721,B2C,896.0,468.05,2025-02-07 07:00:00
721,Customer_721,B2C,3244.0,352.66,2025-05-16 03:00:00
721,Customer_721,B2C,3803.0,12.62,2025-06-08 10:00:00
721,Customer_721,B2C,3932.0,352.02,2025-06-13 19:00:00
721,Customer_721,B2C,4097.0,241.87,2025-06-20 16:00:00
721,Customer_721,B2C,4307.0,186.18,2025-06-29 10:00:00
721,Customer_721,B2C,4340.0,398.83,2025-06-30 19:00:00
722,Customer_722,Enterprise,558.0,185.33,2025-01-24 05:00:00
722,Customer_722,Enterprise,2458.0,415.53,2025-04-13 09:00:00
722,Customer_722,Enterprise,4288.0,38.68,2025-06-28 15:00:00
722,Customer_722,Enterprise,4578.0,282.25,2025-07-10 17:00:00
723,Customer_723,B2B,265.0,75.27,2025-01-12 00:00:00
723,Customer_723,B2B,997.0,170.64,2025-02-11 12:00:00
723,Customer_723,B2B,3014.0,73.09,2025-05-06 13:00:00
724,Customer_724,B2B,32.0,419.12,2025-01-02 07:00:00
724,Customer_724,B2B,2286.0,474.45,2025-04-06 05:00:00
725,Customer_725,B2B,85.0,83.13,2025-01-04 12:00:00
725,Customer_725,B2B,1012.0,177.64,2025-02-12 03:00:00
725,Customer_725,B2B,1227.0,327.85,2025-02-21 02:00:00
725,Customer_725,B2B,1798.0,158.83,2025-03-16 21:00:00
725,Customer_725,B2B,2033.0,397.14,2025-03-26 16:00:00
725,Customer_725,B2B,2257.0,285.18,2025-04-05 00:00:00
725,Customer_725,B2B,3001.0,467.86,2025-05-06 00:00:00
725,Customer_725,B2B,4540.0,171.69,2025-07-09 03:00:00
725,Customer_725,B2B,4639.0,388.3,2025-07-13 06:00:00
726,Customer_726,B2B,197.0,459.46,2025-01-09 04:00:00
726,Customer_726,B2B,887.0,48.15,2025-02-06 22:00:00
726,Customer_726,B2B,1329.0,233.88,2025-02-25 08:00:00
726,Customer_726,B2B,1705.0,33.9,2025-03-13 00:00:00
726,Customer_726,B2B,2147.0,248.38,2025-03-31 10:00:00
726,Customer_726,B2B,2818.0,11.88,2025-04-28 09:00:00
726,Customer_726,B2B,2921.0,458.23,2025-05-02 16:00:00
726,Customer_726,B2B,2965.0,472.17,2025-05-04 12:00:00
726,Customer_726,B2B,3488.0,485.63,2025-05-26 07:00:00
726,Customer_726,B2B,3612.0,68.44,2025-05-31 11:00:00
726,Customer_726,B2B,3905.0,231.3,2025-06-12 16:00:00
726,Customer_726,B2B,4305.0,181.45,2025-06-29 08:00:00
726,Customer_726,B2B,4671.0,425.2,2025-07-14 14:00:00
726,Customer_726,B2B,4754.0,114.95,2025-07-18 01:00:00
726,Customer_726,B2B,4775.0,264.28,2025-07-18 22:00:00
727,Customer_727,B2B,369.0,179.29,2025-01-16 08:00:00
727,Customer_727,B2B,392.0,471.03,2025-01-17 07:00:00
727,Customer_727,B2B,502.0,478.79,2025-01-21 21:00:00
727,Customer_727,B2B,532.0,293.4,2025-01-23 03:00:00
727,Customer_727,B2B,646.0,449.72,2025-01-27 21:00:00
727,Customer_727,B2B,1430.0,349.53,2025-03-01 13:00:00
727,Customer_727,B2B,2344.0,487.63,2025-04-08 15:00:00
727,Customer_727,B2B,2537.0,311.56,2025-04-16 16:00:00
727,Customer_727,B2B,4112.0,324.68,2025-06-21 07:00:00
728,Customer_728,B2B,1934.0,433.26,2025-03-22 13:00:00
728,Customer_728,B2B,2258.0,93.7,2025-04-05 01:00:00
728,Customer_728,B2B,2414.0,259.27,2025-04-11 13:00:00
728,Customer_728,B2B,3046.0,71.97,2025-05-07 21:00:00
728,Customer_728,B2B,3309.0,474.24,2025-05-18 20:00:00
728,Customer_728,B2B,3554.0,261.25,2025-05-29 01:00:00
728,Customer_728,B2B,4388.0,175.5,2025-07-02 19:00:00
729,Customer_729,B2B,909.0,162.05,2025-02-07 20:00:00
729,Customer_729,B2B,2046.0,449.79,2025-03-27 05:00:00
729,Customer_729,B2B,2997.0,195.89,2025-05-05 20:00:00
729,Customer_729,B2B,3139.0,450.81,2025-05-11 18:00:00
729,Customer_729,B2B,3499.0,52.1,2025-05-26 18:00:00
730,Customer_730,B2C,2082.0,94.47,2025-03-28 17:00:00
730,Customer_730,B2C,2462.0,269.73,2025-04-13 13:00:00
730,Customer_730,B2C,4141.0,319.57,2025-06-22 12:00:00
731,Customer_731,Enterprise,411.0,147.36,2025-01-18 02:00:00
731,Customer_731,Enterprise,784.0,301.73,2025-02-02 15:00:00
731,Customer_731,Enterprise,1637.0,65.13,2025-03-10 04:00:00
731,Customer_731,Enterprise,1884.0,409.82,2025-03-20 11:00:00
731,Customer_731,Enterprise,2791.0,58.29,2025-04-27 06:00:00
731,Customer_731,Enterprise,3655.0,14.09,2025-06-02 06:00:00
731,Customer_731,Enterprise,4468.0,173.29,2025-07-06 03:00:00
731,Customer_731,Enterprise,4559.0,330.29,2025-07-09 22:00:00
732,Customer_732,B2B,11.0,469.88,2025-01-01 10:00:00
732,Customer_732,B2B,1017.0,455.68,2025-02-12 08:00:00
732,Customer_732,B2B,4047.0,144.7,2025-06-18 14:00:00
732,Customer_732,B2B,4811.0,96.28,2025-07-20 10:00:00
733,Customer_733,B2C,990.0,277.87,2025-02-11 05:00:00
733,Customer_733,B2C,1677.0,184.09,2025-03-11 20:00:00
733,Customer_733,B2C,2907.0,106.65,2025-05-02 02:00:00
733,Customer_733,B2C,3371.0,363.96,2025-05-21 10:00:00
733,Customer_733,B2C,4059.0,368.54,2025-06-19 02:00:00
733,Customer_733,B2C,4584.0,486.39,2025-07-10 23:00:00
733,Customer_733,B2C,4638.0,300.92,2025-07-13 05:00:00
734,Customer_734,B2C,357.0,206.72,2025-01-15 20:00:00
734,Customer_734,B2C,879.0,70.02,2025-02-06 14:00:00
734,Customer_734,B2C,2832.0,283.36,2025-04-28 23:00:00
734,Customer_734,B2C,3110.0,84.59,2025-05-10 13:00:00
734,Customer_734,B2C,3234.0,446.21,2025-05-15 17:00:00
734,Customer_734,B2C,4133.0,480.53,2025-06-22 04:00:00
734,Customer_734,B2C,4367.0,226.22,2025-07-01 22:00:00
734,Customer_734,B2C,4507.0,67.27,2025-07-07 18:00:00
735,Customer_735,Enterprise,331.0,195.14,2025-01-14 18:00:00
735,Customer_735,Enterprise,1905.0,95.24,2025-03-21 08:00:00
735,Customer_735,Enterprise,2228.0,248.81,2025-04-03 19:00:00
735,Customer_735,Enterprise,4444.0,232.15,2025-07-05 03:00:00
735,Customer_735,Enterprise,4815.0,199.07,2025-07-20 14:00:00
736,Customer_736,B2B,261.0,207.32,2025-01-11 20:00:00
736,Customer_736,B2B,371.0,274.74,2025-01-16 10:00:00
736,Customer_736,B2B,1237.0,100.18,2025-02-21 12:00:00
736,Customer_736,B2B,1823.0,417.87,2025-03-17 22:00:00
736,Customer_736,B2B,2698.0,191.92,2025-04-23 09:00:00
736,Customer_736,B2B,3116.0,419.7,2025-05-10 19:00:00
736,Customer_736,B2B,3218.0,316.87,2025-05-15 01:00:00
736,Customer_736,B2B,4038.0,417.47,2025-06-18 05:00:00
736,Customer_736,B2B,4149.0,230.07,2025-06-22 20:00:00
737,Customer_737,Enterprise,1047.0,483.96,2025-02-13 14:00:00
737,Customer_737,Enterprise,2320.0,448.05,2025-04-07 15:00:00
737,Customer_737,Enterprise,2552.0,413.71,2025-04-17 07:00:00
737,Customer_737,Enterprise,2804.0,219.56,2025-04-27 19:00:00
737,Customer_737,Enterprise,3770.0,420.54,2025-06-07 01:00:00
738,Customer_738,B2B,676.0,326.16,2025-01-29 03:00:00
738,Customer_738,B2B,815.0,220.96,2025-02-03 22:00:00
738,Customer_738,B2B,1484.0,131.34,2025-03-03 19:00:00
738,Customer_738,B2B,3216.0,371.88,2025-05-14 23:00:00
738,Customer_738,B2B,4513.0,41.38,2025-07-08 00:00:00
739,Customer_739,B2C,457.0,197.56,2025-01-20 00:00:00
739,Customer_739,B2C,566.0,373.71,2025-01-24 13:00:00
739,Customer_739,B2C,577.0,249.21,2025-01-25 00:00:00
739,Customer_739,B2C,661.0,467.93,2025-01-28 12:00:00
739,Customer_739,B2C,2376.0,441.81,2025-04-09 23:00:00
739,Customer_739,B2C,4613.0,282.95,2025-07-12 04:00:00
739,Customer_739,B2C,4774.0,15.91,2025-07-18 21:00:00
740,Customer_740,B2C,884.0,103.16,2025-02-06 19:00:00
740,Customer_740,B2C,1030.0,424.07,2025-02-12 21:00:00
740,Customer_740,B2C,1259.0,273.8,2025-02-22 10:00:00
740,Customer_740,B2C,1961.0,110.09,2025-03-23 16:00:00
740,Customer_740,B2C,3092.0,404.89,2025-05-09 19:00:00
740,Customer_740,B2C,3324.0,270.65,2025-05-19 11:00:00
740,Customer_740,B2C,3466.0,169.45,2025-05-25 09:00:00
741,Customer_741,B2C,1403.0,208.43,2025-02-28 10:00:00
741,Customer_741,B2C,1630.0,76.47,2025-03-09 21:00:00
741,Customer_741,B2C,1935.0,209.32,2025-03-22 14:00:00
741,Customer_741,B2C,3032.0,242.15,2025-05-07 07:00:00
742,Customer_742,B2C,1640.0,323.16,2025-03-10 07:00:00
742,Customer_742,B2C,1918.0,211.36,2025-03-21 21:00:00
742,Customer_742,B2C,3822.0,90.33,2025-06-09 05:00:00
742,Customer_742,B2C,4331.0,461.51,2025-06-30 10:00:00
743,Customer_743,Enterprise,1070.0,387.18,2025-02-14 13:00:00
743,Customer_743,Enterprise,1477.0,55.3,2025-03-03 12:00:00
743,Customer_743,Enterprise,2018.0,113.92,2025-03-26 01:00:00
743,Customer_743,Enterprise,4371.0,485.03,2025-07-02 02:00:00
744,Customer_744,B2B,440.0,100.57,2025-01-19 07:00:00
744,Customer_744,B2B,1182.0,293.03,2025-02-19 05:00:00
744,Customer_744,B2B,1402.0,146.71,2025-02-28 09:00:00
744,Customer_744,B2B,1674.0,486.56,2025-03-11 17:00:00
744,Customer_744,B2B,2144.0,290.66,2025-03-31 07:00:00
744,Customer_744,B2B,2852.0,436.31,2025-04-29 19:00:00
744,Customer_744,B2B,4196.0,147.43,2025-06-24 19:00:00
745,Customer_745,B2B,933.0,389.86,2025-02-08 20:00:00
745,Customer_745,B2B,1676.0,244.16,2025-03-11 19:00:00
745,Customer_745,B2B,3111.0,336.69,2025-05-10 14:00:00
745,Customer_745,B2B,3696.0,229.72,2025-06-03 23:00:00
745,Customer_745,B2B,4020.0,242.93,2025-06-17 11:00:00
746,Customer_746,Enterprise,348.0,40.11,2025-01-15 11:00:00
746,Customer_746,Enterprise,1158.0,125.94,2025-02-18 05:00:00
746,Customer_746,Enterprise,2887.0,372.34,2025-05-01 06:00:00
746,Customer_746,Enterprise,3870.0,294.9,2025-06-11 05:00:00
746,Customer_746,Enterprise,4058.0,381.16,2025-06-19 01:00:00
747,Customer_747,B2B,735.0,197.86,2025-01-31 14:00:00
747,Customer_747,B2B,4346.0,16.84,2025-07-01 01:00:00
748,Customer_748,B2C,583.0,151.21,2025-01-25 06:00:00
748,Customer_748,B2C,587.0,369.96,2025-01-25 10:00:00
748,Customer_748,B2C,835.0,432.11,2025-02-04 18:00:00
748,Customer_748,B2C,2773.0,341.75,2025-04-26 12:00:00
749,Customer_749,B2B,94.0,104.78,2025-01-04 21:00:00
749,Customer_749,B2B,415.0,196.67,2025-01-18 06:00:00
749,Customer_749,B2B,710.0,260.18,2025-01-30 13:00:00
749,Customer_749,B2B,1490.0,267.79,2025-03-04 01:00:00
749,Customer_749,B2B,2477.0,254.11,2025-04-14 04:00:00
749,Customer_749,B2B,3044.0,324.63,2025-05-07 19:00:00
749,Customer_749,B2B,3370.0,422.81,2025-05-21 09:00:00
749,Customer_749,B2B,3878.0,90.62,2025-06-11 13:00:00
749,Customer_749,B2B,4709.0,148.9,2025-07-16 04:00:00
750,Customer_750,B2C,987.0,483.26,2025-02-11 02:00:00
750,Customer_750,B2C,3798.0,461.93,2025-06-08 05:00:00
750,Customer_750,B2C,4690.0,439.97,2025-07-15 09:00:00
751,Customer_751,Enterprise,454.0,204.92,2025-01-19 21:00:00
751,Customer_751,Enterprise,1289.0,436.07,2025-02-23 16:00:00
751,Customer_751,Enterprise,2548.0,44.57,2025-04-17 03:00:00
751,Customer_751,Enterprise,2795.0,429.94,2025-04-27 10:00:00
751,Customer_751,Enterprise,3451.0,340.35,2025-05-24 18:00:00
751,Customer_751,Enterprise,4043.0,73.2,2025-06-18 10:00:00
751,Customer_751,Enterprise,4361.0,174.42,2025-07-01 16:00:00
751,Customer_751,Enterprise,4896.0,357.56,2025-07-23 23:00:00
752,Customer_752,B2B,1051.0,242.8,2025-02-13 18:00:00
752,Customer_752,B2B,1980.0,271.2,2025-03-24 11:00:00
752,Customer_752,B2B,3245.0,358.45,2025-05-16 04:00:00
752,Customer_752,B2B,4799.0,442.84,2025-07-19 22:00:00
753,Customer_753,Enterprise,638.0,342.74,2025-01-27 13:00:00
753,Customer_753,Enterprise,651.0,255.03,2025-01-28 02:00:00
753,Customer_753,Enterprise,1388.0,200.71,2025-02-27 19:00:00
753,Customer_753,Enterprise,2472.0,212.7,2025-04-13 23:00:00
753,Customer_753,Enterprise,3207.0,44.53,2025-05-14 14:00:00
753,Customer_753,Enterprise,3337.0,34.75,2025-05-20 00:00:00
753,Customer_753,Enterprise,3474.0,272.92,2025-05-25 17:00:00
753,Customer_753,Enterprise,3497.0,159.33,2025-05-26 16:00:00
753,Customer_753,Enterprise,3993.0,273.37,2025-06-16 08:00:00
753,Customer_753,Enterprise,4865.0,287.56,2025-07-22 16:00:00
754,Customer_754,B2B,2788.0,277.09,2025-04-27 03:00:00
754,Customer_754,B2B,3296.0,309.71,2025-05-18 07:00:00
754,Customer_754,B2B,3395.0,42.54,2025-05-22 10:00:00
754,Customer_754,B2B,3848.0,195.23,2025-06-10 07:00:00
754,Customer_754,B2B,4306.0,280.15,2025-06-29 09:00:00
754,Customer_754,B2B,4882.0,136.55,2025-07-23 09:00:00
755,Customer_755,B2C,160.0,120.87,2025-01-07 15:00:00
755,Customer_755,B2C,1005.0,34.31,2025-02-11 20:00:00
755,Customer_755,B2C,1036.0,376.99,2025-02-13 03:00:00
755,Customer_755,B2C,1904.0,368.62,2025-03-21 07:00:00
755,Customer_755,B2C,2555.0,359.84,2025-04-17 10:00:00
756,Customer_756,Enterprise,3122.0,203.46,2025-05-11 01:00:00
756,Customer_756,Enterprise,3741.0,28.8,2025-06-05 20:00:00
757,Customer_757,B2B,1128.0,269.04,2025-02-16 23:00:00
757,Customer_757,B2B,1204.0,247.96,2025-02-20 03:00:00
757,Customer_757,B2B,2003.0,95.64,2025-03-25 10:00:00
757,Customer_757,B2B,2489.0,260.92,2025-04-14 16:00:00
757,Customer_757,B2B,3763.0,311.3,2025-06-06 18:00:00
757,Customer_757,B2B,4117.0,142.98,2025-06-21 12:00:00
758,Customer_758,B2C,382.0,470.39,2025-01-16 21:00:00
758,Customer_758,B2C,447.0,49.25,2025-01-19 14:00:00
758,Customer_758,B2C,2212.0,380.59,2025-04-03 03:00:00
758,Customer_758,B2C,2758.0,134.07,2025-04-25 21:00:00
758,Customer_758,B2C,3929.0,68.05,2025-06-13 16:00:00
758,Customer_758,B2C,3949.0,185.34,2025-06-14 12:00:00
758,Customer_758,B2C,3971.0,83.74,2025-06-15 10:00:00
758,Customer_758,B2C,4276.0,165.18,2025-06-28 03:00:00
758,Customer_758,B2C,4512.0,297.97,2025-07-07 23:00:00
758,Customer_758,B2C,4577.0,497.2,2025-07-10 16:00:00
759,Customer_759,Enterprise,1.0,473.91,2025-01-01 00:00:00
759,Customer_759,Enterprise,306.0,367.81,2025-01-13 17:00:00
759,Customer_759,Enterprise,571.0,137.97,2025-01-24 18:00:00
759,Customer_759,Enterprise,1703.0,412.05,2025-03-12 22:00:00
759,Customer_759,Enterprise,2298.0,189.61,2025-04-06 17:00:00
759,Customer_759,Enterprise,3553.0,436.69,2025-05-29 00:00:00
760,Customer_760,Enterprise,2064.0,31.85,2025-03-27 23:00:00
760,Customer_760,Enterprise,2158.0,276.61,2025-03-31 21:00:00
760,Customer_760,Enterprise,2266.0,403.32,2025-04-05 09:00:00
760,Customer_760,Enterprise,2953.0,313.8,2025-05-04 00:00:00
760,Customer_760,Enterprise,3327.0,337.59,2025-05-19 14:00:00
760,Customer_760,Enterprise,3630.0,354.93,2025-06-01 05:00:00
761,Customer_761,B2B,311.0,353.85,2025-01-13 22:00:00
761,Customer_761,B2B,737.0,419.86,2025-01-31 16:00:00
761,Customer_761,B2B,1495.0,34.15,2025-03-04 06:00:00
761,Customer_761,B2B,2737.0,133.08,2025-04-25 00:00:00
761,Customer_761,B2B,2786.0,410.8,2025-04-27 01:00:00
761,Customer_761,B2B,3432.0,30.68,2025-05-23 23:00:00
761,Customer_761,B2B,4478.0,230.46,2025-07-06 13:00:00
761,Customer_761,B2B,4830.0,59.5,2025-07-21 05:00:00
762,Customer_762,B2B,452.0,199.49,2025-01-19 19:00:00
762,Customer_762,B2B,2714.0,267.09,2025-04-24 01:00:00
762,Customer_762,B2B,2739.0,76.14,2025-04-25 02:00:00
762,Customer_762,B2B,2776.0,373.03,2025-04-26 15:00:00
762,Customer_762,B2B,4541.0,481.47,2025-07-09 04:00:00
763,Customer_763,B2B,231.0,67.93,2025-01-10 14:00:00
763,Customer_763,B2B,801.0,179.06,2025-02-03 08:00:00
763,Customer_763,B2B,1970.0,231.05,2025-03-24 01:00:00
763,Customer_763,B2B,1972.0,297.26,2025-03-24 03:00:00
763,Customer_763,B2B,2357.0,135.28,2025-04-09 04:00:00
763,Customer_763,B2B,3519.0,147.0,2025-05-27 14:00:00
763,Customer_763,B2B,4384.0,115.28,2025-07-02 15:00:00
764,Customer_764,B2C,1602.0,292.9,2025-03-08 17:00:00
764,Customer_764,B2C,1672.0,267.41,2025-03-11 15:00:00
764,Customer_764,B2C,2316.0,423.14,2025-04-07 11:00:00
764,Customer_764,B2C,2734.0,97.38,2025-04-24 21:00:00
764,Customer_764,B2C,3311.0,14.56,2025-05-18 22:00:00
765,Customer_765,B2B,3999.0,65.74,2025-06-16 14:00:00
765,Customer_765,B2B,4759.0,271.53,2025-07-18 06:00:00
766,Customer_766,Enterprise,1940.0,297.43,2025-03-22 19:00:00
766,Customer_766,Enterprise,4539.0,478.84,2025-07-09 02:00:00
767,Customer_767,Enterprise,308.0,324.07,2025-01-13 19:00:00
767,Customer_767,Enterprise,1770.0,326.5,2025-03-15 17:00:00
767,Customer_767,Enterprise,2403.0,277.42,2025-04-11 02:00:00
767,Customer_767,Enterprise,3482.0,348.4,2025-05-26 01:00:00
767,Customer_767,Enterprise,4197.0,368.24,2025-06-24 20:00:00
768,Customer_768,B2B,1537.0,189.67,2025-03-06 00:00:00
768,Customer_768,B2B,1623.0,435.32,2025-03-09 14:00:00
768,Customer_768,B2B,1663.0,414.93,2025-03-11 06:00:00
768,Customer_768,B2B,1757.0,294.1,2025-03-15 04:00:00
768,Customer_768,B2B,3026.0,384.01,2025-05-07 01:00:00
768,Customer_768,B2B,4206.0,10.12,2025-06-25 05:00:00
768,Customer_768,B2B,4241.0,481.76,2025-06-26 16:00:00
768,Customer_768,B2B,4527.0,286.89,2025-07-08 14:00:00
769,Customer_769,B2B,200.0,360.21,2025-01-09 07:00:00
769,Customer_769,B2B,260.0,159.81,2025-01-11 19:00:00
769,Customer_769,B2B,278.0,149.43,2025-01-12 13:00:00
769,Customer_769,B2B,2452.0,175.8,2025-04-13 03:00:00
769,Customer_769,B2B,3356.0,438.75,2025-05-20 19:00:00
769,Customer_769,B2B,4178.0,103.62,2025-06-24 01:00:00
770,Customer_770,Enterprise,1379.0,219.89,2025-02-27 10:00:00
770,Customer_770,Enterprise,1432.0,497.76,2025-03-01 15:00:00
770,Customer_770,Enterprise,1494.0,35.31,2025-03-04 05:00:00
770,Customer_770,Enterprise,1777.0,229.51,2025-03-16 00:00:00
770,Customer_770,Enterprise,1834.0,392.54,2025-03-18 09:00:00
770,Customer_770,Enterprise,2558.0,67.36,2025-04-17 13:00:00
770,Customer_770,Enterprise,3078.0,456.67,2025-05-09 05:00:00
770,Customer_770,Enterprise,3816.0,320.59,2025-06-08 23:00:00
771,Customer_771,B2C,1996.0,51.26,2025-03-25 03:00:00
771,Customer_771,B2C,2571.0,305.86,2025-04-18 02:00:00
771,Customer_771,B2C,2873.0,205.25,2025-04-30 16:00:00
772,Customer_772,B2B,625.0,206.15,2025-01-27 00:00:00
772,Customer_772,B2B,1605.0,269.07,2025-03-08 20:00:00
772,Customer_772,B2B,1923.0,55.84,2025-03-22 02:00:00
772,Customer_772,B2B,2443.0,127.72,2025-04-12 18:00:00
772,Customer_772,B2B,2666.0,211.05,2025-04-22 01:00:00
772,Customer_772,B2B,2796.0,213.4,2025-04-27 11:00:00
772,Customer_772,B2B,3839.0,446.99,2025-06-09 22:00:00
773,Customer_773,B2B,643.0,441.08,2025-01-27 18:00:00
773,Customer_773,B2B,1744.0,293.59,2025-03-14 15:00:00
774,Customer_774,Enterprise,641.0,362.88,2025-01-27 16:00:00
774,Customer_774,Enterprise,841.0,246.78,2025-02-05 00:00:00
774,Customer_774,Enterprise,950.0,409.05,2025-02-09 13:00:00
774,Customer_774,Enterprise,1034.0,340.14,2025-02-13 01:00:00
774,Customer_774,Enterprise,2164.0,136.53,2025-04-01 03:00:00
774,Customer_774,Enterprise,4854.0,211.59,2025-07-22 05:00:00
775,Customer_775,B2B,334.0,257.91,2025-01-14 21:00:00
775,Customer_775,B2B,1319.0,28.82,2025-02-24 22:00:00
775,Customer_775,B2B,2196.0,354.18,2025-04-02 11:00:00
776,Customer_776,B2C,499.0,174.33,2025-01-21 18:00:00
776,Customer_776,B2C,1096.0,113.76,2025-02-15 15:00:00
776,Customer_776,B2C,1163.0,420.36,2025-02-18 10:00:00
776,Customer_776,B2C,1420.0,13.03,2025-03-01 03:00:00
776,Customer_776,B2C,1704.0,382.42,2025-03-12 23:00:00
776,Customer_776,B2C,2382.0,226.9,2025-04-10 05:00:00
776,Customer_776,B2C,2948.0,98.03,2025-05-03 19:00:00
776,Customer_776,B2C,2970.0,259.89,2025-05-04 17:00:00
776,Customer_776,B2C,3047.0,422.85,2025-05-07 22:00:00
776,Customer_776,B2C,3137.0,403.3,2025-05-11 16:00:00
776,Customer_776,B2C,3799.0,218.69,2025-06-08 06:00:00
776,Customer_776,B2C,4564.0,466.75,2025-07-10 03:00:00
777,Customer_777,Enterprise,61.0,417.86,2025-01-03 12:00:00
777,Customer_777,Enterprise,1243.0,169.82,2025-02-21 18:00:00
777,Customer_777,Enterprise,2496.0,218.15,2025-04-14 23:00:00
777,Customer_777,Enterprise,4451.0,86.6,2025-07-05 10:00:00
778,Customer_778,B2B,293.0,276.73,2025-01-13 04:00:00
778,Customer_778,B2B,517.0,181.47,2025-01-22 12:00:00
778,Customer_778,B2B,1091.0,91.09,2025-02-15 10:00:00
778,Customer_778,B2B,1582.0,35.07,2025-03-07 21:00:00
778,Customer_778,B2B,1772.0,86.81,2025-03-15 19:00:00
778,Customer_778,B2B,3660.0,355.69,2025-06-02 11:00:00
778,Customer_778,B2B,3690.0,113.49,2025-06-03 17:00:00
779,Customer_779,Enterprise,80.0,89.07,2025-01-04 07:00:00
779,Customer_779,Enterprise,198.0,209.23,2025-01-09 05:00:00
779,Customer_779,Enterprise,433.0,212.93,2025-01-19 00:00:00
779,Customer_779,Enterprise,913.0,326.31,2025-02-08 00:00:00
779,Customer_779,Enterprise,1586.0,99.06,2025-03-08 01:00:00
779,Customer_779,Enterprise,2174.0,286.23,2025-04-01 13:00:00
779,Customer_779,Enterprise,2398.0,292.82,2025-04-10 21:00:00
779,Customer_779,Enterprise,2508.0,385.76,2025-04-15 11:00:00
779,Customer_779,Enterprise,4805.0,434.21,2025-07-20 04:00:00
780,Customer_780,B2B,1810.0,462.63,2025-03-17 09:00:00
780,Customer_780,B2B,2460.0,446.02,2025-04-13 11:00:00
780,Customer_780,B2B,3086.0,194.64,2025-05-09 13:00:00
780,Customer_780,B2B,4274.0,111.57,2025-06-28 01:00:00
780,Customer_780,B2B,4319.0,318.27,2025-06-29 22:00:00
781,Customer_781,B2B,572.0,350.53,2025-01-24 19:00:00
781,Customer_781,B2B,662.0,158.66,2025-01-28 13:00:00
781,Customer_781,B2B,722.0,163.33,2025-01-31 01:00:00
781,Customer_781,B2B,1202.0,463.07,2025-02-20 01:00:00
781,Customer_781,B2B,1412.0,165.06,2025-02-28 19:00:00
781,Customer_781,B2B,1779.0,492.2,2025-03-16 02:00:00
781,Customer_781,B2B,1832.0,401.29,2025-03-18 07:00:00
781,Customer_781,B2B,2914.0,460.08,2025-05-02 09:00:00
781,Customer_781,B2B,4164.0,61.7,2025-06-23 11:00:00
781,Customer_781,B2B,4225.0,475.96,2025-06-26 00:00:00
781,Customer_781,B2B,4569.0,123.48,2025-07-10 08:00:00
781,Customer_781,B2B,4588.0,302.13,2025-07-11 03:00:00
782,Customer_782,B2B,525.0,210.74,2025-01-22 20:00:00
782,Customer_782,B2B,1545.0,140.73,2025-03-06 08:00:00
782,Customer_782,B2B,2150.0,127.03,2025-03-31 13:00:00
783,Customer_783,B2C,1260.0,457.48,2025-02-22 11:00:00
783,Customer_783,B2C,1277.0,371.89,2025-02-23 04:00:00
783,Customer_783,B2C,1333.0,351.61,2025-02-25 12:00:00
783,Customer_783,B2C,1788.0,60.7,2025-03-16 11:00:00
783,Customer_783,B2C,2284.0,328.62,2025-04-06 03:00:00
783,Customer_783,B2C,3506.0,190.18,2025-05-27 01:00:00
783,Customer_783,B2C,3540.0,135.98,2025-05-28 11:00:00
783,Customer_783,B2C,4027.0,316.22,2025-06-17 18:00:00
783,Customer_783,B2C,4390.0,259.18,2025-07-02 21:00:00
783,Customer_783,B2C,4618.0,444.91,2025-07-12 09:00:00
784,Customer_784,B2C,1480.0,434.86,2025-03-03 15:00:00
784,Customer_784,B2C,3098.0,48.48,2025-05-10 01:00:00
784,Customer_784,B2C,3586.0,473.73,2025-05-30 09:00:00
785,Customer_785,Enterprise,60.0,218.8,2025-01-03 11:00:00
785,Customer_785,Enterprise,1608.0,49.91,2025-03-08 23:00:00
785,Customer_785,Enterprise,3007.0,207.49,2025-05-06 06:00:00
785,Customer_785,Enterprise,3490.0,302.59,2025-05-26 09:00:00
785,Customer_785,Enterprise,3753.0,442.59,2025-06-06 08:00:00
785,Customer_785,Enterprise,4375.0,387.95,2025-07-02 06:00:00
785,Customer_785,Enterprise,4845.0,90.55,2025-07-21 20:00:00
785,Customer_785,Enterprise,4885.0,346.46,2025-07-23 12:00:00
786,Customer_786,B2B,854.0,411.25,2025-02-05 13:00:00
786,Customer_786,B2B,2688.0,273.06,2025-04-22 23:00:00
786,Customer_786,B2B,2963.0,167.63,2025-05-04 10:00:00
787,Customer_787,B2B,31.0,21.62,2025-01-02 06:00:00
787,Customer_787,B2B,1282.0,491.64,2025-02-23 09:00:00
787,Customer_787,B2B,2213.0,274.43,2025-04-03 04:00:00
787,Customer_787,B2B,2362.0,285.7,2025-04-09 09:00:00
787,Customer_787,B2B,2638.0,35.94,2025-04-20 21:00:00
787,Customer_787,B2B,2740.0,155.13,2025-04-25 03:00:00
787,Customer_787,B2B,2918.0,313.37,2025-05-02 13:00:00
788,Customer_788,B2C,1536.0,116.55,2025-03-05 23:00:00
788,Customer_788,B2C,2435.0,461.18,2025-04-12 10:00:00
789,Customer_789,B2B,898.0,411.62,2025-02-07 09:00:00
789,Customer_789,B2B,1279.0,199.74,2025-02-23 06:00:00
789,Customer_789,B2B,1700.0,104.32,2025-03-12 19:00:00
789,Customer_789,B2B,2501.0,494.3,2025-04-15 04:00:00
789,Customer_789,B2B,4113.0,130.36,2025-06-21 08:00:00
789,Customer_789,B2B,4764.0,307.05,2025-07-18 11:00:00
790,Customer_790,B2C,1796.0,157.78,2025-03-16 19:00:00
790,Customer_790,B2C,3316.0,241.98,2025-05-19 03:00:00
790,Customer_790,B2C,3713.0,169.53,2025-06-04 16:00:00
790,Customer_790,B2C,4165.0,344.7,2025-06-23 12:00:00
790,Customer_790,B2C,4422.0,281.7,2025-07-04 05:00:00
790,Customer_790,B2C,4452.0,224.15,2025-07-05 11:00:00
791,Customer_791,B2B,2167.0,382.16,2025-04-01 06:00:00
791,Customer_791,B2B,3392.0,268.03,2025-05-22 07:00:00
791,Customer_791,B2B,4146.0,17.28,2025-06-22 17:00:00
791,Customer_791,B2B,4171.0,432.71,2025-06-23 18:00:00
792,Customer_792,Enterprise,852.0,207.71,2025-02-05 11:00:00
792,Customer_792,Enterprise,2021.0,211.45,2025-03-26 04:00:00
792,Customer_792,Enterprise,3077.0,336.85,2025-05-09 04:00:00
792,Customer_792,Enterprise,3633.0,334.37,2025-06-01 08:00:00
792,Customer_792,Enterprise,3666.0,340.81,2025-06-02 17:00:00
793,Customer_793,B2B,851.0,13.42,2025-02-05 10:00:00
793,Customer_793,B2B,1274.0,465.41,2025-02-23 01:00:00
793,Customer_793,B2B,1540.0,477.79,2025-03-06 03:00:00
793,Customer_793,B2B,2237.0,374.24,2025-04-04 04:00:00
793,Customer_793,B2B,3010.0,322.69,2025-05-06 09:00:00
793,Customer_793,B2B,4498.0,289.63,2025-07-07 09:00:00
794,Customer_794,B2B,162.0,124.33,2025-01-07 17:00:00
794,Customer_794,B2B,430.0,319.41,2025-01-18 21:00:00
794,Customer_794,B2B,521.0,438.41,2025-01-22 16:00:00
794,Customer_794,B2B,1048.0,360.41,2025-02-13 15:00:00
794,Customer_794,B2B,1246.0,492.48,2025-02-21 21:00:00
794,Customer_794,B2B,1666.0,37.0,2025-03-11 09:00:00
794,Customer_794,B2B,2838.0,290.43,2025-04-29 05:00:00
794,Customer_794,B2B,3206.0,246.18,2025-05-14 13:00:00
794,Customer_794,B2B,3986.0,496.13,2025-06-16 01:00:00
794,Customer_794,B2B,4005.0,470.79,2025-06-16 20:00:00
794,Customer_794,B2B,4413.0,403.51,2025-07-03 20:00:00
795,Customer_795,B2C,2232.0,274.71,2025-04-03 23:00:00
795,Customer_795,B2C,3104.0,398.4,2025-05-10 07:00:00
795,Customer_795,B2C,3737.0,361.0,2025-06-05 16:00:00
795,Customer_795,B2C,4863.0,161.34,2025-07-22 14:00:00
796,Customer_796,B2B,696.0,165.3,2025-01-29 23:00:00
796,Customer_796,B2B,2154.0,235.73,2025-03-31 17:00:00
796,Customer_796,B2B,2598.0,366.31,2025-04-19 05:00:00
796,Customer_796,B2B,3810.0,275.77,2025-06-08 17:00:00
796,Customer_796,B2B,4692.0,456.4,2025-07-15 11:00:00
797,Customer_797,B2B,823.0,27.44,2025-02-04 06:00:00
797,Customer_797,B2B,1122.0,299.94,2025-02-16 17:00:00
797,Customer_797,B2B,1143.0,256.16,2025-02-17 14:00:00
797,Customer_797,B2B,1831.0,129.37,2025-03-18 06:00:00
797,Customer_797,B2B,2559.0,268.81,2025-04-17 14:00:00
797,Customer_797,B2B,2691.0,436.08,2025-04-23 02:00:00
797,Customer_797,B2B,3273.0,257.42,2025-05-17 08:00:00
798,Customer_798,B2C,83.0,382.48,2025-01-04 10:00:00
798,Customer_798,B2C,1437.0,92.89,2025-03-01 20:00:00
798,Customer_798,B2C,2263.0,67.0,2025-04-05 06:00:00
799,Customer_799,Enterprise,190.0,292.67,2025-01-08 21:00:00
799,Customer_799,Enterprise,3477.0,89.62,2025-05-25 20:00:00
799,Customer_799,Enterprise,4213.0,485.74,2025-06-25 12:00:00
799,Customer_799,Enterprise,4531.0,340.02,2025-07-08 18:00:00
800,Customer_800,Enterprise,102.0,127.86,2025-01-05 05:00:00
800,Customer_800,Enterprise,292.0,296.94,2025-01-13 03:00:00
800,Customer_800,Enterprise,300.0,133.63,2025-01-13 11:00:00
800,Customer_800,Enterprise,826.0,36.38,2025-02-04 09:00:00
800,Customer_800,Enterprise,1478.0,234.37,2025-03-03 13:00:00
800,Customer_800,Enterprise,1562.0,154.02,2025-03-07 01:00:00
800,Customer_800,Enterprise,2612.0,451.8,2025-04-19 19:00:00
800,Customer_800,Enterprise,3168.0,313.11,2025-05-12 23:00:00
800,Customer_800,Enterprise,3731.0,45.39,2025-06-05 10:00:00
800,Customer_800,Enterprise,4617.0,76.76,2025-07-12 08:00:00
801,Customer_801,B2C,,,
802,Customer_802,B2C,,,
803,Customer_803,B2C,,,
804,Customer_804,B2C,,,
805,Customer_805,B2C,,,
806,Customer_806,Enterprise,,,
807,Customer_807,Enterprise,,,
808,Customer_808,B2C,,,
809,Customer_809,B2B,,,
810,Customer_810,B2C,,,
811,Customer_811,B2B,,,
812,Customer_812,B2C,,,
813,Customer_813,B2C,,,
814,Customer_814,Enterprise,,,
815,Customer_815,B2B,,,
816,Customer_816,B2B,,,
817,Customer_817,Enterprise,,,
818,Customer_818,Enterprise,,,
819,Customer_819,Enterprise,,,
820,Customer_820,Enterprise,,,
821,Customer_821,B2B,,,
822,Customer_822,B2B,,,
823,Customer_823,B2C,,,
824,Customer_824,B2C,,,
825,Customer_825,Enterprise,,,
826,Customer_826,Enterprise,,,
827,Customer_827,Enterprise,,,
828,Customer_828,B2C,,,
829,Customer_829,B2C,,,
830,Customer_830,B2C,,,
831,Customer_831,B2C,,,
832,Customer_832,B2C,,,
833,Customer_833,B2C,,,
834,Customer_834,B2C,,,
835,Customer_835,Enterprise,,,
836,Customer_836,Enterprise,,,
837,Customer_837,Enterprise,,,
838,Customer_838,Enterprise,,,
839,Customer_839,B2C,,,
840,Customer_840,B2B,,,
841,Customer_841,B2C,,,
842,Customer_842,B2B,,,
843,Customer_843,Enterprise,,,
844,Customer_844,B2C,,,
845,Customer_845,Enterprise,,,
846,Customer_846,B2C,,,
847,Customer_847,Enterprise,,,
848,Customer_848,B2B,,,
849,Customer_849,B2B,,,
850,Customer_850,B2B,,,
851,Customer_851,B2C,,,
852,Customer_852,B2B,,,
853,Customer_853,B2C,,,
854,Customer_854,B2B,,,
855,Customer_855,B2B,,,
856,Customer_856,B2C,,,
857,Customer_857,B2C,,,
858,Customer_858,B2B,,,
859,Customer_859,B2C,,,
860,Customer_860,B2B,,,
861,Customer_861,B2C,,,
862,Customer_862,Enterprise,,,
863,Customer_863,Enterprise,,,
864,Customer_864,Enterprise,,,
865,Customer_865,Enterprise,,,
866,Customer_866,Enterprise,,,
867,Customer_867,B2B,,,
868,Customer_868,Enterprise,,,
869,Customer_869,Enterprise,,,
870,Customer_870,Enterprise,,,
871,Customer_871,Enterprise,,,
872,Customer_872,B2C,,,
873,Customer_873,B2B,,,
874,Customer_874,Enterprise,,,
875,Customer_875,Enterprise,,,
876,Customer_876,Enterprise,,,
877,Customer_877,B2B,,,
878,Customer_878,B2C,,,
879,Customer_879,B2B,,,
880,Customer_880,B2C,,,
881,Customer_881,Enterprise,,,
882,Customer_882,Enterprise,,,
883,Customer_883,B2B,,,
884,Customer_884,B2B,,,
885,Customer_885,B2C,,,
886,Customer_886,B2C,,,
887,Customer_887,B2B,,,
888,Customer_888,B2C,,,
889,Customer_889,B2B,,,
890,Customer_890,B2C,,,
891,Customer_891,B2B,,,
892,Customer_892,B2B,,,
893,Customer_893,B2B,,,
894,Customer_894,B2C,,,
895,Customer_895,B2C,,,
896,Customer_896,B2C,,,
897,Customer_897,B2B,,,
898,Customer_898,B2C,,,
899,Customer_899,B2C,,,
900,Customer_900,B2B,,,
901,Customer_901,Enterprise,,,
902,Customer_902,B2B,,,
903,Customer_903,B2C,,,
904,Customer_904,B2B,,,
905,Customer_905,Enterprise,,,
906,Customer_906,B2B,,,
907,Customer_907,B2C,,,
908,Customer_908,Enterprise,,,
909,Customer_909,B2C,,,
910,Customer_910,Enterprise,,,
911,Customer_911,Enterprise,,,
912,Customer_912,B2B,,,
913,Customer_913,B2B,,,
914,Customer_914,B2C,,,
915,Customer_915,B2B,,,
916,Customer_916,B2B,,,
917,Customer_917,Enterprise,,,
918,Customer_918,B2B,,,
919,Customer_919,Enterprise,,,
920,Customer_920,Enterprise,,,
921,Customer_921,Enterprise,,,
922,Customer_922,B2C,,,
923,Customer_923,B2C,,,
924,Customer_924,B2C,,,
925,Customer_925,Enterprise,,,
926,Customer_926,B2C,,,
927,Customer_927,B2C,,,
928,Customer_928,B2B,,,
929,Customer_929,B2C,,,
930,Customer_930,B2C,,,
931,Customer_931,Enterprise,,,
932,Customer_932,Enterprise,,,
933,Customer_933,Enterprise,,,
934,Customer_934,Enterprise,,,
935,Customer_935,Enterprise,,,
936,Customer_936,Enterprise,,,
937,Customer_937,B2C,,,
938,Customer_938,Enterprise,,,
939,Customer_939,Enterprise,,,
940,Customer_940,B2B,,,
941,Customer_941,B2C,,,
942,Customer_942,B2C,,,
943,Customer_943,B2C,,,
944,Customer_944,Enterprise,,,
945,Customer_945,Enterprise,,,
946,Customer_946,Enterprise,,,
947,Customer_947,B2B,,,
948,Customer_948,Enterprise,,,
949,Customer_949,B2B,,,
950,Customer_950,B2C,,,
951,Customer_951,Enterprise,,,
952,Customer_952,B2B,,,
953,Customer_953,B2B,,,
954,Customer_954,Enterprise,,,
955,Customer_955,B2C,,,
956,Customer_956,B2C,,,
957,Customer_957,B2C,,,
958,Customer_958,B2B,,,
959,Customer_959,B2B,,,
960,Customer_960,B2B,,,
961,Customer_961,B2B,,,
962,Customer_962,B2C,,,
963,Customer_963,Enterprise,,,
964,Customer_964,B2B,,,
965,Customer_965,B2B,,,
966,Customer_966,B2C,,,
967,Customer_967,Enterprise,,,
968,Customer_968,Enterprise,,,
969,Customer_969,B2C,,,
970,Customer_970,B2C,,,
971,Customer_971,Enterprise,,,
972,Customer_972,B2B,,,
973,Customer_973,Enterprise,,,
974,Customer_974,B2C,,,
975,Customer_975,B2B,,,
976,Customer_976,B2B,,,
977,Customer_977,B2C,,,
978,Customer_978,B2C,,,
979,Customer_979,B2C,,,
980,Customer_980,Enterprise,,,
981,Customer_981,Enterprise,,,
982,Customer_982,B2B,,,
983,Customer_983,B2C,,,
984,Customer_984,B2B,,,
985,Customer_985,B2B,,,
986,Customer_986,B2B,,,
987,Customer_987,B2B,,,
988,Customer_988,B2C,,,
989,Customer_989,B2B,,,
990,Customer_990,B2C,,,
991,Customer_991,B2C,,,
992,Customer_992,Enterprise,,,
993,Customer_993,B2C,,,
994,Customer_994,Enterprise,,,
995,Customer_995,B2C,,,
996,Customer_996,B2C,,,
997,Customer_997,B2C,,,
998,Customer_998,Enterprise,,,
999,Customer_999,Enterprise,,,
1000,Customer_1000,B2B,,,
