ticket_id,customer_id,category,priority,status,escalated,resolution_hours,csat_score,created_at
TCK-0001-01,CUST-0001,Technical Bug,Low,Resolved,False,15.0,3.0,2025-05-22 00:00:00
TCK-0001-02,CUST-0001,Billing,Medium,Resolved,True,14.3,3.0,2026-04-04 00:00:00
TCK-0001-03,CUST-0001,Performance Issue,Urgent,In Progress,True,-1.0,1.0,2026-05-30 00:00:00
TCK-0001-04,CUST-0001,Technical Bug,Urgent,Closed,True,17.1,2.0,2025-06-28 00:00:00
TCK-0001-05,CUST-0001,Billing,Urgent,In Progress,True,-1.0,3.0,2025-09-19 00:00:00
TCK-0002-01,CUST-0002,Performance Issue,High,Resolved,False,5.2,4.0,2026-03-08 00:00:00
TCK-0002-02,CUST-0002,Billing,Medium,Escalation Pending,False,-1.0,2.0,2026-05-31 00:00:00
TCK-0002-03,CUST-0002,Account Access,Medium,Closed,False,16.7,3.0,2026-01-06 00:00:00
TCK-0002-04,CUST-0002,Performance Issue,Medium,Escalation Pending,False,-1.0,2.0,2026-01-31 00:00:00
TCK-0002-05,CUST-0002,Account Access,Low,Resolved,False,19.7,5.0,2026-02-25 00:00:00
TCK-0002-06,CUST-0002,Billing,Medium,In Progress,False,-1.0,1.0,2026-06-23 00:00:00
TCK-0003-01,CUST-0003,Performance Issue,High,Escalation Pending,False,-1.0,3.0,2025-11-28 00:00:00
TCK-0003-02,CUST-0003,Account Access,Medium,Closed,False,13.2,3.0,2026-05-29 00:00:00
TCK-0003-03,CUST-0003,Billing,Low,Closed,True,19.4,2.0,2026-03-09 00:00:00
TCK-0003-04,CUST-0003,Billing,Urgent,Escalation Pending,False,-1.0,3.0,2025-09-13 00:00:00
TCK-0003-05,CUST-0003,Performance Issue,Low,Resolved,False,17.0,5.0,2026-06-05 00:00:00
TCK-0003-06,CUST-0003,Account Access,Low,Closed,False,12.0,5.0,2026-01-19 00:00:00
TCK-0003-07,CUST-0003,Technical Bug,Low,In Progress,False,-1.0,3.0,2026-01-22 00:00:00
TCK-0003-08,CUST-0003,Performance Issue,Medium,Closed,False,13.9,3.0,2026-03-10 00:00:00
TCK-0003-09,CUST-0003,Account Access,Urgent,In Progress,True,-1.0,2.0,2025-09-07 00:00:00
TCK-0003-10,CUST-0003,Billing,Medium,Resolved,False,3.9,5.0,2026-06-29 00:00:00
TCK-0004-01,CUST-0004,Technical Bug,High,Escalation Pending,False,-1.0,1.0,2026-06-05 00:00:00
TCK-0004-02,CUST-0004,Technical Bug,High,In Progress,False,-1.0,2.0,2026-05-24 00:00:00
TCK-0004-03,CUST-0004,Feature Request,Low,Resolved,False,9.4,4.0,2026-06-30 00:00:00
TCK-0004-04,CUST-0004,Technical Bug,Low,Resolved,True,7.0,1.0,2026-02-18 00:00:00
TCK-0004-05,CUST-0004,Billing,Medium,Escalation Pending,True,-1.0,1.0,2026-06-05 00:00:00
TCK-0004-06,CUST-0004,Technical Bug,Urgent,Escalation Pending,True,-1.0,2.0,2025-12-08 00:00:00
TCK-0004-07,CUST-0004,Billing,Low,In Progress,False,-1.0,2.0,2026-03-31 00:00:00
TCK-0004-08,CUST-0004,Feature Request,Low,Resolved,False,3.3,5.0,2025-10-27 00:00:00
TCK-0004-09,CUST-0004,Technical Bug,Medium,Escalation Pending,False,-1.0,1.0,2026-04-06 00:00:00
TCK-0004-10,CUST-0004,Technical Bug,High,Resolved,False,33.0,3.0,2025-09-27 00:00:00
TCK-0005-01,CUST-0005,Feature Request,Low,Resolved,False,23.7,5.0,2026-04-25 00:00:00
TCK-0005-02,CUST-0005,Account Access,Urgent,Escalation Pending,False,-1.0,1.0,2025-12-11 00:00:00
TCK-0005-03,CUST-0005,Account Access,Medium,Resolved,False,18.5,3.0,2025-09-30 00:00:00
TCK-0005-04,CUST-0005,Performance Issue,Urgent,Closed,False,6.0,3.0,2025-12-09 00:00:00
TCK-0005-05,CUST-0005,Billing,Low,Closed,False,10.9,4.0,2026-06-28 00:00:00
TCK-0006-01,CUST-0006,Account Access,High,In Progress,True,-1.0,1.0,2026-01-02 00:00:00
TCK-0006-02,CUST-0006,Feature Request,Medium,In Progress,False,-1.0,2.0,2026-01-15 00:00:00
TCK-0006-03,CUST-0006,Billing,Low,Resolved,False,3.6,4.0,2026-03-05 00:00:00
TCK-0006-04,CUST-0006,Account Access,Medium,Resolved,False,21.3,5.0,2026-01-07 00:00:00
TCK-0006-05,CUST-0006,Technical Bug,Urgent,In Progress,False,-1.0,3.0,2026-05-21 00:00:00
TCK-0006-06,CUST-0006,Performance Issue,Low,In Progress,False,-1.0,3.0,2025-11-22 00:00:00
TCK-0006-07,CUST-0006,Technical Bug,High,Resolved,True,54.0,1.0,2026-01-04 00:00:00
TCK-0006-08,CUST-0006,Account Access,Medium,Closed,False,17.1,5.0,2026-03-05 00:00:00
TCK-0006-09,CUST-0006,Feature Request,High,Resolved,False,8.5,5.0,2026-05-27 00:00:00
TCK-0006-10,CUST-0006,Account Access,Low,Closed,True,16.0,2.0,2025-12-07 00:00:00
TCK-0007-01,CUST-0007,Billing,High,Closed,False,32.1,3.0,2025-08-23 00:00:00
TCK-0007-02,CUST-0007,Account Access,Low,Closed,False,17.0,3.0,2025-09-16 00:00:00
TCK-0007-03,CUST-0007,Performance Issue,Urgent,Closed,False,66.8,4.0,2026-06-04 00:00:00
TCK-0007-04,CUST-0007,Technical Bug,Medium,Resolved,False,5.9,5.0,2026-04-23 00:00:00
TCK-0007-05,CUST-0007,Feature Request,Medium,Resolved,False,10.4,3.0,2026-06-01 00:00:00
TCK-0007-06,CUST-0007,Feature Request,Medium,Escalation Pending,False,-1.0,2.0,2025-08-22 00:00:00
TCK-0007-07,CUST-0007,Technical Bug,Medium,Closed,True,10.8,2.0,2026-06-04 00:00:00
TCK-0007-08,CUST-0007,Billing,High,Escalation Pending,False,-1.0,3.0,2026-05-24 00:00:00
TCK-0007-09,CUST-0007,Performance Issue,High,Resolved,False,63.4,5.0,2025-06-18 00:00:00
TCK-0007-10,CUST-0007,Performance Issue,High,Escalation Pending,True,-1.0,2.0,2026-03-27 00:00:00
TCK-0008-01,CUST-0008,Billing,Urgent,Closed,True,27.5,1.0,2026-03-15 00:00:00
TCK-0008-02,CUST-0008,Account Access,High,Resolved,False,52.4,5.0,2025-12-24 00:00:00
TCK-0008-03,CUST-0008,Account Access,Urgent,In Progress,True,-1.0,3.0,2025-06-13 00:00:00
TCK-0008-04,CUST-0008,Technical Bug,Urgent,Escalation Pending,False,-1.0,3.0,2026-04-27 00:00:00
TCK-0008-05,CUST-0008,Technical Bug,High,Resolved,False,23.3,4.0,2025-11-15 00:00:00
TCK-0008-06,CUST-0008,Performance Issue,High,Escalation Pending,False,-1.0,3.0,2025-07-27 00:00:00
TCK-0009-01,CUST-0009,Technical Bug,High,Closed,True,12.3,1.0,2025-10-25 00:00:00
TCK-0009-02,CUST-0009,Feature Request,Low,Closed,False,17.8,5.0,2026-03-02 00:00:00
TCK-0009-03,CUST-0009,Feature Request,Medium,Resolved,False,21.6,3.0,2026-01-25 00:00:00
TCK-0010-01,CUST-0010,Feature Request,Medium,In Progress,False,-1.0,2.0,2026-03-18 00:00:00
TCK-0010-02,CUST-0010,Performance Issue,Urgent,Escalation Pending,False,-1.0,1.0,2026-05-24 00:00:00
TCK-0010-03,CUST-0010,Feature Request,Urgent,Closed,True,60.8,2.0,2026-06-05 00:00:00
TCK-0011-01,CUST-0011,Account Access,High,Resolved,True,11.7,1.0,2025-12-10 00:00:00
TCK-0011-02,CUST-0011,Technical Bug,Medium,Escalation Pending,True,-1.0,2.0,2026-03-01 00:00:00
TCK-0011-03,CUST-0011,Feature Request,Urgent,Escalation Pending,True,-1.0,2.0,2026-06-26 00:00:00
TCK-0011-04,CUST-0011,Performance Issue,Low,Escalation Pending,False,-1.0,2.0,2025-05-31 00:00:00
TCK-0011-05,CUST-0011,Account Access,High,Escalation Pending,False,-1.0,3.0,2026-06-14 00:00:00
TCK-0012-01,CUST-0012,Feature Request,Medium,Resolved,False,22.0,3.0,2025-09-08 00:00:00
TCK-0012-02,CUST-0012,Feature Request,Medium,Closed,False,3.1,5.0,2026-01-11 00:00:00
TCK-0012-03,CUST-0012,Technical Bug,Urgent,Escalation Pending,True,-1.0,2.0,2026-02-28 00:00:00
TCK-0012-04,CUST-0012,Account Access,Low,Resolved,False,24.0,5.0,2025-11-19 00:00:00
TCK-0013-01,CUST-0013,Technical Bug,Medium,Resolved,False,14.4,4.0,2026-05-03 00:00:00
TCK-0013-02,CUST-0013,Account Access,High,Resolved,True,56.4,1.0,2025-11-26 00:00:00
TCK-0013-03,CUST-0013,Billing,Low,Escalation Pending,False,-1.0,2.0,2025-08-03 00:00:00
TCK-0013-04,CUST-0013,Billing,Medium,In Progress,True,-1.0,3.0,2025-05-15 00:00:00
TCK-0014-01,CUST-0014,Feature Request,Urgent,In Progress,True,-1.0,3.0,2026-02-15 00:00:00
TCK-0014-02,CUST-0014,Technical Bug,Urgent,In Progress,True,-1.0,3.0,2026-03-27 00:00:00
TCK-0015-01,CUST-0015,Feature Request,Medium,Escalation Pending,False,-1.0,2.0,2025-03-01 00:00:00
TCK-0015-02,CUST-0015,Feature Request,High,Closed,True,26.8,2.0,2025-08-08 00:00:00
TCK-0015-03,CUST-0015,Account Access,High,Closed,False,8.0,5.0,2025-10-23 00:00:00
TCK-0015-04,CUST-0015,Performance Issue,Medium,Escalation Pending,False,-1.0,2.0,2026-03-27 00:00:00
TCK-0015-05,CUST-0015,Billing,Low,Escalation Pending,True,-1.0,3.0,2025-06-19 00:00:00
TCK-0015-06,CUST-0015,Account Access,High,In Progress,False,-1.0,2.0,2026-03-03 00:00:00
TCK-0016-01,CUST-0016,Technical Bug,High,Closed,True,15.4,3.0,2026-01-02 00:00:00
TCK-0016-02,CUST-0016,Account Access,High,Closed,False,22.7,5.0,2025-07-30 00:00:00
TCK-0016-03,CUST-0016,Account Access,Low,Closed,False,8.0,3.0,2026-02-07 00:00:00
TCK-0017-01,CUST-0017,Feature Request,Urgent,Closed,False,69.6,5.0,2026-06-19 00:00:00
TCK-0017-02,CUST-0017,Feature Request,Low,Escalation Pending,False,-1.0,2.0,2025-11-09 00:00:00
TCK-0017-03,CUST-0017,Performance Issue,Low,In Progress,False,-1.0,1.0,2025-12-24 00:00:00
TCK-0017-04,CUST-0017,Billing,Urgent,Closed,False,56.3,5.0,2026-02-14 00:00:00
TCK-0017-05,CUST-0017,Feature Request,High,Escalation Pending,False,-1.0,2.0,2026-03-16 00:00:00
TCK-0017-06,CUST-0017,Performance Issue,Low,Resolved,False,22.8,4.0,2026-03-31 00:00:00
TCK-0018-01,CUST-0018,Technical Bug,Low,Escalation Pending,False,-1.0,2.0,2025-10-27 00:00:00
TCK-0018-02,CUST-0018,Technical Bug,High,Escalation Pending,False,-1.0,1.0,2026-02-07 00:00:00
TCK-0018-03,CUST-0018,Account Access,Medium,Closed,False,16.2,5.0,2025-12-22 00:00:00
TCK-0019-01,CUST-0019,Feature Request,Low,In Progress,False,-1.0,3.0,2026-01-31 00:00:00
TCK-0019-02,CUST-0019,Account Access,Urgent,Resolved,False,64.3,5.0,2026-03-23 00:00:00
TCK-0019-03,CUST-0019,Account Access,Low,Resolved,True,24.0,3.0,2026-05-18 00:00:00
TCK-0019-04,CUST-0019,Account Access,Low,Closed,False,12.4,5.0,2026-06-11 00:00:00
TCK-0019-05,CUST-0019,Account Access,Medium,Escalation Pending,False,-1.0,3.0,2026-05-16 00:00:00
TCK-0019-06,CUST-0019,Feature Request,Low,Escalation Pending,False,-1.0,2.0,2026-01-10 00:00:00
TCK-0020-01,CUST-0020,Performance Issue,Low,In Progress,False,-1.0,2.0,2025-11-10 00:00:00
TCK-0020-02,CUST-0020,Billing,Urgent,Resolved,False,48.0,5.0,2025-12-26 00:00:00
TCK-0020-03,CUST-0020,Billing,Medium,Escalation Pending,False,-1.0,3.0,2026-01-10 00:00:00
TCK-0020-04,CUST-0020,Billing,Medium,Closed,True,22.4,2.0,2026-05-21 00:00:00
TCK-0020-05,CUST-0020,Feature Request,Low,Closed,True,17.6,2.0,2026-03-07 00:00:00
TCK-0020-06,CUST-0020,Billing,Urgent,Resolved,True,34.3,1.0,2026-04-25 00:00:00
TCK-0020-07,CUST-0020,Technical Bug,Urgent,In Progress,False,-1.0,3.0,2026-05-25 00:00:00
TCK-0020-08,CUST-0020,Account Access,Urgent,Escalation Pending,False,-1.0,1.0,2026-01-17 00:00:00
TCK-0021-01,CUST-0021,Performance Issue,High,In Progress,False,-1.0,3.0,2026-01-01 00:00:00
TCK-0021-02,CUST-0021,Performance Issue,Urgent,Escalation Pending,False,-1.0,3.0,2026-04-06 00:00:00
TCK-0021-03,CUST-0021,Account Access,High,Escalation Pending,False,-1.0,2.0,2026-01-13 00:00:00
TCK-0021-04,CUST-0021,Technical Bug,Medium,Closed,False,20.8,5.0,2025-08-24 00:00:00
TCK-0021-05,CUST-0021,Account Access,Urgent,Escalation Pending,False,-1.0,2.0,2026-07-01 00:00:00
TCK-0021-06,CUST-0021,Technical Bug,Urgent,Closed,False,37.2,5.0,2025-09-22 00:00:00
TCK-0021-07,CUST-0021,Feature Request,Low,Escalation Pending,False,-1.0,1.0,2025-10-14 00:00:00
TCK-0022-01,CUST-0022,Billing,High,Escalation Pending,False,-1.0,2.0,2026-05-10 00:00:00
TCK-0022-02,CUST-0022,Feature Request,Low,Closed,False,15.9,5.0,2025-10-18 00:00:00
TCK-0022-03,CUST-0022,Billing,Urgent,Resolved,False,33.1,5.0,2025-07-08 00:00:00
TCK-0022-04,CUST-0022,Billing,High,In Progress,False,-1.0,2.0,2026-01-01 00:00:00
TCK-0022-05,CUST-0022,Feature Request,Medium,Escalation Pending,False,-1.0,3.0,2026-06-08 00:00:00
TCK-0022-06,CUST-0022,Technical Bug,Medium,Escalation Pending,False,-1.0,3.0,2026-06-08 00:00:00
TCK-0022-07,CUST-0022,Technical Bug,Urgent,Closed,False,18.3,5.0,2026-02-14 00:00:00
TCK-0022-08,CUST-0022,Account Access,Low,Escalation Pending,False,-1.0,2.0,2026-06-05 00:00:00
TCK-0023-01,CUST-0023,Account Access,Urgent,Closed,False,72.0,5.0,2025-07-28 00:00:00
TCK-0023-02,CUST-0023,Technical Bug,Urgent,In Progress,False,-1.0,3.0,2025-11-02 00:00:00
TCK-0023-03,CUST-0023,Billing,Urgent,Resolved,True,65.7,3.0,2026-02-13 00:00:00
TCK-0023-04,CUST-0023,Account Access,Medium,In Progress,False,-1.0,1.0,2026-04-25 00:00:00
TCK-0023-05,CUST-0023,Technical Bug,High,Closed,False,46.0,3.0,2025-11-09 00:00:00
TCK-0023-06,CUST-0023,Feature Request,Low,Closed,False,4.0,5.0,2025-11-18 00:00:00
TCK-0023-07,CUST-0023,Feature Request,Medium,In Progress,False,-1.0,3.0,2026-02-15 00:00:00
TCK-0023-08,CUST-0023,Account Access,Medium,Escalation Pending,False,-1.0,2.0,2026-06-21 00:00:00
TCK-0024-01,CUST-0024,Account Access,Low,Resolved,False,7.8,3.0,2026-03-13 00:00:00
TCK-0024-02,CUST-0024,Account Access,High,In Progress,False,-1.0,1.0,2025-11-20 00:00:00
TCK-0024-03,CUST-0024,Feature Request,Low,In Progress,False,-1.0,3.0,2025-11-14 00:00:00
TCK-0024-04,CUST-0024,Billing,Urgent,In Progress,False,-1.0,3.0,2026-02-18 00:00:00
TCK-0024-05,CUST-0024,Billing,Medium,Resolved,True,8.7,2.0,2025-09-21 00:00:00
TCK-0024-06,CUST-0024,Billing,Medium,Closed,False,10.6,5.0,2026-04-26 00:00:00
TCK-0024-07,CUST-0024,Feature Request,Medium,Resolved,False,20.3,5.0,2025-12-14 00:00:00
TCK-0024-08,CUST-0024,Billing,High,Escalation Pending,True,-1.0,1.0,2026-01-25 00:00:00
TCK-0024-09,CUST-0024,Billing,High,In Progress,False,-1.0,1.0,2026-02-12 00:00:00
TCK-0024-10,CUST-0024,Account Access,Medium,Escalation Pending,False,-1.0,1.0,2026-06-28 00:00:00
TCK-0025-01,CUST-0025,Performance Issue,Medium,Closed,True,14.9,1.0,2025-10-21 00:00:00
TCK-0025-02,CUST-0025,Technical Bug,Low,Closed,False,23.7,5.0,2026-06-18 00:00:00
TCK-0025-03,CUST-0025,Technical Bug,Low,Resolved,False,4.9,5.0,2026-06-14 00:00:00
TCK-0025-04,CUST-0025,Technical Bug,High,In Progress,True,-1.0,1.0,2025-07-09 00:00:00
TCK-0026-01,CUST-0026,Feature Request,Medium,Resolved,False,18.0,5.0,2026-05-13 00:00:00
TCK-0026-02,CUST-0026,Billing,Low,Escalation Pending,False,-1.0,2.0,2025-11-15 00:00:00
TCK-0026-03,CUST-0026,Feature Request,Urgent,Resolved,True,24.5,1.0,2025-10-24 00:00:00
TCK-0027-01,CUST-0027,Account Access,Urgent,Escalation Pending,False,-1.0,1.0,2025-09-12 00:00:00
TCK-0027-02,CUST-0027,Performance Issue,Medium,Closed,False,11.1,5.0,2026-02-05 00:00:00
TCK-0027-03,CUST-0027,Feature Request,Low,In Progress,False,-1.0,3.0,2025-11-23 00:00:00
TCK-0027-04,CUST-0027,Account Access,Medium,Escalation Pending,False,-1.0,1.0,2025-08-31 00:00:00
TCK-0027-05,CUST-0027,Billing,Low,In Progress,False,-1.0,1.0,2026-04-26 00:00:00
TCK-0027-06,CUST-0027,Billing,High,Escalation Pending,False,-1.0,2.0,2026-06-21 00:00:00
TCK-0027-07,CUST-0027,Feature Request,Low,In Progress,False,-1.0,2.0,2025-09-07 00:00:00
TCK-0027-08,CUST-0027,Performance Issue,Medium,Escalation Pending,False,-1.0,1.0,2025-09-09 00:00:00
TCK-0027-09,CUST-0027,Account Access,High,In Progress,True,-1.0,3.0,2025-11-08 00:00:00
TCK-0027-10,CUST-0027,Feature Request,Low,In Progress,False,-1.0,1.0,2025-10-16 00:00:00
TCK-0028-01,CUST-0028,Billing,Medium,Resolved,False,4.0,4.0,2025-09-24 00:00:00
TCK-0028-02,CUST-0028,Feature Request,Urgent,In Progress,True,-1.0,2.0,2026-03-20 00:00:00
TCK-0028-03,CUST-0028,Account Access,Low,Closed,False,5.5,3.0,2026-02-24 00:00:00
TCK-0028-04,CUST-0028,Billing,High,Escalation Pending,False,-1.0,2.0,2026-01-20 00:00:00
TCK-0028-05,CUST-0028,Feature Request,Urgent,Resolved,True,26.2,1.0,2025-08-08 00:00:00
TCK-0028-06,CUST-0028,Performance Issue,Urgent,In Progress,False,-1.0,1.0,2025-07-06 00:00:00
TCK-0028-07,CUST-0028,Feature Request,Low,In Progress,True,-1.0,1.0,2026-04-12 00:00:00
TCK-0028-08,CUST-0028,Technical Bug,High,Resolved,True,2.5,3.0,2025-10-22 00:00:00
TCK-0029-01,CUST-0029,Feature Request,Low,Escalation Pending,False,-1.0,1.0,2025-12-09 00:00:00
TCK-0029-02,CUST-0029,Performance Issue,Urgent,Escalation Pending,False,-1.0,2.0,2025-08-29 00:00:00
TCK-0029-03,CUST-0029,Feature Request,Low,Closed,False,19.6,5.0,2026-06-20 00:00:00
TCK-0030-01,CUST-0030,Performance Issue,Low,In Progress,False,-1.0,3.0,2026-02-02 00:00:00
TCK-0030-02,CUST-0030,Technical Bug,High,Resolved,False,37.7,3.0,2026-05-11 00:00:00
TCK-0030-03,CUST-0030,Performance Issue,Medium,In Progress,False,-1.0,2.0,2025-10-27 00:00:00
TCK-0030-04,CUST-0030,Technical Bug,Low,Closed,False,5.8,4.0,2025-09-20 00:00:00
TCK-0030-05,CUST-0030,Technical Bug,Urgent,Escalation Pending,False,-1.0,3.0,2026-05-29 00:00:00
TCK-0030-06,CUST-0030,Performance Issue,High,In Progress,False,-1.0,1.0,2026-03-26 00:00:00
TCK-0030-07,CUST-0030,Billing,Urgent,In Progress,False,-1.0,2.0,2026-06-11 00:00:00
TCK-0030-08,CUST-0030,Billing,High,In Progress,False,-1.0,2.0,2026-04-01 00:00:00
TCK-0031-01,CUST-0031,Feature Request,Urgent,Resolved,False,33.5,4.0,2025-07-31 00:00:00
TCK-0031-02,CUST-0031,Performance Issue,Urgent,Resolved,False,33.5,5.0,2026-02-17 00:00:00
TCK-0031-03,CUST-0031,Billing,Medium,Escalation Pending,True,-1.0,2.0,2025-11-12 00:00:00
TCK-0031-04,CUST-0031,Performance Issue,Medium,In Progress,False,-1.0,2.0,2025-09-14 00:00:00
TCK-0031-05,CUST-0031,Account Access,Low,In Progress,False,-1.0,1.0,2025-08-04 00:00:00
TCK-0031-06,CUST-0031,Billing,Urgent,Closed,True,25.3,3.0,2026-01-22 00:00:00
TCK-0031-07,CUST-0031,Technical Bug,High,Escalation Pending,True,-1.0,1.0,2025-12-18 00:00:00
TCK-0031-08,CUST-0031,Billing,High,In Progress,False,-1.0,1.0,2026-01-26 00:00:00
TCK-0031-09,CUST-0031,Performance Issue,Low,Escalation Pending,False,-1.0,3.0,2025-08-21 00:00:00
TCK-0031-10,CUST-0031,Billing,High,Closed,True,25.9,2.0,2025-05-26 00:00:00
TCK-0032-01,CUST-0032,Account Access,Medium,Closed,False,5.6,4.0,2026-05-10 00:00:00
TCK-0032-02,CUST-0032,Billing,Urgent,Closed,False,69.9,5.0,2026-05-15 00:00:00
TCK-0033-01,CUST-0033,Performance Issue,Urgent,In Progress,False,-1.0,2.0,2025-12-24 00:00:00
TCK-0033-02,CUST-0033,Performance Issue,Urgent,Closed,False,58.1,4.0,2026-07-01 00:00:00
TCK-0033-03,CUST-0033,Account Access,Low,In Progress,False,-1.0,3.0,2025-06-02 00:00:00
TCK-0033-04,CUST-0033,Performance Issue,Low,Closed,False,8.0,4.0,2026-06-10 00:00:00
TCK-0033-05,CUST-0033,Feature Request,Low,Closed,False,20.0,5.0,2025-04-24 00:00:00
TCK-0033-06,CUST-0033,Feature Request,Low,In Progress,False,-1.0,1.0,2025-10-25 00:00:00
TCK-0033-07,CUST-0033,Billing,High,In Progress,True,-1.0,1.0,2026-06-14 00:00:00
TCK-0034-01,CUST-0034,Feature Request,Low,Resolved,False,7.6,4.0,2025-12-19 00:00:00
TCK-0034-02,CUST-0034,Performance Issue,Urgent,In Progress,True,-1.0,1.0,2025-08-15 00:00:00
TCK-0034-03,CUST-0034,Billing,Low,Escalation Pending,True,-1.0,1.0,2025-05-09 00:00:00
TCK-0034-04,CUST-0034,Feature Request,Low,Closed,False,17.8,5.0,2025-10-19 00:00:00
TCK-0034-05,CUST-0034,Billing,High,Escalation Pending,True,-1.0,1.0,2026-02-17 00:00:00
TCK-0034-06,CUST-0034,Billing,High,Resolved,True,29.3,2.0,2025-04-05 00:00:00
TCK-0034-07,CUST-0034,Feature Request,High,Resolved,True,27.0,1.0,2025-09-06 00:00:00
TCK-0034-08,CUST-0034,Technical Bug,Low,In Progress,False,-1.0,1.0,2025-04-05 00:00:00
TCK-0034-09,CUST-0034,Account Access,High,Closed,False,60.1,5.0,2026-03-05 00:00:00
TCK-0035-01,CUST-0035,Technical Bug,Low,In Progress,False,-1.0,3.0,2025-11-04 00:00:00
TCK-0035-02,CUST-0035,Performance Issue,Urgent,Closed,True,22.0,1.0,2026-03-16 00:00:00
TCK-0036-01,CUST-0036,Account Access,Medium,Escalation Pending,False,-1.0,2.0,2026-05-07 00:00:00
TCK-0036-02,CUST-0036,Account Access,Low,Resolved,False,11.5,4.0,2026-05-21 00:00:00
TCK-0036-03,CUST-0036,Account Access,High,In Progress,True,-1.0,3.0,2026-01-13 00:00:00
TCK-0036-04,CUST-0036,Account Access,Urgent,Escalation Pending,False,-1.0,1.0,2026-03-30 00:00:00
TCK-0036-05,CUST-0036,Account Access,Urgent,In Progress,True,-1.0,3.0,2026-03-25 00:00:00
TCK-0036-06,CUST-0036,Account Access,Low,Escalation Pending,True,-1.0,2.0,2026-05-04 00:00:00
TCK-0036-07,CUST-0036,Technical Bug,Low,Escalation Pending,False,-1.0,1.0,2025-10-18 00:00:00
TCK-0036-08,CUST-0036,Billing,Medium,In Progress,False,-1.0,2.0,2026-02-27 00:00:00
TCK-0037-01,CUST-0037,Performance Issue,High,In Progress,False,-1.0,1.0,2026-06-24 00:00:00
TCK-0037-02,CUST-0037,Billing,Low,Escalation Pending,False,-1.0,3.0,2026-01-29 00:00:00
TCK-0037-03,CUST-0037,Performance Issue,Low,In Progress,False,-1.0,3.0,2026-02-13 00:00:00
TCK-0037-04,CUST-0037,Technical Bug,High,Escalation Pending,False,-1.0,1.0,2025-11-22 00:00:00
TCK-0038-01,CUST-0038,Account Access,High,In Progress,False,-1.0,2.0,2025-11-05 00:00:00
TCK-0038-02,CUST-0038,Technical Bug,High,Resolved,False,71.0,4.0,2025-12-16 00:00:00
TCK-0038-03,CUST-0038,Feature Request,Low,In Progress,False,-1.0,2.0,2026-05-26 00:00:00
TCK-0039-01,CUST-0039,Feature Request,Urgent,Resolved,False,10.8,5.0,2025-10-11 00:00:00
TCK-0039-02,CUST-0039,Feature Request,Urgent,In Progress,False,-1.0,1.0,2026-06-13 00:00:00
TCK-0039-03,CUST-0039,Performance Issue,Medium,Closed,False,11.5,3.0,2025-11-06 00:00:00
TCK-0039-04,CUST-0039,Performance Issue,Medium,Closed,False,9.1,4.0,2026-02-28 00:00:00
TCK-0039-05,CUST-0039,Performance Issue,High,In Progress,False,-1.0,1.0,2026-06-13 00:00:00
TCK-0039-06,CUST-0039,Account Access,Medium,Resolved,False,13.1,4.0,2026-06-28 00:00:00
TCK-0039-07,CUST-0039,Technical Bug,Medium,In Progress,False,-1.0,3.0,2025-09-25 00:00:00
TCK-0039-08,CUST-0039,Billing,Low,In Progress,True,-1.0,3.0,2025-12-20 00:00:00
TCK-0039-09,CUST-0039,Performance Issue,Urgent,Resolved,False,36.9,5.0,2026-02-05 00:00:00
TCK-0039-10,CUST-0039,Feature Request,Medium,Escalation Pending,False,-1.0,2.0,2026-04-24 00:00:00
TCK-0040-01,CUST-0040,Account Access,Medium,In Progress,False,-1.0,3.0,2026-02-19 00:00:00
TCK-0040-02,CUST-0040,Feature Request,Medium,Resolved,False,9.0,5.0,2025-10-28 00:00:00
TCK-0040-03,CUST-0040,Account Access,Urgent,Resolved,True,5.5,2.0,2026-03-29 00:00:00
TCK-0040-04,CUST-0040,Technical Bug,Medium,In Progress,False,-1.0,1.0,2025-11-16 00:00:00
TCK-0040-05,CUST-0040,Feature Request,Urgent,In Progress,False,-1.0,2.0,2025-09-07 00:00:00
TCK-0041-01,CUST-0041,Billing,Low,Escalation Pending,True,-1.0,2.0,2026-03-13 00:00:00
TCK-0041-02,CUST-0041,Billing,Low,In Progress,False,-1.0,3.0,2026-01-28 00:00:00
TCK-0041-03,CUST-0041,Feature Request,High,Resolved,True,41.9,1.0,2026-01-27 00:00:00
TCK-0041-04,CUST-0041,Performance Issue,High,Escalation Pending,True,-1.0,3.0,2026-01-06 00:00:00
TCK-0041-05,CUST-0041,Performance Issue,Low,Resolved,False,10.7,5.0,2026-03-18 00:00:00
TCK-0041-06,CUST-0041,Account Access,Medium,Escalation Pending,False,-1.0,3.0,2025-11-06 00:00:00
TCK-0041-07,CUST-0041,Billing,Low,In Progress,True,-1.0,2.0,2026-03-08 00:00:00
TCK-0042-01,CUST-0042,Performance Issue,High,Escalation Pending,False,-1.0,3.0,2026-01-08 00:00:00
TCK-0042-02,CUST-0042,Account Access,Urgent,In Progress,False,-1.0,2.0,2026-03-05 00:00:00
TCK-0042-03,CUST-0042,Billing,Urgent,Resolved,False,43.8,5.0,2026-02-24 00:00:00
TCK-0042-04,CUST-0042,Performance Issue,Medium,Escalation Pending,False,-1.0,1.0,2025-12-19 00:00:00
TCK-0042-05,CUST-0042,Performance Issue,Urgent,Closed,True,4.2,3.0,2025-05-21 00:00:00
TCK-0042-06,CUST-0042,Technical Bug,Low,Escalation Pending,False,-1.0,1.0,2025-10-23 00:00:00
TCK-0042-07,CUST-0042,Technical Bug,Urgent,Escalation Pending,False,-1.0,3.0,2026-04-02 00:00:00
TCK-0042-08,CUST-0042,Billing,Medium,In Progress,False,-1.0,3.0,2025-11-25 00:00:00
TCK-0043-01,CUST-0043,Technical Bug,Medium,In Progress,False,-1.0,1.0,2025-10-16 00:00:00
TCK-0043-02,CUST-0043,Account Access,Medium,Escalation Pending,False,-1.0,2.0,2026-01-17 00:00:00
TCK-0043-03,CUST-0043,Account Access,High,Escalation Pending,True,-1.0,2.0,2025-11-09 00:00:00
TCK-0043-04,CUST-0043,Technical Bug,High,Resolved,True,26.2,2.0,2026-04-17 00:00:00
TCK-0043-05,CUST-0043,Account Access,Urgent,In Progress,True,-1.0,3.0,2026-05-08 00:00:00
TCK-0043-06,CUST-0043,Account Access,Medium,Closed,False,7.3,4.0,2026-04-08 00:00:00
TCK-0043-07,CUST-0043,Technical Bug,Low,In Progress,False,-1.0,3.0,2026-01-13 00:00:00
TCK-0043-08,CUST-0043,Billing,Medium,Closed,True,11.0,2.0,2026-01-16 00:00:00
TCK-0043-09,CUST-0043,Technical Bug,High,Resolved,True,65.6,1.0,2026-04-15 00:00:00
TCK-0044-01,CUST-0044,Feature Request,Medium,In Progress,False,-1.0,1.0,2025-01-29 00:00:00
TCK-0044-02,CUST-0044,Account Access,Low,In Progress,False,-1.0,2.0,2026-04-30 00:00:00
TCK-0044-03,CUST-0044,Performance Issue,Urgent,Closed,False,61.6,5.0,2025-10-26 00:00:00
TCK-0044-04,CUST-0044,Technical Bug,Low,Escalation Pending,False,-1.0,3.0,2025-10-10 00:00:00
TCK-0044-05,CUST-0044,Technical Bug,Low,In Progress,False,-1.0,3.0,2025-08-05 00:00:00
TCK-0044-06,CUST-0044,Technical Bug,Urgent,In Progress,False,-1.0,1.0,2026-03-06 00:00:00
TCK-0044-07,CUST-0044,Billing,Medium,Escalation Pending,False,-1.0,2.0,2025-10-01 00:00:00
TCK-0044-08,CUST-0044,Billing,High,Escalation Pending,False,-1.0,2.0,2025-12-23 00:00:00
TCK-0045-01,CUST-0045,Billing,Urgent,Escalation Pending,True,-1.0,3.0,2026-01-14 00:00:00
TCK-0045-02,CUST-0045,Account Access,Low,In Progress,False,-1.0,2.0,2026-03-12 00:00:00
TCK-0046-01,CUST-0046,Performance Issue,Urgent,Closed,False,55.3,3.0,2026-04-07 00:00:00
TCK-0046-02,CUST-0046,Feature Request,High,Resolved,True,6.3,3.0,2026-03-27 00:00:00
TCK-0046-03,CUST-0046,Technical Bug,Medium,Escalation Pending,False,-1.0,1.0,2026-06-25 00:00:00
TCK-0046-04,CUST-0046,Technical Bug,Urgent,Escalation Pending,True,-1.0,1.0,2026-03-01 00:00:00
TCK-0046-05,CUST-0046,Technical Bug,Urgent,Resolved,False,41.1,5.0,2025-07-23 00:00:00
TCK-0046-06,CUST-0046,Feature Request,High,Closed,False,42.5,3.0,2026-02-13 00:00:00
TCK-0046-07,CUST-0046,Account Access,Low,Resolved,False,22.6,3.0,2026-03-10 00:00:00
TCK-0046-08,CUST-0046,Billing,High,Closed,False,55.6,5.0,2026-01-19 00:00:00
TCK-0047-01,CUST-0047,Account Access,Low,Escalation Pending,False,-1.0,3.0,2025-12-09 00:00:00
TCK-0047-02,CUST-0047,Technical Bug,Low,In Progress,False,-1.0,2.0,2026-05-10 00:00:00
TCK-0047-03,CUST-0047,Performance Issue,Urgent,Closed,False,34.2,4.0,2026-02-23 00:00:00
TCK-0047-04,CUST-0047,Technical Bug,Low,Escalation Pending,True,-1.0,3.0,2025-10-13 00:00:00
TCK-0048-01,CUST-0048,Billing,Urgent,Closed,False,54.8,3.0,2025-06-18 00:00:00
TCK-0048-02,CUST-0048,Performance Issue,High,In Progress,True,-1.0,3.0,2025-12-20 00:00:00
TCK-0048-03,CUST-0048,Technical Bug,High,Closed,False,30.9,5.0,2025-03-29 00:00:00
TCK-0048-04,CUST-0048,Performance Issue,Medium,Escalation Pending,False,-1.0,3.0,2026-06-17 00:00:00
TCK-0048-05,CUST-0048,Billing,High,Escalation Pending,False,-1.0,3.0,2025-12-18 00:00:00
TCK-0049-01,CUST-0049,Technical Bug,High,Closed,False,58.4,3.0,2026-06-15 00:00:00
TCK-0049-02,CUST-0049,Feature Request,Urgent,Closed,False,29.2,5.0,2025-12-14 00:00:00
TCK-0049-03,CUST-0049,Account Access,Low,In Progress,False,-1.0,1.0,2026-06-02 00:00:00
TCK-0049-04,CUST-0049,Technical Bug,Low,Resolved,False,21.2,4.0,2026-06-28 00:00:00
TCK-0049-05,CUST-0049,Performance Issue,Medium,In Progress,False,-1.0,2.0,2025-09-08 00:00:00
TCK-0050-01,CUST-0050,Feature Request,Medium,In Progress,False,-1.0,2.0,2025-12-30 00:00:00
TCK-0050-02,CUST-0050,Performance Issue,High,In Progress,True,-1.0,3.0,2026-01-15 00:00:00
TCK-0050-03,CUST-0050,Feature Request,Low,Escalation Pending,False,-1.0,2.0,2025-08-18 00:00:00
TCK-0050-04,CUST-0050,Account Access,High,Closed,False,53.9,3.0,2025-09-16 00:00:00
TCK-0050-05,CUST-0050,Performance Issue,Urgent,Closed,True,25.1,2.0,2026-02-21 00:00:00
TCK-0051-01,CUST-0051,Technical Bug,High,Escalation Pending,True,-1.0,1.0,2026-06-14 00:00:00
TCK-0051-02,CUST-0051,Billing,Low,Resolved,False,22.8,3.0,2025-09-13 00:00:00
TCK-0051-03,CUST-0051,Feature Request,Medium,Closed,False,3.5,4.0,2025-09-14 00:00:00
TCK-0051-04,CUST-0051,Technical Bug,Urgent,Escalation Pending,False,-1.0,3.0,2026-05-17 00:00:00
TCK-0051-05,CUST-0051,Billing,Low,Escalation Pending,False,-1.0,1.0,2025-09-18 00:00:00
TCK-0051-06,CUST-0051,Performance Issue,High,In Progress,False,-1.0,1.0,2026-05-25 00:00:00
TCK-0051-07,CUST-0051,Feature Request,Medium,Resolved,False,13.5,4.0,2025-12-17 00:00:00
TCK-0051-08,CUST-0051,Performance Issue,High,In Progress,False,-1.0,2.0,2025-10-20 00:00:00
TCK-0051-09,CUST-0051,Account Access,Urgent,Closed,False,71.3,4.0,2026-02-10 00:00:00
TCK-0052-01,CUST-0052,Feature Request,Low,Closed,False,3.8,5.0,2026-06-09 00:00:00
TCK-0052-02,CUST-0052,Account Access,Low,Resolved,False,7.1,5.0,2025-11-29 00:00:00
TCK-0052-03,CUST-0052,Billing,Low,In Progress,False,-1.0,3.0,2026-04-28 00:00:00
TCK-0052-04,CUST-0052,Billing,Medium,In Progress,False,-1.0,1.0,2025-10-28 00:00:00
TCK-0052-05,CUST-0052,Performance Issue,Medium,Escalation Pending,False,-1.0,1.0,2025-12-14 00:00:00
TCK-0052-06,CUST-0052,Technical Bug,Medium,Escalation Pending,False,-1.0,3.0,2026-04-16 00:00:00
TCK-0052-07,CUST-0052,Account Access,Urgent,Closed,False,57.3,3.0,2026-03-27 00:00:00
TCK-0052-08,CUST-0052,Account Access,Low,Closed,True,20.5,2.0,2026-05-19 00:00:00
TCK-0052-09,CUST-0052,Performance Issue,Urgent,In Progress,False,-1.0,1.0,2026-06-03 00:00:00
TCK-0052-10,CUST-0052,Account Access,Urgent,In Progress,False,-1.0,3.0,2026-01-22 00:00:00
TCK-0053-01,CUST-0053,Billing,Low,Escalation Pending,True,-1.0,3.0,2026-04-22 00:00:00
TCK-0053-02,CUST-0053,Technical Bug,Urgent,Resolved,True,8.4,2.0,2026-01-15 00:00:00
TCK-0053-03,CUST-0053,Account Access,High,Resolved,True,15.1,2.0,2026-03-14 00:00:00
TCK-0053-04,CUST-0053,Performance Issue,Urgent,Resolved,True,26.8,1.0,2026-04-03 00:00:00
TCK-0053-05,CUST-0053,Performance Issue,High,Resolved,False,22.4,5.0,2025-07-15 00:00:00
TCK-0054-01,CUST-0054,Account Access,Urgent,Closed,True,32.4,2.0,2025-10-19 00:00:00
TCK-0054-02,CUST-0054,Feature Request,Low,Closed,False,17.9,5.0,2026-03-19 00:00:00
TCK-0054-03,CUST-0054,Performance Issue,Medium,Closed,False,8.7,5.0,2025-11-05 00:00:00
TCK-0054-04,CUST-0054,Performance Issue,Urgent,In Progress,False,-1.0,2.0,2025-11-06 00:00:00
TCK-0054-05,CUST-0054,Feature Request,Medium,Closed,False,12.5,4.0,2025-12-08 00:00:00
TCK-0054-06,CUST-0054,Account Access,High,Escalation Pending,False,-1.0,3.0,2026-06-23 00:00:00
TCK-0055-01,CUST-0055,Performance Issue,Medium,Resolved,False,23.0,5.0,2026-02-01 00:00:00
TCK-0055-02,CUST-0055,Feature Request,High,Resolved,False,59.3,5.0,2026-06-29 00:00:00
TCK-0055-03,CUST-0055,Technical Bug,High,Closed,True,52.1,2.0,2025-11-23 00:00:00
TCK-0055-04,CUST-0055,Feature Request,Urgent,Escalation Pending,False,-1.0,3.0,2025-11-04 00:00:00
TCK-0055-05,CUST-0055,Account Access,Low,Closed,False,16.5,5.0,2026-01-10 00:00:00
TCK-0056-01,CUST-0056,Billing,High,Closed,True,33.2,2.0,2025-10-20 00:00:00
TCK-0056-02,CUST-0056,Performance Issue,Medium,Resolved,False,12.6,5.0,2025-09-25 00:00:00
TCK-0057-01,CUST-0057,Performance Issue,Urgent,Resolved,True,32.7,3.0,2026-04-11 00:00:00
TCK-0057-02,CUST-0057,Account Access,Low,Resolved,False,2.5,5.0,2025-10-17 00:00:00
TCK-0057-03,CUST-0057,Technical Bug,Medium,Closed,False,9.3,5.0,2026-04-16 00:00:00
TCK-0057-04,CUST-0057,Technical Bug,Urgent,Closed,False,46.8,5.0,2026-03-13 00:00:00
TCK-0057-05,CUST-0057,Billing,Medium,Escalation Pending,False,-1.0,2.0,2025-08-25 00:00:00
TCK-0058-01,CUST-0058,Account Access,Medium,In Progress,False,-1.0,3.0,2026-06-22 00:00:00
TCK-0058-02,CUST-0058,Feature Request,High,Escalation Pending,False,-1.0,3.0,2025-06-04 00:00:00
TCK-0058-03,CUST-0058,Account Access,High,Closed,False,59.0,5.0,2026-02-15 00:00:00
TCK-0058-04,CUST-0058,Performance Issue,Low,In Progress,False,-1.0,1.0,2025-08-07 00:00:00
TCK-0058-05,CUST-0058,Account Access,Low,Closed,False,13.2,5.0,2026-02-06 00:00:00
TCK-0058-06,CUST-0058,Technical Bug,Urgent,Escalation Pending,False,-1.0,3.0,2026-01-07 00:00:00
TCK-0058-07,CUST-0058,Technical Bug,Medium,Closed,False,6.1,5.0,2026-02-18 00:00:00
TCK-0059-01,CUST-0059,Performance Issue,Urgent,Escalation Pending,False,-1.0,2.0,2026-04-09 00:00:00
TCK-0059-02,CUST-0059,Feature Request,Urgent,Resolved,True,57.7,1.0,2025-09-07 00:00:00
TCK-0059-03,CUST-0059,Billing,High,In Progress,True,-1.0,1.0,2026-05-15 00:00:00
TCK-0059-04,CUST-0059,Feature Request,Urgent,Resolved,False,42.1,5.0,2026-05-12 00:00:00
TCK-0059-05,CUST-0059,Performance Issue,High,Resolved,False,55.2,5.0,2026-01-15 00:00:00
TCK-0059-06,CUST-0059,Technical Bug,Urgent,Closed,True,22.8,1.0,2025-11-27 00:00:00
TCK-0059-07,CUST-0059,Account Access,High,Resolved,False,32.7,3.0,2026-05-13 00:00:00
TCK-0059-08,CUST-0059,Technical Bug,Medium,In Progress,False,-1.0,3.0,2026-02-17 00:00:00
TCK-0060-01,CUST-0060,Performance Issue,High,Closed,False,24.7,5.0,2026-01-02 00:00:00
TCK-0060-02,CUST-0060,Performance Issue,High,Resolved,False,11.5,5.0,2026-06-12 00:00:00
TCK-0060-03,CUST-0060,Billing,High,Closed,False,51.1,4.0,2025-12-22 00:00:00
TCK-0060-04,CUST-0060,Technical Bug,High,Escalation Pending,False,-1.0,2.0,2025-11-25 00:00:00
TCK-0060-05,CUST-0060,Performance Issue,High,Escalation Pending,False,-1.0,2.0,2025-11-08 00:00:00
TCK-0060-06,CUST-0060,Billing,Urgent,In Progress,False,-1.0,3.0,2026-06-16 00:00:00
TCK-0060-07,CUST-0060,Account Access,Urgent,In Progress,False,-1.0,3.0,2025-10-20 00:00:00
TCK-0061-01,CUST-0061,Performance Issue,Urgent,Escalation Pending,True,-1.0,1.0,2026-03-14 00:00:00
TCK-0061-02,CUST-0061,Account Access,High,In Progress,False,-1.0,3.0,2026-04-25 00:00:00
TCK-0061-03,CUST-0061,Technical Bug,Urgent,Resolved,False,5.2,5.0,2025-07-12 00:00:00
TCK-0062-01,CUST-0062,Technical Bug,High,In Progress,True,-1.0,1.0,2026-02-09 00:00:00
TCK-0062-02,CUST-0062,Account Access,Low,Closed,False,3.1,5.0,2025-12-06 00:00:00
TCK-0062-03,CUST-0062,Feature Request,Low,Resolved,False,6.7,3.0,2025-10-15 00:00:00
TCK-0062-04,CUST-0062,Performance Issue,Medium,Escalation Pending,False,-1.0,1.0,2025-08-13 00:00:00
TCK-0062-05,CUST-0062,Account Access,Low,Escalation Pending,False,-1.0,3.0,2025-10-15 00:00:00
TCK-0063-01,CUST-0063,Account Access,High,Closed,True,46.9,3.0,2025-05-07 00:00:00
TCK-0063-02,CUST-0063,Billing,Low,Closed,False,11.7,4.0,2026-01-10 00:00:00
TCK-0063-03,CUST-0063,Technical Bug,Urgent,Escalation Pending,False,-1.0,1.0,2025-04-08 00:00:00
TCK-0063-04,CUST-0063,Billing,Medium,Escalation Pending,False,-1.0,2.0,2026-07-01 00:00:00
TCK-0063-05,CUST-0063,Feature Request,High,Closed,False,21.4,3.0,2025-06-30 00:00:00
TCK-0063-06,CUST-0063,Performance Issue,High,Resolved,False,61.4,5.0,2025-06-08 00:00:00
TCK-0063-07,CUST-0063,Performance Issue,Medium,In Progress,False,-1.0,3.0,2025-03-22 00:00:00
TCK-0064-01,CUST-0064,Billing,High,Closed,False,29.1,5.0,2025-08-13 00:00:00
TCK-0064-02,CUST-0064,Performance Issue,Medium,Resolved,False,2.4,3.0,2025-02-14 00:00:00
TCK-0064-03,CUST-0064,Account Access,Medium,Resolved,True,22.9,2.0,2025-10-24 00:00:00
TCK-0064-04,CUST-0064,Account Access,Urgent,Escalation Pending,False,-1.0,1.0,2025-12-31 00:00:00
TCK-0064-05,CUST-0064,Performance Issue,Medium,In Progress,False,-1.0,1.0,2025-10-26 00:00:00
TCK-0064-06,CUST-0064,Technical Bug,Medium,Escalation Pending,False,-1.0,3.0,2025-12-28 00:00:00
TCK-0064-07,CUST-0064,Billing,High,Closed,False,6.1,3.0,2026-05-26 00:00:00
TCK-0064-08,CUST-0064,Feature Request,Low,Resolved,False,8.8,4.0,2025-04-09 00:00:00
TCK-0064-09,CUST-0064,Billing,Medium,Closed,False,12.9,5.0,2025-11-01 00:00:00
TCK-0064-10,CUST-0064,Performance Issue,High,Closed,True,54.5,2.0,2026-02-17 00:00:00
TCK-0065-01,CUST-0065,Billing,High,Resolved,False,36.7,5.0,2025-06-18 00:00:00
TCK-0065-02,CUST-0065,Feature Request,Medium,In Progress,False,-1.0,1.0,2026-03-10 00:00:00
TCK-0065-03,CUST-0065,Billing,Medium,Resolved,False,3.0,3.0,2025-09-23 00:00:00
TCK-0065-04,CUST-0065,Billing,Urgent,Closed,False,14.5,3.0,2026-02-28 00:00:00
TCK-0065-05,CUST-0065,Feature Request,Medium,Escalation Pending,False,-1.0,3.0,2025-10-31 00:00:00
TCK-0065-06,CUST-0065,Account Access,Low,Resolved,False,13.0,3.0,2025-08-20 00:00:00
TCK-0065-07,CUST-0065,Technical Bug,Low,Resolved,False,21.3,5.0,2026-06-21 00:00:00
TCK-0065-08,CUST-0065,Account Access,High,Escalation Pending,True,-1.0,1.0,2025-11-25 00:00:00
TCK-0065-09,CUST-0065,Technical Bug,High,In Progress,False,-1.0,3.0,2026-04-04 00:00:00
TCK-0065-10,CUST-0065,Technical Bug,Urgent,Escalation Pending,False,-1.0,1.0,2026-05-31 00:00:00
TCK-0066-01,CUST-0066,Account Access,Low,Escalation Pending,False,-1.0,3.0,2025-12-02 00:00:00
TCK-0066-02,CUST-0066,Billing,Medium,Closed,False,11.2,3.0,2025-09-08 00:00:00
TCK-0067-01,CUST-0067,Feature Request,Low,Closed,False,16.0,5.0,2025-09-08 00:00:00
TCK-0067-02,CUST-0067,Performance Issue,Low,Closed,False,7.2,5.0,2026-01-09 00:00:00
TCK-0067-03,CUST-0067,Feature Request,High,In Progress,True,-1.0,1.0,2025-09-08 00:00:00
TCK-0067-04,CUST-0067,Technical Bug,Medium,Resolved,False,5.4,4.0,2026-03-19 00:00:00
TCK-0067-05,CUST-0067,Feature Request,High,In Progress,False,-1.0,1.0,2026-03-20 00:00:00
TCK-0067-06,CUST-0067,Account Access,Urgent,Resolved,True,8.3,3.0,2026-01-03 00:00:00
TCK-0067-07,CUST-0067,Performance Issue,Low,In Progress,False,-1.0,1.0,2025-09-16 00:00:00
TCK-0068-01,CUST-0068,Technical Bug,Low,Escalation Pending,False,-1.0,3.0,2026-06-22 00:00:00
TCK-0068-02,CUST-0068,Performance Issue,Medium,Resolved,True,19.7,1.0,2025-08-05 00:00:00
TCK-0068-03,CUST-0068,Billing,Low,Closed,False,4.9,5.0,2025-12-11 00:00:00
TCK-0068-04,CUST-0068,Billing,High,Resolved,False,3.5,3.0,2025-09-13 00:00:00
TCK-0068-05,CUST-0068,Feature Request,Medium,In Progress,True,-1.0,1.0,2025-06-25 00:00:00
TCK-0068-06,CUST-0068,Feature Request,Low,Escalation Pending,False,-1.0,3.0,2025-12-23 00:00:00
TCK-0069-01,CUST-0069,Feature Request,Medium,Closed,True,16.2,2.0,2025-12-18 00:00:00
TCK-0069-02,CUST-0069,Performance Issue,Urgent,In Progress,True,-1.0,2.0,2025-07-31 00:00:00
TCK-0069-03,CUST-0069,Feature Request,Medium,Closed,False,15.9,3.0,2025-12-03 00:00:00
TCK-0069-04,CUST-0069,Account Access,Urgent,Escalation Pending,False,-1.0,2.0,2026-03-07 00:00:00
TCK-0069-05,CUST-0069,Performance Issue,High,Closed,False,3.8,4.0,2025-06-06 00:00:00
TCK-0069-06,CUST-0069,Account Access,Low,Escalation Pending,False,-1.0,3.0,2025-11-21 00:00:00
TCK-0070-01,CUST-0070,Billing,Medium,Escalation Pending,False,-1.0,2.0,2025-08-14 00:00:00
TCK-0070-02,CUST-0070,Technical Bug,Medium,In Progress,False,-1.0,3.0,2025-06-01 00:00:00
TCK-0070-03,CUST-0070,Account Access,Medium,Closed,False,20.4,5.0,2026-02-19 00:00:00
TCK-0070-04,CUST-0070,Account Access,Medium,Resolved,False,3.2,4.0,2025-05-28 00:00:00
TCK-0070-05,CUST-0070,Performance Issue,Urgent,Closed,True,58.5,2.0,2026-05-20 00:00:00
TCK-0070-06,CUST-0070,Technical Bug,High,Closed,True,43.1,1.0,2026-06-18 00:00:00
TCK-0070-07,CUST-0070,Billing,High,In Progress,False,-1.0,3.0,2026-04-22 00:00:00
TCK-0070-08,CUST-0070,Feature Request,Low,In Progress,False,-1.0,1.0,2025-08-06 00:00:00
TCK-0070-09,CUST-0070,Feature Request,Urgent,Closed,False,51.5,5.0,2025-09-09 00:00:00
TCK-0070-10,CUST-0070,Performance Issue,Medium,In Progress,False,-1.0,1.0,2025-08-16 00:00:00
TCK-0071-01,CUST-0071,Performance Issue,High,Closed,False,46.8,3.0,2026-06-10 00:00:00
TCK-0071-02,CUST-0071,Technical Bug,High,Closed,False,26.3,5.0,2025-07-08 00:00:00
TCK-0071-03,CUST-0071,Billing,High,In Progress,False,-1.0,1.0,2025-09-30 00:00:00
TCK-0071-04,CUST-0071,Billing,High,Resolved,True,52.4,1.0,2026-02-17 00:00:00
TCK-0072-01,CUST-0072,Feature Request,Low,Closed,False,5.6,3.0,2025-07-17 00:00:00
TCK-0072-02,CUST-0072,Account Access,Low,Resolved,False,3.6,4.0,2026-01-08 00:00:00
TCK-0072-03,CUST-0072,Technical Bug,Low,Resolved,False,9.4,5.0,2026-06-25 00:00:00
TCK-0072-04,CUST-0072,Billing,Urgent,Closed,False,44.5,5.0,2025-09-18 00:00:00
TCK-0072-05,CUST-0072,Billing,Low,Closed,True,11.0,3.0,2026-04-02 00:00:00
TCK-0072-06,CUST-0072,Account Access,High,Resolved,True,5.5,3.0,2026-04-07 00:00:00
TCK-0072-07,CUST-0072,Feature Request,Medium,Resolved,True,11.4,2.0,2026-06-03 00:00:00
TCK-0072-08,CUST-0072,Performance Issue,Urgent,Resolved,True,16.5,3.0,2025-11-26 00:00:00
TCK-0072-09,CUST-0072,Billing,Urgent,In Progress,False,-1.0,2.0,2026-02-26 00:00:00
TCK-0072-10,CUST-0072,Feature Request,High,Escalation Pending,True,-1.0,1.0,2026-01-05 00:00:00
TCK-0073-01,CUST-0073,Performance Issue,Low,Resolved,False,3.9,5.0,2026-06-14 00:00:00
TCK-0073-02,CUST-0073,Performance Issue,Urgent,Closed,False,40.8,5.0,2026-06-20 00:00:00
TCK-0073-03,CUST-0073,Performance Issue,Urgent,Escalation Pending,False,-1.0,3.0,2025-08-25 00:00:00
TCK-0073-04,CUST-0073,Feature Request,High,Resolved,True,37.1,3.0,2026-06-10 00:00:00
TCK-0073-05,CUST-0073,Performance Issue,Medium,Escalation Pending,False,-1.0,1.0,2025-07-21 00:00:00
TCK-0073-06,CUST-0073,Technical Bug,Medium,Escalation Pending,False,-1.0,1.0,2026-04-11 00:00:00
TCK-0074-01,CUST-0074,Feature Request,Urgent,In Progress,False,-1.0,3.0,2026-05-20 00:00:00
TCK-0074-02,CUST-0074,Billing,Urgent,Closed,True,12.4,3.0,2025-05-18 00:00:00
TCK-0074-03,CUST-0074,Billing,Low,In Progress,False,-1.0,2.0,2025-11-02 00:00:00
TCK-0075-01,CUST-0075,Technical Bug,Urgent,In Progress,True,-1.0,3.0,2025-09-21 00:00:00
TCK-0075-02,CUST-0075,Billing,Urgent,In Progress,False,-1.0,1.0,2025-11-11 00:00:00
TCK-0075-03,CUST-0075,Account Access,High,Escalation Pending,True,-1.0,3.0,2026-05-08 00:00:00
TCK-0075-04,CUST-0075,Billing,Medium,Escalation Pending,True,-1.0,2.0,2025-10-07 00:00:00
TCK-0075-05,CUST-0075,Feature Request,Low,Closed,False,22.1,5.0,2026-06-06 00:00:00
TCK-0075-06,CUST-0075,Feature Request,High,Closed,False,6.6,5.0,2025-07-31 00:00:00
TCK-0075-07,CUST-0075,Performance Issue,Low,Closed,False,20.4,4.0,2025-06-08 00:00:00
TCK-0075-08,CUST-0075,Feature Request,Low,Closed,False,8.0,5.0,2026-02-05 00:00:00
TCK-0076-01,CUST-0076,Feature Request,High,In Progress,True,-1.0,3.0,2025-10-03 00:00:00
TCK-0076-02,CUST-0076,Account Access,Low,Closed,False,20.8,4.0,2025-12-09 00:00:00
TCK-0076-03,CUST-0076,Technical Bug,Medium,Escalation Pending,False,-1.0,3.0,2025-08-28 00:00:00
TCK-0076-04,CUST-0076,Billing,Urgent,Closed,False,44.1,3.0,2025-12-10 00:00:00
TCK-0077-01,CUST-0077,Account Access,Medium,Escalation Pending,False,-1.0,3.0,2025-08-20 00:00:00
TCK-0077-02,CUST-0077,Billing,High,In Progress,False,-1.0,2.0,2026-06-14 00:00:00
TCK-0077-03,CUST-0077,Billing,Urgent,In Progress,True,-1.0,3.0,2025-12-12 00:00:00
TCK-0077-04,CUST-0077,Account Access,High,In Progress,False,-1.0,1.0,2025-09-13 00:00:00
TCK-0077-05,CUST-0077,Performance Issue,Medium,Escalation Pending,False,-1.0,3.0,2025-12-09 00:00:00
TCK-0077-06,CUST-0077,Technical Bug,Low,In Progress,False,-1.0,2.0,2026-01-29 00:00:00
TCK-0077-07,CUST-0077,Feature Request,Urgent,Closed,False,26.0,4.0,2026-06-15 00:00:00
TCK-0077-08,CUST-0077,Performance Issue,Urgent,In Progress,False,-1.0,3.0,2025-11-29 00:00:00
TCK-0077-09,CUST-0077,Technical Bug,Medium,Escalation Pending,False,-1.0,1.0,2025-11-08 00:00:00
TCK-0078-01,CUST-0078,Account Access,High,In Progress,True,-1.0,2.0,2025-08-07 00:00:00
TCK-0078-02,CUST-0078,Feature Request,Low,Resolved,False,12.4,4.0,2026-02-19 00:00:00
TCK-0078-03,CUST-0078,Billing,Urgent,Escalation Pending,False,-1.0,1.0,2025-08-24 00:00:00
TCK-0078-04,CUST-0078,Technical Bug,Medium,Escalation Pending,False,-1.0,1.0,2025-11-16 00:00:00
TCK-0078-05,CUST-0078,Technical Bug,Low,Closed,False,8.9,3.0,2025-06-10 00:00:00
TCK-0078-06,CUST-0078,Feature Request,High,Closed,True,42.3,1.0,2026-02-13 00:00:00
TCK-0078-07,CUST-0078,Billing,Medium,Escalation Pending,False,-1.0,2.0,2026-01-13 00:00:00
TCK-0078-08,CUST-0078,Feature Request,Urgent,Closed,True,53.1,1.0,2025-11-19 00:00:00
TCK-0079-01,CUST-0079,Billing,Urgent,In Progress,False,-1.0,1.0,2025-07-13 00:00:00
TCK-0079-02,CUST-0079,Billing,High,Escalation Pending,False,-1.0,3.0,2026-03-03 00:00:00
TCK-0079-03,CUST-0079,Performance Issue,High,Closed,False,26.0,5.0,2025-12-10 00:00:00
TCK-0079-04,CUST-0079,Technical Bug,Medium,Escalation Pending,False,-1.0,1.0,2025-10-04 00:00:00
TCK-0080-01,CUST-0080,Billing,High,Resolved,False,28.3,5.0,2026-06-17 00:00:00
TCK-0080-02,CUST-0080,Performance Issue,Low,Resolved,False,16.6,3.0,2025-10-11 00:00:00
TCK-0080-03,CUST-0080,Billing,Urgent,Resolved,False,40.3,5.0,2025-12-04 00:00:00
TCK-0080-04,CUST-0080,Technical Bug,Low,Resolved,False,16.6,5.0,2025-11-26 00:00:00
TCK-0081-01,CUST-0081,Billing,Low,Closed,False,19.1,4.0,2025-09-02 00:00:00
TCK-0081-02,CUST-0081,Feature Request,High,Escalation Pending,True,-1.0,1.0,2026-02-18 00:00:00
TCK-0081-03,CUST-0081,Feature Request,High,Resolved,True,49.0,1.0,2026-05-04 00:00:00
TCK-0081-04,CUST-0081,Performance Issue,Urgent,Resolved,True,56.6,1.0,2026-03-08 00:00:00
TCK-0081-05,CUST-0081,Billing,High,Escalation Pending,False,-1.0,2.0,2025-07-16 00:00:00
TCK-0081-06,CUST-0081,Feature Request,Low,Closed,True,21.2,2.0,2025-09-03 00:00:00
TCK-0082-01,CUST-0082,Account Access,Urgent,In Progress,False,-1.0,3.0,2025-05-16 00:00:00
TCK-0082-02,CUST-0082,Account Access,High,Escalation Pending,True,-1.0,2.0,2025-11-18 00:00:00
TCK-0082-03,CUST-0082,Account Access,Urgent,Escalation Pending,False,-1.0,2.0,2026-02-25 00:00:00
TCK-0082-04,CUST-0082,Technical Bug,Low,Resolved,False,23.6,4.0,2025-05-22 00:00:00
TCK-0082-05,CUST-0082,Feature Request,Urgent,Escalation Pending,False,-1.0,1.0,2026-02-05 00:00:00
TCK-0082-06,CUST-0082,Feature Request,High,Closed,False,35.8,5.0,2025-05-26 00:00:00
TCK-0082-07,CUST-0082,Feature Request,Urgent,In Progress,True,-1.0,3.0,2025-09-06 00:00:00
TCK-0083-01,CUST-0083,Performance Issue,Low,Closed,False,12.6,5.0,2025-07-11 00:00:00
TCK-0083-02,CUST-0083,Performance Issue,Low,Closed,True,13.1,2.0,2026-01-04 00:00:00
TCK-0083-03,CUST-0083,Technical Bug,Low,In Progress,False,-1.0,1.0,2025-10-12 00:00:00
TCK-0083-04,CUST-0083,Account Access,Low,Escalation Pending,False,-1.0,2.0,2026-06-18 00:00:00
TCK-0083-05,CUST-0083,Technical Bug,Low,Escalation Pending,False,-1.0,1.0,2026-01-06 00:00:00
TCK-0083-06,CUST-0083,Feature Request,High,Escalation Pending,True,-1.0,3.0,2026-03-26 00:00:00
TCK-0083-07,CUST-0083,Billing,Low,Resolved,False,14.3,3.0,2026-06-22 00:00:00
TCK-0084-01,CUST-0084,Account Access,High,Closed,False,61.1,5.0,2026-01-28 00:00:00
TCK-0084-02,CUST-0084,Performance Issue,Urgent,In Progress,False,-1.0,3.0,2025-12-04 00:00:00
TCK-0084-03,CUST-0084,Billing,Low,Closed,False,2.0,5.0,2026-06-15 00:00:00
TCK-0084-04,CUST-0084,Account Access,High,Resolved,False,64.8,5.0,2025-06-27 00:00:00
TCK-0084-05,CUST-0084,Feature Request,Low,Closed,False,6.1,5.0,2025-08-05 00:00:00
TCK-0084-06,CUST-0084,Feature Request,Medium,Resolved,False,18.7,3.0,2026-03-07 00:00:00
TCK-0084-07,CUST-0084,Performance Issue,Low,Escalation Pending,False,-1.0,2.0,2026-03-20 00:00:00
TCK-0084-08,CUST-0084,Performance Issue,Medium,Resolved,False,13.7,3.0,2026-01-25 00:00:00
TCK-0084-09,CUST-0084,Feature Request,Urgent,Closed,False,50.4,4.0,2026-04-26 00:00:00
TCK-0085-01,CUST-0085,Feature Request,Urgent,Closed,False,21.2,5.0,2025-11-12 00:00:00
TCK-0085-02,CUST-0085,Feature Request,Medium,In Progress,False,-1.0,3.0,2026-03-22 00:00:00
TCK-0085-03,CUST-0085,Account Access,Medium,In Progress,False,-1.0,3.0,2025-12-08 00:00:00
TCK-0085-04,CUST-0085,Technical Bug,Medium,In Progress,False,-1.0,3.0,2025-08-13 00:00:00
TCK-0085-05,CUST-0085,Account Access,Urgent,Escalation Pending,False,-1.0,3.0,2026-03-15 00:00:00
TCK-0085-06,CUST-0085,Account Access,Urgent,Resolved,False,3.8,4.0,2025-07-12 00:00:00
TCK-0085-07,CUST-0085,Billing,Medium,Closed,True,23.6,3.0,2025-10-21 00:00:00
TCK-0085-08,CUST-0085,Technical Bug,Low,In Progress,False,-1.0,1.0,2026-03-19 00:00:00
TCK-0085-09,CUST-0085,Billing,High,Resolved,False,45.1,4.0,2026-06-30 00:00:00
TCK-0085-10,CUST-0085,Performance Issue,Urgent,In Progress,True,-1.0,3.0,2026-05-21 00:00:00
TCK-0086-01,CUST-0086,Performance Issue,Urgent,In Progress,False,-1.0,3.0,2026-02-13 00:00:00
TCK-0086-02,CUST-0086,Performance Issue,Medium,Closed,False,8.5,4.0,2026-04-24 00:00:00
TCK-0086-03,CUST-0086,Billing,Medium,Resolved,False,10.3,5.0,2025-09-29 00:00:00
TCK-0086-04,CUST-0086,Performance Issue,High,In Progress,True,-1.0,1.0,2025-10-26 00:00:00
TCK-0086-05,CUST-0086,Feature Request,Medium,In Progress,True,-1.0,3.0,2025-06-05 00:00:00
TCK-0087-01,CUST-0087,Technical Bug,Medium,Closed,False,11.2,5.0,2025-07-30 00:00:00
TCK-0087-02,CUST-0087,Account Access,Medium,In Progress,False,-1.0,2.0,2025-12-14 00:00:00
TCK-0087-03,CUST-0087,Account Access,Medium,Escalation Pending,False,-1.0,3.0,2026-05-11 00:00:00
TCK-0087-04,CUST-0087,Billing,Low,Escalation Pending,False,-1.0,1.0,2026-05-07 00:00:00
TCK-0087-05,CUST-0087,Performance Issue,Medium,In Progress,False,-1.0,2.0,2025-08-10 00:00:00
TCK-0087-06,CUST-0087,Feature Request,High,In Progress,False,-1.0,1.0,2026-03-04 00:00:00
TCK-0087-07,CUST-0087,Account Access,Urgent,In Progress,False,-1.0,3.0,2025-09-19 00:00:00
TCK-0087-08,CUST-0087,Account Access,Low,Closed,False,23.4,3.0,2026-04-29 00:00:00
TCK-0087-09,CUST-0087,Billing,Medium,Closed,False,21.0,5.0,2025-08-05 00:00:00
TCK-0087-10,CUST-0087,Technical Bug,Urgent,Resolved,False,54.3,4.0,2025-06-25 00:00:00
TCK-0088-01,CUST-0088,Account Access,Low,Closed,False,22.0,5.0,2026-03-02 00:00:00
TCK-0088-02,CUST-0088,Feature Request,Urgent,Resolved,False,29.3,3.0,2025-02-04 00:00:00
TCK-0088-03,CUST-0088,Performance Issue,Low,Resolved,False,17.4,3.0,2026-01-30 00:00:00
TCK-0088-04,CUST-0088,Performance Issue,Low,In Progress,False,-1.0,3.0,2025-04-27 00:00:00
TCK-0089-01,CUST-0089,Technical Bug,Medium,Escalation Pending,False,-1.0,3.0,2025-11-15 00:00:00
TCK-0089-02,CUST-0089,Technical Bug,High,In Progress,False,-1.0,1.0,2025-06-10 00:00:00
TCK-0089-03,CUST-0089,Billing,Low,Escalation Pending,True,-1.0,3.0,2025-04-14 00:00:00
TCK-0089-04,CUST-0089,Account Access,Medium,In Progress,False,-1.0,1.0,2026-03-15 00:00:00
TCK-0089-05,CUST-0089,Performance Issue,Medium,Closed,False,15.6,5.0,2025-08-03 00:00:00
TCK-0089-06,CUST-0089,Billing,Medium,Resolved,False,20.7,5.0,2025-04-01 00:00:00
TCK-0089-07,CUST-0089,Account Access,Low,Closed,False,18.0,5.0,2025-12-21 00:00:00
TCK-0089-08,CUST-0089,Account Access,Medium,Closed,False,4.2,3.0,2025-08-03 00:00:00
TCK-0089-09,CUST-0089,Account Access,Urgent,In Progress,False,-1.0,3.0,2025-06-22 00:00:00
TCK-0090-01,CUST-0090,Feature Request,High,Closed,False,49.6,5.0,2026-01-08 00:00:00
TCK-0090-02,CUST-0090,Feature Request,Urgent,In Progress,False,-1.0,2.0,2026-02-14 00:00:00
TCK-0090-03,CUST-0090,Billing,Medium,Resolved,False,20.5,4.0,2026-02-07 00:00:00
TCK-0090-04,CUST-0090,Technical Bug,High,Resolved,False,52.9,3.0,2026-01-22 00:00:00
TCK-0090-05,CUST-0090,Billing,Urgent,Closed,False,65.4,5.0,2026-02-10 00:00:00
TCK-0091-01,CUST-0091,Technical Bug,High,Resolved,True,29.8,3.0,2025-07-13 00:00:00
TCK-0091-02,CUST-0091,Technical Bug,Medium,Closed,False,11.8,4.0,2026-04-23 00:00:00
TCK-0091-03,CUST-0091,Performance Issue,Medium,Escalation Pending,False,-1.0,2.0,2025-07-28 00:00:00
TCK-0091-04,CUST-0091,Technical Bug,Urgent,In Progress,True,-1.0,2.0,2025-11-04 00:00:00
TCK-0091-05,CUST-0091,Billing,Medium,In Progress,False,-1.0,2.0,2026-03-05 00:00:00
TCK-0091-06,CUST-0091,Feature Request,Low,In Progress,True,-1.0,1.0,2026-03-31 00:00:00
TCK-0091-07,CUST-0091,Account Access,High,Closed,False,28.4,5.0,2026-01-11 00:00:00
TCK-0091-08,CUST-0091,Performance Issue,Low,Escalation Pending,False,-1.0,1.0,2026-03-29 00:00:00
TCK-0092-01,CUST-0092,Feature Request,Medium,In Progress,False,-1.0,1.0,2025-11-30 00:00:00
TCK-0092-02,CUST-0092,Technical Bug,Medium,Resolved,False,16.5,5.0,2026-03-03 00:00:00
TCK-0092-03,CUST-0092,Billing,Urgent,Escalation Pending,False,-1.0,1.0,2025-12-06 00:00:00
TCK-0092-04,CUST-0092,Feature Request,Low,Closed,False,14.6,4.0,2025-11-22 00:00:00
TCK-0093-01,CUST-0093,Technical Bug,Urgent,Resolved,False,63.5,5.0,2025-05-10 00:00:00
TCK-0093-02,CUST-0093,Technical Bug,Urgent,Escalation Pending,False,-1.0,2.0,2025-06-23 00:00:00
TCK-0093-03,CUST-0093,Technical Bug,Urgent,Closed,False,45.6,5.0,2025-06-21 00:00:00
TCK-0093-04,CUST-0093,Account Access,Urgent,Resolved,False,18.1,5.0,2025-06-03 00:00:00
TCK-0093-05,CUST-0093,Billing,Low,Escalation Pending,True,-1.0,1.0,2026-02-01 00:00:00
TCK-0093-06,CUST-0093,Billing,Medium,Resolved,False,21.3,3.0,2025-05-14 00:00:00
TCK-0094-01,CUST-0094,Feature Request,High,Escalation Pending,False,-1.0,1.0,2026-04-13 00:00:00
TCK-0094-02,CUST-0094,Feature Request,High,Resolved,False,31.8,5.0,2026-04-11 00:00:00
TCK-0094-03,CUST-0094,Technical Bug,Low,Escalation Pending,False,-1.0,2.0,2025-11-14 00:00:00
TCK-0094-04,CUST-0094,Billing,Low,Resolved,False,13.4,5.0,2025-11-23 00:00:00
TCK-0094-05,CUST-0094,Account Access,Urgent,Closed,False,31.8,5.0,2025-12-21 00:00:00
TCK-0094-06,CUST-0094,Performance Issue,Urgent,In Progress,False,-1.0,3.0,2026-03-01 00:00:00
TCK-0094-07,CUST-0094,Technical Bug,Urgent,Escalation Pending,False,-1.0,1.0,2026-02-15 00:00:00
TCK-0094-08,CUST-0094,Performance Issue,Urgent,In Progress,True,-1.0,3.0,2026-02-02 00:00:00
TCK-0094-09,CUST-0094,Feature Request,Medium,Resolved,False,18.5,5.0,2025-10-31 00:00:00
TCK-0094-10,CUST-0094,Billing,Medium,In Progress,False,-1.0,3.0,2026-06-20 00:00:00
TCK-0095-01,CUST-0095,Billing,High,Resolved,True,44.6,3.0,2026-02-24 00:00:00
TCK-0095-02,CUST-0095,Feature Request,High,Resolved,False,68.2,4.0,2026-04-22 00:00:00
TCK-0095-03,CUST-0095,Feature Request,Low,In Progress,False,-1.0,1.0,2025-08-29 00:00:00
TCK-0096-01,CUST-0096,Billing,High,In Progress,False,-1.0,3.0,2026-02-10 00:00:00
TCK-0096-02,CUST-0096,Feature Request,Medium,Resolved,False,22.2,5.0,2025-12-24 00:00:00
TCK-0096-03,CUST-0096,Account Access,High,Closed,True,33.8,2.0,2025-01-06 00:00:00
TCK-0096-04,CUST-0096,Account Access,Medium,Resolved,False,14.3,5.0,2025-12-16 00:00:00
TCK-0097-01,CUST-0097,Feature Request,Urgent,In Progress,False,-1.0,2.0,2026-04-23 00:00:00
TCK-0097-02,CUST-0097,Feature Request,Low,In Progress,False,-1.0,1.0,2025-11-21 00:00:00
TCK-0097-03,CUST-0097,Technical Bug,Medium,Escalation Pending,False,-1.0,2.0,2026-01-29 00:00:00
TCK-0097-04,CUST-0097,Performance Issue,Low,In Progress,False,-1.0,1.0,2025-10-04 00:00:00
TCK-0097-05,CUST-0097,Billing,Urgent,In Progress,False,-1.0,1.0,2026-02-17 00:00:00
TCK-0097-06,CUST-0097,Technical Bug,Urgent,Closed,True,64.6,2.0,2025-08-11 00:00:00
TCK-0097-07,CUST-0097,Technical Bug,Urgent,Closed,False,53.5,5.0,2025-08-23 00:00:00
TCK-0097-08,CUST-0097,Technical Bug,Medium,In Progress,False,-1.0,1.0,2026-06-12 00:00:00
TCK-0097-09,CUST-0097,Billing,Low,Escalation Pending,False,-1.0,3.0,2025-05-13 00:00:00
TCK-0098-01,CUST-0098,Performance Issue,High,Closed,False,5.8,5.0,2026-05-12 00:00:00
TCK-0098-02,CUST-0098,Performance Issue,Low,Escalation Pending,False,-1.0,3.0,2025-12-08 00:00:00
TCK-0098-03,CUST-0098,Feature Request,Low,Escalation Pending,False,-1.0,2.0,2025-09-14 00:00:00
TCK-0098-04,CUST-0098,Billing,Medium,Resolved,False,9.2,5.0,2025-12-14 00:00:00
TCK-0099-01,CUST-0099,Technical Bug,Urgent,Escalation Pending,False,-1.0,3.0,2026-01-02 00:00:00
TCK-0099-02,CUST-0099,Account Access,Urgent,Closed,True,42.0,3.0,2026-06-12 00:00:00
TCK-0099-03,CUST-0099,Technical Bug,Low,Closed,False,14.2,5.0,2025-10-04 00:00:00
TCK-0099-04,CUST-0099,Technical Bug,Medium,Resolved,False,5.9,5.0,2025-09-02 00:00:00
TCK-0099-05,CUST-0099,Performance Issue,High,In Progress,False,-1.0,2.0,2026-04-09 00:00:00
TCK-0099-06,CUST-0099,Performance Issue,Low,Closed,False,3.3,5.0,2026-02-24 00:00:00
TCK-0099-07,CUST-0099,Billing,Urgent,In Progress,False,-1.0,2.0,2025-12-27 00:00:00
TCK-0100-01,CUST-0100,Technical Bug,High,Escalation Pending,False,-1.0,3.0,2025-11-27 00:00:00
TCK-0100-02,CUST-0100,Billing,Urgent,Escalation Pending,False,-1.0,3.0,2025-06-26 00:00:00
TCK-0100-03,CUST-0100,Technical Bug,High,Escalation Pending,False,-1.0,1.0,2025-05-23 00:00:00
TCK-0100-04,CUST-0100,Technical Bug,High,In Progress,True,-1.0,3.0,2025-09-09 00:00:00
TCK-0100-05,CUST-0100,Account Access,Urgent,Escalation Pending,True,-1.0,2.0,2026-04-30 00:00:00
TCK-0100-06,CUST-0100,Performance Issue,Urgent,Closed,False,61.8,4.0,2026-04-20 00:00:00
TCK-0100-07,CUST-0100,Technical Bug,High,Resolved,False,16.7,5.0,2025-06-04 00:00:00
TCK-0100-08,CUST-0100,Billing,Low,Escalation Pending,False,-1.0,3.0,2025-05-10 00:00:00
TCK-0100-09,CUST-0100,Billing,Urgent,Resolved,False,9.3,4.0,2025-05-26 00:00:00
TCK-0100-10,CUST-0100,Feature Request,High,In Progress,True,-1.0,2.0,2026-02-27 00:00:00
TCK-0101-01,CUST-0101,Feature Request,High,Closed,False,69.9,4.0,2026-04-15 00:00:00
TCK-0101-02,CUST-0101,Performance Issue,Urgent,Escalation Pending,False,-1.0,3.0,2026-05-10 00:00:00
TCK-0101-03,CUST-0101,Performance Issue,High,Escalation Pending,False,-1.0,3.0,2025-10-11 00:00:00
TCK-0101-04,CUST-0101,Billing,Urgent,Escalation Pending,True,-1.0,2.0,2025-09-04 00:00:00
TCK-0101-05,CUST-0101,Account Access,Low,Closed,True,9.6,2.0,2026-03-17 00:00:00
TCK-0101-06,CUST-0101,Billing,Urgent,Escalation Pending,False,-1.0,2.0,2025-06-21 00:00:00
TCK-0101-07,CUST-0101,Feature Request,High,Resolved,False,40.4,4.0,2026-01-13 00:00:00
TCK-0101-08,CUST-0101,Performance Issue,Urgent,Closed,False,52.0,5.0,2025-12-27 00:00:00
TCK-0101-09,CUST-0101,Technical Bug,High,Closed,True,38.2,3.0,2026-06-07 00:00:00
TCK-0102-01,CUST-0102,Account Access,Low,Escalation Pending,False,-1.0,2.0,2026-03-29 00:00:00
TCK-0102-02,CUST-0102,Performance Issue,Urgent,Resolved,True,12.7,3.0,2025-04-16 00:00:00
TCK-0102-03,CUST-0102,Technical Bug,Low,Closed,False,17.7,3.0,2025-08-02 00:00:00
TCK-0102-04,CUST-0102,Billing,Medium,Closed,True,9.5,2.0,2026-05-12 00:00:00
TCK-0103-01,CUST-0103,Account Access,Urgent,Escalation Pending,True,-1.0,1.0,2025-06-23 00:00:00
TCK-0103-02,CUST-0103,Account Access,Urgent,Resolved,False,70.2,4.0,2025-09-30 00:00:00
TCK-0104-01,CUST-0104,Technical Bug,Urgent,In Progress,False,-1.0,2.0,2025-05-11 00:00:00
TCK-0104-02,CUST-0104,Billing,Low,In Progress,True,-1.0,1.0,2025-08-22 00:00:00
TCK-0104-03,CUST-0104,Billing,Medium,Closed,False,15.9,5.0,2025-02-26 00:00:00
TCK-0104-04,CUST-0104,Technical Bug,High,Escalation Pending,False,-1.0,1.0,2025-02-23 00:00:00
TCK-0104-05,CUST-0104,Billing,Urgent,Closed,False,28.0,3.0,2025-06-26 00:00:00
TCK-0104-06,CUST-0104,Technical Bug,Urgent,In Progress,True,-1.0,3.0,2025-03-21 00:00:00
TCK-0104-07,CUST-0104,Billing,High,Resolved,False,10.8,4.0,2025-07-31 00:00:00
TCK-0104-08,CUST-0104,Performance Issue,High,Escalation Pending,False,-1.0,3.0,2025-05-28 00:00:00
TCK-0104-09,CUST-0104,Billing,Urgent,Closed,False,19.5,3.0,2025-10-25 00:00:00
TCK-0104-10,CUST-0104,Feature Request,High,Escalation Pending,False,-1.0,1.0,2025-12-06 00:00:00
TCK-0105-01,CUST-0105,Performance Issue,Medium,In Progress,False,-1.0,3.0,2025-09-28 00:00:00
TCK-0105-02,CUST-0105,Feature Request,Low,Escalation Pending,False,-1.0,3.0,2025-06-27 00:00:00
TCK-0105-03,CUST-0105,Billing,High,Closed,False,24.4,3.0,2026-02-25 00:00:00
TCK-0106-01,CUST-0106,Technical Bug,High,In Progress,True,-1.0,1.0,2025-11-01 00:00:00
TCK-0106-02,CUST-0106,Performance Issue,Low,Closed,True,5.9,1.0,2025-12-25 00:00:00
TCK-0106-03,CUST-0106,Billing,Urgent,Resolved,True,42.0,2.0,2026-05-21 00:00:00
TCK-0106-04,CUST-0106,Performance Issue,High,Closed,True,44.4,1.0,2025-09-19 00:00:00
TCK-0106-05,CUST-0106,Technical Bug,Urgent,Resolved,False,34.8,3.0,2026-03-16 00:00:00
TCK-0106-06,CUST-0106,Performance Issue,Urgent,Resolved,False,59.7,5.0,2026-06-10 00:00:00
TCK-0106-07,CUST-0106,Billing,Low,Resolved,False,22.8,3.0,2025-11-03 00:00:00
TCK-0106-08,CUST-0106,Technical Bug,Urgent,Closed,True,41.9,1.0,2026-06-25 00:00:00
TCK-0106-09,CUST-0106,Performance Issue,Urgent,In Progress,False,-1.0,3.0,2026-05-05 00:00:00
TCK-0106-10,CUST-0106,Feature Request,Low,Closed,False,14.1,5.0,2025-12-02 00:00:00
TCK-0107-01,CUST-0107,Performance Issue,Medium,Closed,False,10.3,5.0,2026-02-10 00:00:00
TCK-0107-02,CUST-0107,Feature Request,Urgent,Resolved,False,52.8,5.0,2026-06-11 00:00:00
TCK-0107-03,CUST-0107,Billing,Medium,In Progress,False,-1.0,1.0,2026-01-10 00:00:00
TCK-0107-04,CUST-0107,Technical Bug,Medium,Resolved,False,19.0,5.0,2026-05-20 00:00:00
TCK-0107-05,CUST-0107,Performance Issue,Medium,Escalation Pending,True,-1.0,2.0,2025-10-28 00:00:00
TCK-0107-06,CUST-0107,Technical Bug,High,Closed,False,18.3,5.0,2025-09-26 00:00:00
TCK-0107-07,CUST-0107,Performance Issue,Urgent,Closed,False,53.4,5.0,2026-04-14 00:00:00
TCK-0108-01,CUST-0108,Performance Issue,Urgent,Resolved,True,66.5,2.0,2025-11-29 00:00:00
TCK-0108-02,CUST-0108,Feature Request,Urgent,Resolved,False,62.9,4.0,2026-06-21 00:00:00
TCK-0109-01,CUST-0109,Performance Issue,Medium,Closed,False,5.4,5.0,2026-04-24 00:00:00
TCK-0109-02,CUST-0109,Performance Issue,Low,In Progress,False,-1.0,2.0,2025-06-23 00:00:00
TCK-0109-03,CUST-0109,Technical Bug,High,Resolved,True,40.4,2.0,2025-04-20 00:00:00
TCK-0109-04,CUST-0109,Feature Request,Urgent,Closed,False,55.3,5.0,2025-08-13 00:00:00
TCK-0109-05,CUST-0109,Feature Request,Urgent,Closed,False,41.3,4.0,2025-09-28 00:00:00
TCK-0109-06,CUST-0109,Billing,High,In Progress,False,-1.0,3.0,2025-04-24 00:00:00
TCK-0109-07,CUST-0109,Billing,Urgent,In Progress,False,-1.0,1.0,2025-12-17 00:00:00
TCK-0110-01,CUST-0110,Feature Request,Low,Closed,False,6.4,5.0,2025-11-03 00:00:00
TCK-0110-02,CUST-0110,Billing,Low,Closed,False,22.9,4.0,2026-01-10 00:00:00
TCK-0110-03,CUST-0110,Billing,High,Resolved,False,23.4,5.0,2025-08-27 00:00:00
TCK-0110-04,CUST-0110,Account Access,Medium,Closed,False,6.5,5.0,2026-05-23 00:00:00
TCK-0111-01,CUST-0111,Account Access,Medium,Closed,True,19.4,3.0,2026-02-13 00:00:00
TCK-0111-02,CUST-0111,Billing,Urgent,Resolved,False,6.7,5.0,2026-03-31 00:00:00
TCK-0112-01,CUST-0112,Feature Request,Low,Escalation Pending,False,-1.0,3.0,2026-06-10 00:00:00
TCK-0112-02,CUST-0112,Billing,Low,In Progress,True,-1.0,2.0,2025-10-29 00:00:00
TCK-0112-03,CUST-0112,Feature Request,Medium,In Progress,True,-1.0,2.0,2026-01-07 00:00:00
TCK-0112-04,CUST-0112,Account Access,Medium,In Progress,False,-1.0,1.0,2026-01-07 00:00:00
TCK-0112-05,CUST-0112,Account Access,Urgent,Resolved,False,68.1,5.0,2025-06-16 00:00:00
TCK-0112-06,CUST-0112,Technical Bug,High,Closed,False,8.1,5.0,2025-11-14 00:00:00
TCK-0112-07,CUST-0112,Performance Issue,Medium,Closed,False,11.4,5.0,2026-06-01 00:00:00
TCK-0113-01,CUST-0113,Technical Bug,Medium,Closed,False,11.5,4.0,2026-04-11 00:00:00
TCK-0113-02,CUST-0113,Performance Issue,Medium,Resolved,False,6.1,4.0,2026-04-30 00:00:00
TCK-0113-03,CUST-0113,Billing,High,Escalation Pending,False,-1.0,2.0,2026-01-11 00:00:00
TCK-0113-04,CUST-0113,Feature Request,High,Closed,True,9.5,1.0,2025-11-01 00:00:00
TCK-0113-05,CUST-0113,Performance Issue,High,Closed,False,43.7,4.0,2026-04-19 00:00:00
TCK-0113-06,CUST-0113,Billing,High,Escalation Pending,True,-1.0,1.0,2026-03-03 00:00:00
TCK-0113-07,CUST-0113,Performance Issue,Urgent,In Progress,False,-1.0,1.0,2026-06-01 00:00:00
TCK-0113-08,CUST-0113,Feature Request,Urgent,Closed,False,15.5,3.0,2026-02-07 00:00:00
TCK-0113-09,CUST-0113,Billing,High,Closed,False,54.0,4.0,2026-05-07 00:00:00
TCK-0113-10,CUST-0113,Technical Bug,Low,Escalation Pending,False,-1.0,3.0,2026-02-28 00:00:00
TCK-0114-01,CUST-0114,Feature Request,Low,Escalation Pending,False,-1.0,2.0,2025-08-05 00:00:00
TCK-0114-02,CUST-0114,Technical Bug,Urgent,Resolved,False,41.0,3.0,2025-10-20 00:00:00
TCK-0114-03,CUST-0114,Account Access,Urgent,In Progress,False,-1.0,2.0,2026-03-08 00:00:00
TCK-0114-04,CUST-0114,Technical Bug,Urgent,Resolved,True,50.3,1.0,2026-03-09 00:00:00
TCK-0114-05,CUST-0114,Feature Request,Low,Resolved,False,6.0,4.0,2026-02-01 00:00:00
TCK-0114-06,CUST-0114,Feature Request,High,Closed,False,33.8,4.0,2026-03-04 00:00:00
TCK-0114-07,CUST-0114,Billing,High,Closed,True,52.3,1.0,2025-08-30 00:00:00
TCK-0115-01,CUST-0115,Performance Issue,Medium,Escalation Pending,False,-1.0,1.0,2025-10-12 00:00:00
TCK-0115-02,CUST-0115,Account Access,Medium,Closed,False,5.9,3.0,2026-02-16 00:00:00
TCK-0115-03,CUST-0115,Account Access,High,Escalation Pending,False,-1.0,2.0,2026-06-02 00:00:00
TCK-0115-04,CUST-0115,Technical Bug,Low,Closed,False,2.1,5.0,2025-07-23 00:00:00
TCK-0115-05,CUST-0115,Feature Request,Urgent,Resolved,False,44.6,5.0,2025-11-15 00:00:00
TCK-0115-06,CUST-0115,Technical Bug,Urgent,Escalation Pending,False,-1.0,1.0,2026-05-20 00:00:00
TCK-0115-07,CUST-0115,Performance Issue,Low,In Progress,False,-1.0,3.0,2026-06-03 00:00:00
TCK-0115-08,CUST-0115,Performance Issue,Medium,Closed,True,3.2,2.0,2025-08-04 00:00:00
TCK-0115-09,CUST-0115,Technical Bug,Low,In Progress,False,-1.0,2.0,2025-08-30 00:00:00
TCK-0115-10,CUST-0115,Billing,Low,Closed,False,5.5,5.0,2026-05-25 00:00:00
TCK-0116-01,CUST-0116,Account Access,Urgent,Escalation Pending,False,-1.0,3.0,2025-07-07 00:00:00
TCK-0116-02,CUST-0116,Account Access,Urgent,In Progress,True,-1.0,2.0,2026-02-28 00:00:00
TCK-0116-03,CUST-0116,Feature Request,Medium,Resolved,False,4.4,3.0,2026-02-06 00:00:00
TCK-0116-04,CUST-0116,Performance Issue,High,In Progress,False,-1.0,2.0,2026-02-28 00:00:00
TCK-0116-05,CUST-0116,Performance Issue,High,Escalation Pending,False,-1.0,3.0,2026-06-12 00:00:00
TCK-0116-06,CUST-0116,Feature Request,Urgent,Closed,False,51.6,4.0,2025-06-04 00:00:00
TCK-0116-07,CUST-0116,Billing,Low,Resolved,False,18.2,4.0,2026-04-15 00:00:00
TCK-0117-01,CUST-0117,Technical Bug,High,Resolved,True,23.5,3.0,2026-01-26 00:00:00
TCK-0117-02,CUST-0117,Account Access,Low,In Progress,False,-1.0,2.0,2025-11-08 00:00:00
TCK-0118-01,CUST-0118,Billing,Medium,Escalation Pending,False,-1.0,3.0,2026-02-22 00:00:00
TCK-0118-02,CUST-0118,Feature Request,Urgent,Resolved,False,60.5,5.0,2026-06-20 00:00:00
TCK-0118-03,CUST-0118,Account Access,Low,In Progress,False,-1.0,2.0,2025-10-07 00:00:00
TCK-0118-04,CUST-0118,Technical Bug,High,In Progress,False,-1.0,2.0,2026-06-04 00:00:00
TCK-0118-05,CUST-0118,Technical Bug,Urgent,Resolved,True,62.5,2.0,2026-02-12 00:00:00
TCK-0118-06,CUST-0118,Billing,High,Escalation Pending,False,-1.0,1.0,2026-03-13 00:00:00
TCK-0118-07,CUST-0118,Feature Request,High,In Progress,True,-1.0,1.0,2025-10-31 00:00:00
TCK-0118-08,CUST-0118,Account Access,Low,Resolved,False,11.8,3.0,2026-05-09 00:00:00
TCK-0118-09,CUST-0118,Performance Issue,Medium,Escalation Pending,False,-1.0,3.0,2026-05-30 00:00:00
TCK-0119-01,CUST-0119,Feature Request,Urgent,Resolved,False,2.3,3.0,2026-04-03 00:00:00
TCK-0119-02,CUST-0119,Performance Issue,Low,Resolved,False,4.3,5.0,2025-04-28 00:00:00
TCK-0120-01,CUST-0120,Account Access,High,Resolved,False,21.1,4.0,2025-08-28 00:00:00
TCK-0120-02,CUST-0120,Billing,Low,Resolved,False,6.5,5.0,2026-01-16 00:00:00
TCK-0120-03,CUST-0120,Account Access,High,In Progress,True,-1.0,3.0,2025-08-13 00:00:00
TCK-0120-04,CUST-0120,Technical Bug,Low,In Progress,False,-1.0,3.0,2025-11-23 00:00:00
TCK-0120-05,CUST-0120,Billing,Medium,Resolved,True,4.3,1.0,2025-05-24 00:00:00
TCK-0120-06,CUST-0120,Feature Request,Urgent,Escalation Pending,True,-1.0,3.0,2025-10-09 00:00:00
TCK-0121-01,CUST-0121,Billing,Urgent,In Progress,True,-1.0,3.0,2026-06-14 00:00:00
TCK-0121-02,CUST-0121,Feature Request,Medium,Closed,False,20.9,5.0,2026-04-23 00:00:00
TCK-0121-03,CUST-0121,Feature Request,Medium,In Progress,False,-1.0,2.0,2026-06-08 00:00:00
TCK-0121-04,CUST-0121,Feature Request,Low,Resolved,True,9.7,2.0,2026-01-14 00:00:00
TCK-0122-01,CUST-0122,Billing,High,Resolved,False,57.5,5.0,2025-09-16 00:00:00
TCK-0122-02,CUST-0122,Performance Issue,Urgent,Closed,True,40.4,2.0,2025-09-07 00:00:00
TCK-0122-03,CUST-0122,Billing,High,Escalation Pending,True,-1.0,2.0,2025-12-10 00:00:00
TCK-0122-04,CUST-0122,Account Access,Medium,Resolved,False,18.3,5.0,2025-04-22 00:00:00
TCK-0122-05,CUST-0122,Performance Issue,Urgent,Resolved,True,59.5,1.0,2025-07-30 00:00:00
TCK-0122-06,CUST-0122,Feature Request,Low,Escalation Pending,False,-1.0,2.0,2025-11-03 00:00:00
TCK-0122-07,CUST-0122,Billing,Low,Closed,True,21.5,3.0,2026-04-13 00:00:00
TCK-0122-08,CUST-0122,Billing,Medium,Escalation Pending,False,-1.0,3.0,2025-07-22 00:00:00
TCK-0123-01,CUST-0123,Account Access,Low,Escalation Pending,False,-1.0,1.0,2025-11-03 00:00:00
TCK-0123-02,CUST-0123,Billing,High,Resolved,False,2.1,5.0,2025-08-01 00:00:00
TCK-0123-03,CUST-0123,Account Access,Low,Escalation Pending,False,-1.0,3.0,2025-11-15 00:00:00
TCK-0123-04,CUST-0123,Feature Request,Urgent,Closed,False,48.4,5.0,2025-08-16 00:00:00
TCK-0123-05,CUST-0123,Technical Bug,Urgent,In Progress,False,-1.0,2.0,2025-08-23 00:00:00
TCK-0123-06,CUST-0123,Account Access,Medium,Resolved,False,16.3,4.0,2026-06-10 00:00:00
TCK-0123-07,CUST-0123,Feature Request,Urgent,Closed,False,7.9,5.0,2026-01-25 00:00:00
TCK-0123-08,CUST-0123,Performance Issue,Urgent,Escalation Pending,False,-1.0,3.0,2026-01-09 00:00:00
TCK-0124-01,CUST-0124,Performance Issue,Low,Closed,False,17.7,5.0,2025-11-03 00:00:00
TCK-0124-02,CUST-0124,Performance Issue,High,Resolved,True,41.8,3.0,2025-10-12 00:00:00
TCK-0124-03,CUST-0124,Billing,Urgent,Resolved,False,11.9,5.0,2025-12-01 00:00:00
TCK-0124-04,CUST-0124,Performance Issue,Low,Resolved,False,7.4,3.0,2026-03-23 00:00:00
TCK-0124-05,CUST-0124,Performance Issue,High,In Progress,False,-1.0,3.0,2026-05-10 00:00:00
TCK-0124-06,CUST-0124,Billing,Urgent,Escalation Pending,False,-1.0,3.0,2026-04-17 00:00:00
TCK-0124-07,CUST-0124,Account Access,Urgent,In Progress,False,-1.0,2.0,2025-07-01 00:00:00
TCK-0124-08,CUST-0124,Billing,High,In Progress,False,-1.0,1.0,2026-02-23 00:00:00
TCK-0125-01,CUST-0125,Feature Request,Low,Resolved,False,20.7,5.0,2025-09-30 00:00:00
TCK-0125-02,CUST-0125,Technical Bug,High,In Progress,True,-1.0,1.0,2025-05-09 00:00:00
TCK-0125-03,CUST-0125,Performance Issue,Medium,Closed,False,16.5,5.0,2025-07-13 00:00:00
TCK-0125-04,CUST-0125,Account Access,Medium,Resolved,False,9.5,3.0,2025-06-12 00:00:00
TCK-0125-05,CUST-0125,Performance Issue,Medium,Escalation Pending,False,-1.0,2.0,2025-09-15 00:00:00
TCK-0125-06,CUST-0125,Feature Request,Medium,In Progress,False,-1.0,1.0,2025-10-12 00:00:00
TCK-0126-01,CUST-0126,Technical Bug,Urgent,Escalation Pending,False,-1.0,2.0,2026-01-14 00:00:00
TCK-0126-02,CUST-0126,Technical Bug,Urgent,Escalation Pending,True,-1.0,2.0,2026-02-10 00:00:00
TCK-0126-03,CUST-0126,Performance Issue,Low,In Progress,True,-1.0,2.0,2026-01-19 00:00:00
TCK-0126-04,CUST-0126,Account Access,High,Resolved,True,19.9,3.0,2026-03-21 00:00:00
TCK-0126-05,CUST-0126,Feature Request,Medium,Closed,False,13.4,4.0,2026-02-09 00:00:00
TCK-0126-06,CUST-0126,Performance Issue,Low,Resolved,False,2.3,3.0,2026-05-28 00:00:00
TCK-0126-07,CUST-0126,Billing,Urgent,In Progress,False,-1.0,2.0,2025-12-09 00:00:00
TCK-0126-08,CUST-0126,Billing,Low,Resolved,False,22.6,4.0,2025-11-03 00:00:00
TCK-0126-09,CUST-0126,Billing,Low,Closed,False,10.3,4.0,2025-10-28 00:00:00
TCK-0126-10,CUST-0126,Technical Bug,High,Resolved,True,46.7,2.0,2026-04-08 00:00:00
TCK-0127-01,CUST-0127,Account Access,High,Resolved,True,36.4,1.0,2026-04-29 00:00:00
TCK-0127-02,CUST-0127,Feature Request,Medium,Resolved,False,5.2,5.0,2025-10-10 00:00:00
TCK-0128-01,CUST-0128,Feature Request,Low,Closed,False,16.4,3.0,2026-05-30 00:00:00
TCK-0128-02,CUST-0128,Billing,Urgent,In Progress,True,-1.0,2.0,2025-11-28 00:00:00
TCK-0128-03,CUST-0128,Billing,Urgent,Escalation Pending,False,-1.0,3.0,2026-03-13 00:00:00
TCK-0128-04,CUST-0128,Billing,Medium,Escalation Pending,True,-1.0,1.0,2025-11-24 00:00:00
TCK-0128-05,CUST-0128,Performance Issue,High,In Progress,True,-1.0,2.0,2025-03-07 00:00:00
TCK-0128-06,CUST-0128,Billing,High,In Progress,False,-1.0,1.0,2026-04-13 00:00:00
TCK-0129-01,CUST-0129,Account Access,Urgent,In Progress,False,-1.0,2.0,2025-08-29 00:00:00
TCK-0129-02,CUST-0129,Feature Request,Medium,Closed,False,2.6,4.0,2026-03-24 00:00:00
TCK-0129-03,CUST-0129,Feature Request,Low,In Progress,False,-1.0,2.0,2026-04-16 00:00:00
TCK-0129-04,CUST-0129,Feature Request,Low,Resolved,True,9.4,3.0,2025-08-07 00:00:00
TCK-0129-05,CUST-0129,Feature Request,Low,Escalation Pending,False,-1.0,3.0,2026-04-17 00:00:00
TCK-0130-01,CUST-0130,Billing,Urgent,Resolved,False,19.0,4.0,2025-03-22 00:00:00
TCK-0130-02,CUST-0130,Technical Bug,Low,Resolved,False,12.0,4.0,2026-05-16 00:00:00
TCK-0130-03,CUST-0130,Performance Issue,Low,Resolved,False,4.5,4.0,2025-04-16 00:00:00
TCK-0130-04,CUST-0130,Technical Bug,Urgent,Escalation Pending,True,-1.0,2.0,2025-05-15 00:00:00
TCK-0130-05,CUST-0130,Performance Issue,Medium,Closed,False,18.8,4.0,2025-09-02 00:00:00
TCK-0130-06,CUST-0130,Billing,Low,Escalation Pending,True,-1.0,1.0,2026-03-06 00:00:00
TCK-0130-07,CUST-0130,Account Access,Medium,Resolved,False,4.9,5.0,2026-04-17 00:00:00
TCK-0130-08,CUST-0130,Technical Bug,Low,Resolved,False,2.1,4.0,2025-04-29 00:00:00
TCK-0130-09,CUST-0130,Performance Issue,High,Escalation Pending,False,-1.0,3.0,2025-05-18 00:00:00
TCK-0131-01,CUST-0131,Performance Issue,Low,Escalation Pending,False,-1.0,3.0,2025-06-18 00:00:00
TCK-0131-02,CUST-0131,Account Access,High,Closed,False,15.4,3.0,2026-03-16 00:00:00
TCK-0131-03,CUST-0131,Account Access,Medium,Closed,False,8.1,4.0,2025-06-30 00:00:00
TCK-0131-04,CUST-0131,Technical Bug,Urgent,Closed,False,48.9,3.0,2025-05-31 00:00:00
TCK-0132-01,CUST-0132,Billing,Low,Closed,False,5.5,3.0,2026-02-25 00:00:00
TCK-0132-02,CUST-0132,Performance Issue,Low,Closed,True,17.9,3.0,2026-04-14 00:00:00
TCK-0132-03,CUST-0132,Account Access,Urgent,In Progress,True,-1.0,1.0,2025-08-17 00:00:00
TCK-0132-04,CUST-0132,Account Access,Medium,Escalation Pending,True,-1.0,1.0,2025-12-31 00:00:00
TCK-0132-05,CUST-0132,Technical Bug,Low,Escalation Pending,False,-1.0,1.0,2026-01-31 00:00:00
TCK-0132-06,CUST-0132,Technical Bug,Medium,Escalation Pending,False,-1.0,1.0,2026-01-06 00:00:00
TCK-0132-07,CUST-0132,Account Access,Medium,Closed,False,15.9,5.0,2025-10-03 00:00:00
TCK-0132-08,CUST-0132,Account Access,Medium,Resolved,True,8.2,1.0,2026-02-15 00:00:00
TCK-0132-09,CUST-0132,Feature Request,Urgent,In Progress,True,-1.0,1.0,2025-11-20 00:00:00
TCK-0133-01,CUST-0133,Feature Request,Urgent,Closed,False,43.4,5.0,2025-09-18 00:00:00
TCK-0133-02,CUST-0133,Billing,Urgent,Closed,False,19.3,5.0,2026-02-19 00:00:00
TCK-0133-03,CUST-0133,Technical Bug,Medium,Resolved,False,11.2,3.0,2025-05-19 00:00:00
TCK-0134-01,CUST-0134,Billing,Urgent,Resolved,False,41.1,3.0,2026-02-15 00:00:00
TCK-0134-02,CUST-0134,Technical Bug,Medium,Closed,False,16.2,3.0,2025-07-30 00:00:00
TCK-0134-03,CUST-0134,Feature Request,High,Escalation Pending,True,-1.0,3.0,2026-05-16 00:00:00
TCK-0134-04,CUST-0134,Billing,Urgent,Closed,False,63.2,5.0,2025-10-24 00:00:00
TCK-0134-05,CUST-0134,Account Access,Urgent,Resolved,False,62.2,3.0,2026-02-04 00:00:00
TCK-0134-06,CUST-0134,Account Access,Low,In Progress,False,-1.0,3.0,2026-05-31 00:00:00
TCK-0134-07,CUST-0134,Performance Issue,Medium,Resolved,False,15.7,5.0,2025-08-19 00:00:00
TCK-0134-08,CUST-0134,Performance Issue,High,Resolved,False,28.8,5.0,2026-06-03 00:00:00
TCK-0134-09,CUST-0134,Billing,High,Resolved,False,41.3,4.0,2025-09-30 00:00:00
TCK-0135-01,CUST-0135,Account Access,High,Escalation Pending,False,-1.0,2.0,2025-05-16 00:00:00
TCK-0135-02,CUST-0135,Billing,High,Escalation Pending,True,-1.0,3.0,2026-01-13 00:00:00
TCK-0135-03,CUST-0135,Billing,Urgent,In Progress,False,-1.0,2.0,2026-03-02 00:00:00
TCK-0135-04,CUST-0135,Account Access,Low,Escalation Pending,False,-1.0,1.0,2025-05-30 00:00:00
TCK-0135-05,CUST-0135,Feature Request,Medium,Resolved,False,4.4,5.0,2025-06-15 00:00:00
TCK-0136-01,CUST-0136,Performance Issue,Medium,Escalation Pending,False,-1.0,2.0,2026-06-13 00:00:00
TCK-0136-02,CUST-0136,Billing,High,Resolved,True,63.0,1.0,2026-02-22 00:00:00
TCK-0136-03,CUST-0136,Account Access,Urgent,In Progress,False,-1.0,2.0,2026-03-31 00:00:00
TCK-0136-04,CUST-0136,Performance Issue,Urgent,Closed,False,64.9,5.0,2025-08-27 00:00:00
TCK-0136-05,CUST-0136,Account Access,Medium,In Progress,False,-1.0,1.0,2025-08-15 00:00:00
TCK-0136-06,CUST-0136,Account Access,High,Closed,False,45.3,4.0,2026-05-31 00:00:00
TCK-0136-07,CUST-0136,Performance Issue,High,Closed,True,60.8,3.0,2026-05-08 00:00:00
TCK-0136-08,CUST-0136,Technical Bug,Medium,Resolved,False,23.9,4.0,2026-01-12 00:00:00
TCK-0137-01,CUST-0137,Technical Bug,High,Closed,False,39.4,3.0,2025-06-25 00:00:00
TCK-0137-02,CUST-0137,Feature Request,Urgent,Escalation Pending,False,-1.0,2.0,2025-08-31 00:00:00
TCK-0137-03,CUST-0137,Billing,High,In Progress,False,-1.0,2.0,2025-11-08 00:00:00
TCK-0137-04,CUST-0137,Performance Issue,Medium,Escalation Pending,False,-1.0,2.0,2026-05-31 00:00:00
TCK-0137-05,CUST-0137,Billing,Urgent,Closed,False,49.5,3.0,2025-11-17 00:00:00
TCK-0137-06,CUST-0137,Billing,Urgent,Closed,False,33.2,3.0,2025-11-27 00:00:00
TCK-0137-07,CUST-0137,Billing,Medium,Closed,False,19.2,5.0,2025-09-21 00:00:00
TCK-0138-01,CUST-0138,Feature Request,Medium,Resolved,False,22.0,5.0,2025-09-06 00:00:00
TCK-0138-02,CUST-0138,Technical Bug,Urgent,In Progress,False,-1.0,1.0,2025-07-10 00:00:00
TCK-0138-03,CUST-0138,Account Access,High,Escalation Pending,True,-1.0,3.0,2025-03-31 00:00:00
TCK-0138-04,CUST-0138,Technical Bug,Urgent,Escalation Pending,False,-1.0,2.0,2025-07-12 00:00:00
TCK-0138-05,CUST-0138,Technical Bug,Urgent,Escalation Pending,False,-1.0,1.0,2026-04-18 00:00:00
TCK-0138-06,CUST-0138,Performance Issue,Low,In Progress,False,-1.0,2.0,2026-05-05 00:00:00
TCK-0138-07,CUST-0138,Performance Issue,High,Escalation Pending,True,-1.0,1.0,2025-02-18 00:00:00
TCK-0138-08,CUST-0138,Feature Request,High,Escalation Pending,False,-1.0,3.0,2025-12-02 00:00:00
TCK-0138-09,CUST-0138,Technical Bug,Medium,Escalation Pending,False,-1.0,2.0,2025-11-25 00:00:00
TCK-0138-10,CUST-0138,Feature Request,Low,In Progress,False,-1.0,3.0,2025-07-20 00:00:00
TCK-0139-01,CUST-0139,Billing,High,Escalation Pending,False,-1.0,3.0,2026-04-30 00:00:00
TCK-0139-02,CUST-0139,Technical Bug,Low,In Progress,False,-1.0,2.0,2025-07-08 00:00:00
TCK-0139-03,CUST-0139,Performance Issue,High,Escalation Pending,False,-1.0,2.0,2026-04-21 00:00:00
TCK-0139-04,CUST-0139,Feature Request,Low,Resolved,False,20.6,4.0,2026-03-28 00:00:00
TCK-0139-05,CUST-0139,Billing,Medium,Closed,True,9.9,1.0,2025-10-21 00:00:00
TCK-0139-06,CUST-0139,Account Access,Urgent,In Progress,False,-1.0,1.0,2025-10-30 00:00:00
TCK-0139-07,CUST-0139,Account Access,Low,Closed,False,18.8,4.0,2026-03-09 00:00:00
TCK-0139-08,CUST-0139,Account Access,High,In Progress,False,-1.0,2.0,2026-05-20 00:00:00
TCK-0139-09,CUST-0139,Account Access,Low,In Progress,False,-1.0,1.0,2025-06-10 00:00:00
TCK-0140-01,CUST-0140,Technical Bug,Medium,Resolved,False,11.2,3.0,2025-04-23 00:00:00
TCK-0140-02,CUST-0140,Technical Bug,Low,In Progress,False,-1.0,3.0,2025-08-27 00:00:00
TCK-0140-03,CUST-0140,Technical Bug,Urgent,In Progress,False,-1.0,1.0,2026-02-21 00:00:00
TCK-0140-04,CUST-0140,Account Access,Low,Resolved,False,6.9,4.0,2026-02-10 00:00:00
TCK-0140-05,CUST-0140,Technical Bug,High,Closed,True,70.7,2.0,2026-02-11 00:00:00
TCK-0141-01,CUST-0141,Performance Issue,Low,In Progress,False,-1.0,1.0,2025-03-31 00:00:00
TCK-0141-02,CUST-0141,Account Access,Low,Resolved,False,22.2,4.0,2025-12-23 00:00:00
TCK-0142-01,CUST-0142,Performance Issue,High,Closed,False,37.3,3.0,2025-05-06 00:00:00
TCK-0142-02,CUST-0142,Performance Issue,Low,Closed,False,23.2,4.0,2026-06-21 00:00:00
TCK-0142-03,CUST-0142,Performance Issue,Low,Resolved,False,22.3,5.0,2025-09-20 00:00:00
TCK-0142-04,CUST-0142,Performance Issue,Medium,Resolved,False,6.0,5.0,2025-09-27 00:00:00
TCK-0142-05,CUST-0142,Feature Request,Medium,Escalation Pending,False,-1.0,1.0,2026-04-10 00:00:00
TCK-0142-06,CUST-0142,Account Access,Low,Closed,False,12.9,5.0,2026-03-12 00:00:00
TCK-0143-01,CUST-0143,Account Access,Urgent,In Progress,False,-1.0,3.0,2026-05-06 00:00:00
TCK-0143-02,CUST-0143,Feature Request,Medium,In Progress,False,-1.0,2.0,2025-06-06 00:00:00
TCK-0143-03,CUST-0143,Billing,Urgent,In Progress,False,-1.0,1.0,2025-03-08 00:00:00
TCK-0143-04,CUST-0143,Feature Request,Low,Resolved,False,4.6,5.0,2025-09-23 00:00:00
TCK-0143-05,CUST-0143,Performance Issue,Low,Closed,False,3.4,4.0,2025-08-22 00:00:00
TCK-0143-06,CUST-0143,Technical Bug,Urgent,Escalation Pending,True,-1.0,3.0,2025-11-12 00:00:00
TCK-0143-07,CUST-0143,Account Access,High,Escalation Pending,False,-1.0,2.0,2025-10-31 00:00:00
TCK-0143-08,CUST-0143,Performance Issue,Urgent,In Progress,False,-1.0,1.0,2026-03-30 00:00:00
TCK-0144-01,CUST-0144,Billing,Low,Resolved,False,23.4,5.0,2025-12-17 00:00:00
TCK-0144-02,CUST-0144,Technical Bug,High,Resolved,False,55.2,5.0,2026-05-09 00:00:00
TCK-0144-03,CUST-0144,Technical Bug,High,Escalation Pending,False,-1.0,3.0,2025-10-11 00:00:00
TCK-0145-01,CUST-0145,Feature Request,Urgent,Escalation Pending,True,-1.0,2.0,2026-04-02 00:00:00
TCK-0145-02,CUST-0145,Billing,Low,In Progress,True,-1.0,3.0,2025-11-02 00:00:00
TCK-0145-03,CUST-0145,Feature Request,Urgent,Escalation Pending,True,-1.0,2.0,2025-10-05 00:00:00
TCK-0146-01,CUST-0146,Billing,Urgent,Escalation Pending,True,-1.0,3.0,2026-03-04 00:00:00
TCK-0146-02,CUST-0146,Account Access,High,Resolved,True,43.3,1.0,2026-05-25 00:00:00
TCK-0146-03,CUST-0146,Account Access,High,Resolved,False,55.6,5.0,2025-10-03 00:00:00
TCK-0146-04,CUST-0146,Billing,Urgent,In Progress,True,-1.0,2.0,2025-09-18 00:00:00
TCK-0146-05,CUST-0146,Billing,Medium,In Progress,True,-1.0,3.0,2025-05-05 00:00:00
TCK-0146-06,CUST-0146,Billing,High,Closed,True,3.4,2.0,2025-04-11 00:00:00
TCK-0146-07,CUST-0146,Feature Request,Urgent,Escalation Pending,False,-1.0,2.0,2025-04-02 00:00:00
TCK-0146-08,CUST-0146,Feature Request,Low,Escalation Pending,False,-1.0,3.0,2025-10-08 00:00:00
TCK-0146-09,CUST-0146,Account Access,Low,Resolved,False,17.2,4.0,2025-09-11 00:00:00
TCK-0146-10,CUST-0146,Feature Request,High,In Progress,True,-1.0,2.0,2025-11-01 00:00:00
TCK-0147-01,CUST-0147,Account Access,Urgent,Resolved,False,52.2,3.0,2026-03-16 00:00:00
TCK-0147-02,CUST-0147,Account Access,High,Escalation Pending,True,-1.0,2.0,2025-09-01 00:00:00
TCK-0148-01,CUST-0148,Account Access,Medium,In Progress,False,-1.0,3.0,2026-05-01 00:00:00
TCK-0148-02,CUST-0148,Feature Request,Medium,Closed,False,14.7,4.0,2026-04-07 00:00:00
TCK-0148-03,CUST-0148,Account Access,Urgent,Resolved,False,38.6,5.0,2026-04-04 00:00:00
TCK-0148-04,CUST-0148,Technical Bug,Medium,In Progress,False,-1.0,2.0,2026-03-09 00:00:00
TCK-0148-05,CUST-0148,Account Access,Low,Escalation Pending,False,-1.0,2.0,2026-01-04 00:00:00
TCK-0148-06,CUST-0148,Technical Bug,High,Closed,False,30.4,3.0,2025-10-26 00:00:00
TCK-0148-07,CUST-0148,Technical Bug,Low,In Progress,False,-1.0,2.0,2026-04-16 00:00:00
TCK-0148-08,CUST-0148,Performance Issue,Urgent,Resolved,False,16.1,5.0,2025-10-19 00:00:00
TCK-0148-09,CUST-0148,Billing,High,In Progress,False,-1.0,3.0,2026-05-19 00:00:00
TCK-0148-10,CUST-0148,Technical Bug,Low,Escalation Pending,False,-1.0,1.0,2025-09-08 00:00:00
TCK-0149-01,CUST-0149,Account Access,Low,Closed,False,7.2,3.0,2025-10-18 00:00:00
TCK-0149-02,CUST-0149,Feature Request,Low,Resolved,False,19.0,5.0,2026-01-06 00:00:00
TCK-0149-03,CUST-0149,Performance Issue,Urgent,Closed,False,67.5,4.0,2025-06-30 00:00:00
TCK-0149-04,CUST-0149,Billing,Medium,In Progress,True,-1.0,2.0,2026-03-28 00:00:00
TCK-0149-05,CUST-0149,Account Access,Low,In Progress,False,-1.0,3.0,2025-05-29 00:00:00
TCK-0149-06,CUST-0149,Account Access,Urgent,Closed,False,69.4,4.0,2026-02-09 00:00:00
TCK-0149-07,CUST-0149,Feature Request,High,Resolved,False,47.2,3.0,2025-03-30 00:00:00
TCK-0149-08,CUST-0149,Technical Bug,High,In Progress,False,-1.0,3.0,2026-02-09 00:00:00
TCK-0150-01,CUST-0150,Account Access,Low,Closed,False,8.5,4.0,2026-03-03 00:00:00
TCK-0150-02,CUST-0150,Account Access,Urgent,In Progress,False,-1.0,1.0,2026-03-30 00:00:00
TCK-0150-03,CUST-0150,Feature Request,Urgent,In Progress,False,-1.0,3.0,2026-02-23 00:00:00
TCK-0150-04,CUST-0150,Billing,Medium,Resolved,False,9.7,5.0,2026-03-11 00:00:00
TCK-0150-05,CUST-0150,Billing,Low,Closed,False,15.9,4.0,2025-07-23 00:00:00
TCK-0150-06,CUST-0150,Feature Request,Medium,In Progress,False,-1.0,3.0,2025-09-02 00:00:00
TCK-0151-01,CUST-0151,Account Access,Urgent,Closed,False,20.2,5.0,2026-04-22 00:00:00
TCK-0151-02,CUST-0151,Account Access,Medium,In Progress,True,-1.0,1.0,2025-09-26 00:00:00
TCK-0151-03,CUST-0151,Feature Request,Medium,Resolved,True,22.3,3.0,2026-01-16 00:00:00
TCK-0151-04,CUST-0151,Technical Bug,Low,Closed,False,7.8,4.0,2025-04-03 00:00:00
TCK-0151-05,CUST-0151,Feature Request,Urgent,Closed,False,8.2,5.0,2025-06-04 00:00:00
TCK-0151-06,CUST-0151,Performance Issue,Low,Escalation Pending,True,-1.0,2.0,2026-05-06 00:00:00
TCK-0151-07,CUST-0151,Feature Request,Low,Closed,False,6.2,5.0,2025-08-03 00:00:00
TCK-0151-08,CUST-0151,Feature Request,Urgent,Closed,True,44.0,2.0,2026-03-16 00:00:00
TCK-0152-01,CUST-0152,Performance Issue,Urgent,In Progress,False,-1.0,3.0,2026-05-01 00:00:00
TCK-0152-02,CUST-0152,Feature Request,Low,Closed,True,21.2,3.0,2025-12-05 00:00:00
TCK-0152-03,CUST-0152,Technical Bug,Urgent,In Progress,False,-1.0,1.0,2025-07-03 00:00:00
TCK-0152-04,CUST-0152,Performance Issue,Low,Closed,True,12.4,2.0,2026-03-22 00:00:00
TCK-0152-05,CUST-0152,Performance Issue,Low,Escalation Pending,True,-1.0,2.0,2025-12-04 00:00:00
TCK-0153-01,CUST-0153,Feature Request,High,Closed,False,8.3,5.0,2025-06-09 00:00:00
TCK-0153-02,CUST-0153,Account Access,Low,Closed,False,13.0,5.0,2026-04-15 00:00:00
TCK-0153-03,CUST-0153,Account Access,Urgent,In Progress,True,-1.0,3.0,2026-05-27 00:00:00
TCK-0153-04,CUST-0153,Account Access,High,Closed,False,24.1,5.0,2026-04-24 00:00:00
TCK-0153-05,CUST-0153,Technical Bug,Urgent,Closed,True,5.8,1.0,2025-04-16 00:00:00
TCK-0153-06,CUST-0153,Feature Request,High,Escalation Pending,True,-1.0,2.0,2025-05-27 00:00:00
TCK-0153-07,CUST-0153,Feature Request,Low,Escalation Pending,False,-1.0,2.0,2025-12-06 00:00:00
TCK-0153-08,CUST-0153,Billing,Medium,Resolved,True,6.5,2.0,2025-06-29 00:00:00
TCK-0153-09,CUST-0153,Technical Bug,High,Closed,False,42.8,3.0,2025-12-23 00:00:00
TCK-0153-10,CUST-0153,Performance Issue,Medium,Resolved,False,7.4,5.0,2026-03-10 00:00:00
TCK-0154-01,CUST-0154,Account Access,Low,Closed,False,2.6,5.0,2026-05-04 00:00:00
TCK-0154-02,CUST-0154,Feature Request,Urgent,In Progress,False,-1.0,3.0,2026-02-04 00:00:00
TCK-0154-03,CUST-0154,Billing,High,Escalation Pending,False,-1.0,2.0,2026-03-14 00:00:00
TCK-0154-04,CUST-0154,Performance Issue,Medium,Resolved,False,19.6,5.0,2025-08-17 00:00:00
TCK-0154-05,CUST-0154,Billing,Low,Escalation Pending,False,-1.0,1.0,2025-09-25 00:00:00
TCK-0154-06,CUST-0154,Account Access,Medium,Escalation Pending,False,-1.0,1.0,2025-03-15 00:00:00
TCK-0154-07,CUST-0154,Technical Bug,Medium,Escalation Pending,False,-1.0,2.0,2026-01-30 00:00:00
TCK-0154-08,CUST-0154,Technical Bug,Low,Escalation Pending,False,-1.0,3.0,2026-04-21 00:00:00
TCK-0155-01,CUST-0155,Performance Issue,Medium,Escalation Pending,False,-1.0,2.0,2025-07-07 00:00:00
TCK-0155-02,CUST-0155,Performance Issue,Urgent,Escalation Pending,True,-1.0,2.0,2025-12-31 00:00:00
TCK-0155-03,CUST-0155,Technical Bug,Urgent,Resolved,False,4.8,5.0,2025-10-15 00:00:00
TCK-0155-04,CUST-0155,Technical Bug,Medium,Resolved,False,8.4,5.0,2025-04-01 00:00:00
TCK-0155-05,CUST-0155,Feature Request,High,Closed,True,49.9,2.0,2026-04-26 00:00:00
TCK-0155-06,CUST-0155,Technical Bug,Urgent,Resolved,True,40.6,1.0,2025-11-09 00:00:00
TCK-0155-07,CUST-0155,Billing,Urgent,Escalation Pending,False,-1.0,3.0,2026-02-23 00:00:00
TCK-0156-01,CUST-0156,Feature Request,Medium,Escalation Pending,False,-1.0,1.0,2025-04-05 00:00:00
TCK-0156-02,CUST-0156,Feature Request,High,Escalation Pending,True,-1.0,3.0,2026-04-15 00:00:00
TCK-0156-03,CUST-0156,Performance Issue,High,Closed,True,16.8,1.0,2025-10-02 00:00:00
TCK-0157-01,CUST-0157,Feature Request,Urgent,Escalation Pending,False,-1.0,2.0,2026-01-12 00:00:00
TCK-0157-02,CUST-0157,Feature Request,High,Closed,True,3.0,1.0,2025-01-24 00:00:00
TCK-0157-03,CUST-0157,Technical Bug,Low,Closed,False,16.3,5.0,2025-07-22 00:00:00
TCK-0157-04,CUST-0157,Billing,High,Closed,False,35.2,3.0,2025-05-07 00:00:00
TCK-0158-01,CUST-0158,Technical Bug,High,Escalation Pending,False,-1.0,1.0,2026-02-06 00:00:00
TCK-0158-02,CUST-0158,Billing,Low,Escalation Pending,False,-1.0,2.0,2026-04-30 00:00:00
TCK-0158-03,CUST-0158,Performance Issue,High,Escalation Pending,True,-1.0,2.0,2026-05-09 00:00:00
TCK-0158-04,CUST-0158,Performance Issue,Urgent,Resolved,True,39.0,2.0,2026-06-11 00:00:00
TCK-0158-05,CUST-0158,Account Access,Low,Escalation Pending,False,-1.0,2.0,2025-10-18 00:00:00
TCK-0159-01,CUST-0159,Feature Request,High,Closed,False,43.1,5.0,2026-04-02 00:00:00
TCK-0159-02,CUST-0159,Feature Request,Medium,Escalation Pending,False,-1.0,2.0,2026-05-08 00:00:00
TCK-0159-03,CUST-0159,Account Access,Urgent,Closed,False,45.5,5.0,2026-05-17 00:00:00
TCK-0159-04,CUST-0159,Billing,Urgent,Closed,True,12.9,2.0,2025-07-19 00:00:00
TCK-0159-05,CUST-0159,Feature Request,Urgent,Closed,True,41.0,1.0,2025-11-28 00:00:00
TCK-0160-01,CUST-0160,Feature Request,Low,Resolved,False,14.4,5.0,2025-10-25 00:00:00
TCK-0160-02,CUST-0160,Account Access,High,In Progress,False,-1.0,1.0,2025-05-20 00:00:00
TCK-0160-03,CUST-0160,Billing,Urgent,Resolved,False,70.2,3.0,2025-03-17 00:00:00
TCK-0160-04,CUST-0160,Performance Issue,Low,Resolved,False,21.2,5.0,2025-07-13 00:00:00
TCK-0160-05,CUST-0160,Account Access,Urgent,Escalation Pending,False,-1.0,3.0,2025-05-15 00:00:00
TCK-0160-06,CUST-0160,Technical Bug,High,Closed,True,10.6,1.0,2026-04-28 00:00:00
TCK-0160-07,CUST-0160,Feature Request,Low,Escalation Pending,False,-1.0,2.0,2025-11-23 00:00:00
TCK-0161-01,CUST-0161,Performance Issue,Urgent,Closed,False,58.1,5.0,2025-12-02 00:00:00
TCK-0161-02,CUST-0161,Feature Request,High,Escalation Pending,False,-1.0,1.0,2026-06-05 00:00:00
TCK-0161-03,CUST-0161,Billing,Low,In Progress,True,-1.0,2.0,2026-06-06 00:00:00
TCK-0161-04,CUST-0161,Technical Bug,Urgent,Resolved,True,48.2,3.0,2025-07-23 00:00:00
TCK-0162-01,CUST-0162,Account Access,High,In Progress,True,-1.0,3.0,2025-12-26 00:00:00
TCK-0162-02,CUST-0162,Feature Request,Urgent,Escalation Pending,False,-1.0,3.0,2026-04-06 00:00:00
TCK-0162-03,CUST-0162,Feature Request,Medium,Resolved,False,2.8,5.0,2026-04-29 00:00:00
TCK-0162-04,CUST-0162,Technical Bug,High,In Progress,True,-1.0,3.0,2026-04-04 00:00:00
TCK-0162-05,CUST-0162,Technical Bug,Low,In Progress,True,-1.0,1.0,2026-03-16 00:00:00
TCK-0162-06,CUST-0162,Feature Request,Low,In Progress,False,-1.0,2.0,2026-06-28 00:00:00
TCK-0163-01,CUST-0163,Account Access,Medium,Closed,False,9.7,5.0,2025-05-27 00:00:00
TCK-0163-02,CUST-0163,Feature Request,Medium,Closed,False,20.1,5.0,2026-04-14 00:00:00
TCK-0163-03,CUST-0163,Billing,Medium,Escalation Pending,False,-1.0,1.0,2025-04-08 00:00:00
TCK-0163-04,CUST-0163,Billing,Urgent,Escalation Pending,False,-1.0,1.0,2026-04-05 00:00:00
TCK-0163-05,CUST-0163,Billing,High,Escalation Pending,False,-1.0,3.0,2026-06-19 00:00:00
TCK-0163-06,CUST-0163,Feature Request,High,Escalation Pending,False,-1.0,2.0,2026-05-20 00:00:00
TCK-0163-07,CUST-0163,Feature Request,Medium,Closed,False,12.7,5.0,2025-05-16 00:00:00
TCK-0163-08,CUST-0163,Performance Issue,Low,Escalation Pending,False,-1.0,2.0,2025-02-06 00:00:00
TCK-0163-09,CUST-0163,Technical Bug,High,Resolved,False,44.1,5.0,2025-04-26 00:00:00
TCK-0164-01,CUST-0164,Account Access,High,In Progress,False,-1.0,2.0,2025-11-24 00:00:00
TCK-0164-02,CUST-0164,Billing,Medium,Escalation Pending,True,-1.0,1.0,2026-06-21 00:00:00
TCK-0164-03,CUST-0164,Account Access,High,Escalation Pending,True,-1.0,1.0,2025-05-22 00:00:00
TCK-0165-01,CUST-0165,Feature Request,Urgent,Closed,False,55.3,5.0,2026-04-08 00:00:00
TCK-0165-02,CUST-0165,Feature Request,Medium,In Progress,False,-1.0,1.0,2026-03-18 00:00:00
TCK-0165-03,CUST-0165,Feature Request,Medium,In Progress,False,-1.0,3.0,2025-09-13 00:00:00
TCK-0165-04,CUST-0165,Feature Request,High,Closed,False,51.5,5.0,2026-06-04 00:00:00
TCK-0165-05,CUST-0165,Billing,Low,Resolved,True,23.1,3.0,2025-11-25 00:00:00
TCK-0165-06,CUST-0165,Feature Request,Low,Closed,False,23.2,5.0,2025-12-04 00:00:00
TCK-0165-07,CUST-0165,Technical Bug,Urgent,In Progress,True,-1.0,2.0,2026-06-18 00:00:00
TCK-0166-01,CUST-0166,Performance Issue,High,Resolved,False,10.0,3.0,2026-05-06 00:00:00
TCK-0166-02,CUST-0166,Technical Bug,High,In Progress,True,-1.0,1.0,2025-10-19 00:00:00
TCK-0167-01,CUST-0167,Billing,High,In Progress,False,-1.0,1.0,2025-11-01 00:00:00
TCK-0167-02,CUST-0167,Account Access,High,Resolved,False,5.6,4.0,2026-04-24 00:00:00
TCK-0168-01,CUST-0168,Account Access,Low,Escalation Pending,False,-1.0,1.0,2026-03-22 00:00:00
TCK-0168-02,CUST-0168,Billing,Urgent,Resolved,False,20.8,3.0,2025-11-21 00:00:00
TCK-0168-03,CUST-0168,Performance Issue,Medium,Escalation Pending,False,-1.0,2.0,2025-08-29 00:00:00
TCK-0169-01,CUST-0169,Technical Bug,Medium,Escalation Pending,False,-1.0,3.0,2026-02-28 00:00:00
TCK-0169-02,CUST-0169,Billing,Low,In Progress,False,-1.0,3.0,2025-10-05 00:00:00
TCK-0169-03,CUST-0169,Billing,Low,Escalation Pending,False,-1.0,2.0,2026-05-14 00:00:00
TCK-0169-04,CUST-0169,Account Access,Urgent,Closed,False,43.0,5.0,2025-08-04 00:00:00
TCK-0169-05,CUST-0169,Technical Bug,Low,Escalation Pending,False,-1.0,3.0,2025-09-12 00:00:00
TCK-0169-06,CUST-0169,Technical Bug,High,Closed,False,44.7,5.0,2026-06-26 00:00:00
TCK-0169-07,CUST-0169,Account Access,High,Escalation Pending,False,-1.0,2.0,2025-11-14 00:00:00
TCK-0169-08,CUST-0169,Account Access,High,In Progress,True,-1.0,1.0,2026-07-01 00:00:00
TCK-0169-09,CUST-0169,Technical Bug,Low,Resolved,False,21.8,4.0,2026-02-08 00:00:00
TCK-0169-10,CUST-0169,Performance Issue,Urgent,Resolved,False,57.1,3.0,2026-04-13 00:00:00
TCK-0170-01,CUST-0170,Technical Bug,Low,In Progress,False,-1.0,1.0,2026-02-16 00:00:00
TCK-0170-02,CUST-0170,Billing,Medium,In Progress,False,-1.0,3.0,2026-01-03 00:00:00
TCK-0170-03,CUST-0170,Technical Bug,Low,In Progress,False,-1.0,3.0,2025-10-25 00:00:00
TCK-0170-04,CUST-0170,Technical Bug,Urgent,Resolved,False,21.7,4.0,2025-07-07 00:00:00
TCK-0170-05,CUST-0170,Technical Bug,Urgent,In Progress,True,-1.0,3.0,2026-03-17 00:00:00
TCK-0170-06,CUST-0170,Feature Request,Medium,Closed,False,3.4,4.0,2025-08-06 00:00:00
TCK-0170-07,CUST-0170,Technical Bug,High,Closed,False,63.7,5.0,2025-10-10 00:00:00
TCK-0170-08,CUST-0170,Billing,High,Escalation Pending,False,-1.0,1.0,2026-02-07 00:00:00
TCK-0171-01,CUST-0171,Feature Request,Urgent,Resolved,False,63.9,4.0,2025-03-29 00:00:00
TCK-0171-02,CUST-0171,Account Access,Urgent,In Progress,False,-1.0,1.0,2025-09-21 00:00:00
TCK-0171-03,CUST-0171,Technical Bug,High,Resolved,True,71.3,1.0,2026-02-21 00:00:00
TCK-0171-04,CUST-0171,Feature Request,Low,Closed,False,5.6,5.0,2025-04-06 00:00:00
TCK-0171-05,CUST-0171,Billing,Low,Resolved,False,15.0,5.0,2026-05-09 00:00:00
TCK-0171-06,CUST-0171,Account Access,Medium,Closed,False,23.1,3.0,2026-04-29 00:00:00
TCK-0171-07,CUST-0171,Account Access,Medium,Escalation Pending,False,-1.0,1.0,2026-01-19 00:00:00
TCK-0171-08,CUST-0171,Feature Request,Low,Resolved,True,22.2,2.0,2025-08-12 00:00:00
TCK-0171-09,CUST-0171,Billing,Medium,Escalation Pending,True,-1.0,1.0,2025-08-06 00:00:00
TCK-0171-10,CUST-0171,Performance Issue,Urgent,Resolved,True,41.1,2.0,2026-05-14 00:00:00
TCK-0172-01,CUST-0172,Feature Request,Urgent,Resolved,False,25.8,3.0,2026-04-16 00:00:00
TCK-0172-02,CUST-0172,Performance Issue,High,Resolved,False,9.2,3.0,2025-07-24 00:00:00
TCK-0172-03,CUST-0172,Performance Issue,Medium,In Progress,False,-1.0,2.0,2026-03-14 00:00:00
TCK-0172-04,CUST-0172,Feature Request,Urgent,Closed,True,57.8,1.0,2025-05-17 00:00:00
TCK-0172-05,CUST-0172,Account Access,Urgent,In Progress,False,-1.0,2.0,2025-06-05 00:00:00
TCK-0172-06,CUST-0172,Technical Bug,Urgent,In Progress,True,-1.0,2.0,2026-01-19 00:00:00
TCK-0172-07,CUST-0172,Billing,Medium,Resolved,True,11.3,1.0,2025-07-31 00:00:00
TCK-0172-08,CUST-0172,Technical Bug,Low,Escalation Pending,False,-1.0,3.0,2026-04-30 00:00:00
TCK-0172-09,CUST-0172,Performance Issue,High,In Progress,False,-1.0,3.0,2025-11-09 00:00:00
TCK-0173-01,CUST-0173,Feature Request,Medium,In Progress,False,-1.0,3.0,2025-11-04 00:00:00
TCK-0173-02,CUST-0173,Technical Bug,Urgent,Resolved,True,27.4,1.0,2025-10-26 00:00:00
TCK-0173-03,CUST-0173,Billing,Low,Escalation Pending,True,-1.0,1.0,2026-03-15 00:00:00
TCK-0173-04,CUST-0173,Performance Issue,High,Resolved,True,15.9,2.0,2025-07-24 00:00:00
TCK-0173-05,CUST-0173,Technical Bug,High,In Progress,False,-1.0,3.0,2025-08-29 00:00:00
TCK-0174-01,CUST-0174,Billing,High,In Progress,False,-1.0,2.0,2025-07-13 00:00:00
TCK-0174-02,CUST-0174,Account Access,High,Escalation Pending,False,-1.0,3.0,2025-04-15 00:00:00
TCK-0174-03,CUST-0174,Billing,Medium,Closed,False,19.5,4.0,2025-12-10 00:00:00
TCK-0174-04,CUST-0174,Feature Request,High,Escalation Pending,True,-1.0,3.0,2025-07-16 00:00:00
TCK-0174-05,CUST-0174,Billing,Medium,In Progress,False,-1.0,1.0,2025-08-27 00:00:00
TCK-0174-06,CUST-0174,Technical Bug,Low,In Progress,False,-1.0,1.0,2026-05-22 00:00:00
TCK-0174-07,CUST-0174,Performance Issue,Urgent,Resolved,True,56.9,3.0,2026-01-21 00:00:00
TCK-0174-08,CUST-0174,Billing,Medium,In Progress,False,-1.0,2.0,2025-12-03 00:00:00
TCK-0175-01,CUST-0175,Performance Issue,Urgent,Resolved,False,16.5,4.0,2026-04-20 00:00:00
TCK-0175-02,CUST-0175,Technical Bug,Urgent,Escalation Pending,True,-1.0,2.0,2026-06-20 00:00:00
TCK-0175-03,CUST-0175,Technical Bug,High,Resolved,True,11.4,1.0,2026-01-30 00:00:00
TCK-0175-04,CUST-0175,Feature Request,High,Resolved,True,34.6,3.0,2026-02-20 00:00:00
TCK-0175-05,CUST-0175,Feature Request,Urgent,Escalation Pending,False,-1.0,2.0,2026-05-13 00:00:00
TCK-0175-06,CUST-0175,Account Access,High,Closed,False,32.9,5.0,2025-10-09 00:00:00
TCK-0176-01,CUST-0176,Technical Bug,Low,In Progress,False,-1.0,1.0,2025-11-17 00:00:00
TCK-0176-02,CUST-0176,Technical Bug,High,In Progress,True,-1.0,2.0,2025-07-15 00:00:00
TCK-0176-03,CUST-0176,Account Access,Medium,Closed,False,24.0,5.0,2025-02-15 00:00:00
TCK-0176-04,CUST-0176,Account Access,High,Escalation Pending,False,-1.0,2.0,2026-04-07 00:00:00
TCK-0176-05,CUST-0176,Performance Issue,Low,Closed,False,21.0,4.0,2025-06-07 00:00:00
TCK-0176-06,CUST-0176,Technical Bug,Urgent,Escalation Pending,True,-1.0,3.0,2026-04-03 00:00:00
TCK-0177-01,CUST-0177,Feature Request,Urgent,Resolved,False,28.2,4.0,2026-01-06 00:00:00
TCK-0177-02,CUST-0177,Billing,Urgent,In Progress,False,-1.0,2.0,2025-11-26 00:00:00
TCK-0177-03,CUST-0177,Feature Request,Urgent,Escalation Pending,False,-1.0,3.0,2026-05-05 00:00:00
TCK-0177-04,CUST-0177,Account Access,High,Resolved,False,66.6,4.0,2026-01-19 00:00:00
TCK-0177-05,CUST-0177,Performance Issue,Urgent,Closed,False,68.4,3.0,2026-05-03 00:00:00
TCK-0178-01,CUST-0178,Billing,Medium,Closed,True,2.7,3.0,2026-06-25 00:00:00
TCK-0178-02,CUST-0178,Feature Request,Low,Resolved,False,22.0,5.0,2026-01-13 00:00:00
TCK-0178-03,CUST-0178,Technical Bug,Medium,Resolved,False,12.0,5.0,2026-05-13 00:00:00
TCK-0178-04,CUST-0178,Billing,Medium,Escalation Pending,True,-1.0,2.0,2025-11-09 00:00:00
TCK-0178-05,CUST-0178,Billing,Medium,Escalation Pending,False,-1.0,3.0,2025-09-25 00:00:00
TCK-0178-06,CUST-0178,Feature Request,Medium,Closed,False,8.8,5.0,2025-11-10 00:00:00
TCK-0179-01,CUST-0179,Feature Request,Low,Closed,False,13.6,5.0,2026-04-21 00:00:00
TCK-0179-02,CUST-0179,Feature Request,Low,In Progress,False,-1.0,3.0,2026-04-17 00:00:00
TCK-0179-03,CUST-0179,Account Access,High,Closed,False,31.1,4.0,2026-03-23 00:00:00
TCK-0179-04,CUST-0179,Feature Request,Urgent,Closed,False,50.9,3.0,2026-02-11 00:00:00
TCK-0180-01,CUST-0180,Billing,Medium,Escalation Pending,False,-1.0,3.0,2025-12-05 00:00:00
TCK-0180-02,CUST-0180,Account Access,Low,In Progress,False,-1.0,2.0,2026-05-22 00:00:00
TCK-0180-03,CUST-0180,Technical Bug,High,Resolved,True,34.4,1.0,2026-05-28 00:00:00
TCK-0180-04,CUST-0180,Feature Request,High,Closed,False,29.8,3.0,2026-02-09 00:00:00
TCK-0180-05,CUST-0180,Billing,Medium,Escalation Pending,True,-1.0,2.0,2026-05-28 00:00:00
TCK-0180-06,CUST-0180,Billing,Low,Closed,False,17.7,5.0,2025-12-14 00:00:00
TCK-0181-01,CUST-0181,Account Access,Low,Escalation Pending,False,-1.0,1.0,2025-04-02 00:00:00
TCK-0181-02,CUST-0181,Billing,High,In Progress,True,-1.0,1.0,2025-06-12 00:00:00
TCK-0181-03,CUST-0181,Billing,Medium,Resolved,False,20.4,3.0,2025-09-09 00:00:00
TCK-0181-04,CUST-0181,Account Access,Urgent,Resolved,True,5.4,2.0,2026-03-21 00:00:00
TCK-0182-01,CUST-0182,Billing,Low,Closed,True,17.0,1.0,2025-08-23 00:00:00
TCK-0182-02,CUST-0182,Billing,Medium,Resolved,False,11.1,3.0,2025-12-10 00:00:00
TCK-0182-03,CUST-0182,Account Access,Medium,Escalation Pending,False,-1.0,2.0,2025-05-13 00:00:00
TCK-0182-04,CUST-0182,Technical Bug,Medium,In Progress,False,-1.0,1.0,2025-01-25 00:00:00
TCK-0182-05,CUST-0182,Feature Request,High,Closed,True,34.1,1.0,2025-10-22 00:00:00
TCK-0182-06,CUST-0182,Performance Issue,High,Closed,True,30.8,3.0,2026-06-05 00:00:00
TCK-0182-07,CUST-0182,Billing,Medium,Resolved,True,15.2,3.0,2026-02-11 00:00:00
TCK-0182-08,CUST-0182,Technical Bug,High,In Progress,True,-1.0,3.0,2026-05-18 00:00:00
TCK-0183-01,CUST-0183,Performance Issue,Low,Resolved,False,8.8,5.0,2026-05-23 00:00:00
TCK-0183-02,CUST-0183,Technical Bug,Low,In Progress,True,-1.0,2.0,2025-09-29 00:00:00
TCK-0183-03,CUST-0183,Technical Bug,Medium,Resolved,False,7.2,5.0,2026-05-14 00:00:00
TCK-0183-04,CUST-0183,Account Access,Medium,Resolved,False,13.5,5.0,2026-03-28 00:00:00
TCK-0183-05,CUST-0183,Account Access,Low,In Progress,False,-1.0,2.0,2025-09-02 00:00:00
TCK-0183-06,CUST-0183,Technical Bug,Low,Closed,False,19.6,4.0,2026-03-08 00:00:00
TCK-0183-07,CUST-0183,Feature Request,High,Resolved,True,6.5,2.0,2025-06-05 00:00:00
TCK-0183-08,CUST-0183,Technical Bug,Low,Closed,False,22.6,4.0,2025-06-16 00:00:00
TCK-0183-09,CUST-0183,Technical Bug,Medium,Resolved,False,11.4,5.0,2025-10-07 00:00:00
TCK-0183-10,CUST-0183,Technical Bug,Medium,Closed,False,15.3,5.0,2025-09-24 00:00:00
TCK-0184-01,CUST-0184,Feature Request,Urgent,Escalation Pending,True,-1.0,2.0,2025-10-27 00:00:00
TCK-0184-02,CUST-0184,Performance Issue,Urgent,Escalation Pending,False,-1.0,1.0,2026-03-08 00:00:00
TCK-0184-03,CUST-0184,Feature Request,Urgent,In Progress,False,-1.0,3.0,2025-11-13 00:00:00
TCK-0184-04,CUST-0184,Technical Bug,Medium,Escalation Pending,False,-1.0,2.0,2025-10-01 00:00:00
TCK-0184-05,CUST-0184,Account Access,Urgent,Escalation Pending,False,-1.0,1.0,2025-07-31 00:00:00
TCK-0184-06,CUST-0184,Technical Bug,Urgent,Closed,True,2.3,3.0,2026-02-19 00:00:00
TCK-0184-07,CUST-0184,Account Access,Urgent,Escalation Pending,False,-1.0,2.0,2026-06-22 00:00:00
TCK-0185-01,CUST-0185,Performance Issue,Medium,Escalation Pending,False,-1.0,2.0,2026-04-04 00:00:00
TCK-0185-02,CUST-0185,Account Access,Urgent,In Progress,False,-1.0,3.0,2025-04-04 00:00:00
TCK-0185-03,CUST-0185,Feature Request,Urgent,Closed,False,35.4,5.0,2026-01-23 00:00:00
TCK-0185-04,CUST-0185,Billing,Medium,Escalation Pending,True,-1.0,3.0,2025-05-20 00:00:00
TCK-0185-05,CUST-0185,Account Access,Medium,Closed,False,2.3,3.0,2026-01-29 00:00:00
TCK-0185-06,CUST-0185,Feature Request,Urgent,Resolved,False,38.3,4.0,2026-05-28 00:00:00
TCK-0185-07,CUST-0185,Feature Request,Medium,In Progress,False,-1.0,3.0,2025-08-07 00:00:00
TCK-0185-08,CUST-0185,Performance Issue,Urgent,Escalation Pending,False,-1.0,3.0,2026-05-25 00:00:00
TCK-0186-01,CUST-0186,Account Access,Low,Escalation Pending,False,-1.0,1.0,2025-06-07 00:00:00
TCK-0186-02,CUST-0186,Billing,Urgent,In Progress,False,-1.0,3.0,2025-11-25 00:00:00
TCK-0186-03,CUST-0186,Technical Bug,Medium,Closed,False,6.4,4.0,2026-01-01 00:00:00
TCK-0186-04,CUST-0186,Billing,Urgent,Closed,False,15.0,3.0,2026-05-07 00:00:00
TCK-0186-05,CUST-0186,Technical Bug,Medium,Escalation Pending,False,-1.0,2.0,2026-03-05 00:00:00
TCK-0186-06,CUST-0186,Performance Issue,Low,Closed,False,3.8,3.0,2025-10-29 00:00:00
TCK-0186-07,CUST-0186,Billing,High,Resolved,True,43.0,2.0,2025-12-23 00:00:00
TCK-0186-08,CUST-0186,Billing,Low,Resolved,True,16.6,1.0,2025-06-07 00:00:00
TCK-0187-01,CUST-0187,Feature Request,High,In Progress,False,-1.0,2.0,2026-05-02 00:00:00
TCK-0187-02,CUST-0187,Account Access,High,In Progress,False,-1.0,3.0,2025-12-08 00:00:00
TCK-0187-03,CUST-0187,Feature Request,Low,In Progress,False,-1.0,1.0,2025-05-19 00:00:00
TCK-0187-04,CUST-0187,Feature Request,Urgent,Closed,False,3.8,3.0,2026-02-13 00:00:00
TCK-0187-05,CUST-0187,Account Access,Medium,Escalation Pending,False,-1.0,3.0,2025-12-15 00:00:00
TCK-0187-06,CUST-0187,Technical Bug,Low,In Progress,False,-1.0,1.0,2026-04-07 00:00:00
TCK-0187-07,CUST-0187,Account Access,Low,In Progress,False,-1.0,3.0,2025-12-31 00:00:00
TCK-0187-08,CUST-0187,Technical Bug,Urgent,Resolved,False,26.4,5.0,2026-04-20 00:00:00
TCK-0187-09,CUST-0187,Billing,Urgent,Closed,True,51.8,3.0,2026-03-06 00:00:00
TCK-0188-01,CUST-0188,Feature Request,Medium,Closed,False,18.6,3.0,2025-10-11 00:00:00
TCK-0188-02,CUST-0188,Feature Request,Low,In Progress,False,-1.0,2.0,2026-01-08 00:00:00
TCK-0188-03,CUST-0188,Technical Bug,High,Resolved,False,48.6,5.0,2025-10-03 00:00:00
TCK-0189-01,CUST-0189,Feature Request,Urgent,Escalation Pending,False,-1.0,1.0,2025-09-20 00:00:00
TCK-0189-02,CUST-0189,Account Access,Low,Resolved,False,4.0,4.0,2025-06-02 00:00:00
TCK-0189-03,CUST-0189,Performance Issue,High,In Progress,True,-1.0,2.0,2025-02-05 00:00:00
TCK-0189-04,CUST-0189,Account Access,Low,Closed,False,20.6,5.0,2025-12-28 00:00:00
TCK-0189-05,CUST-0189,Account Access,Medium,Closed,False,4.3,3.0,2026-05-21 00:00:00
TCK-0189-06,CUST-0189,Account Access,Medium,In Progress,False,-1.0,1.0,2026-06-30 00:00:00
TCK-0189-07,CUST-0189,Feature Request,Medium,Closed,False,18.4,3.0,2025-12-28 00:00:00
TCK-0190-01,CUST-0190,Feature Request,High,Escalation Pending,False,-1.0,1.0,2026-02-20 00:00:00
TCK-0190-02,CUST-0190,Technical Bug,Medium,Closed,False,17.4,3.0,2025-12-03 00:00:00
TCK-0190-03,CUST-0190,Feature Request,Urgent,Closed,True,71.4,3.0,2026-03-22 00:00:00
TCK-0190-04,CUST-0190,Account Access,Urgent,In Progress,False,-1.0,2.0,2026-03-22 00:00:00
TCK-0190-05,CUST-0190,Billing,High,Closed,True,51.1,3.0,2026-03-23 00:00:00
TCK-0191-01,CUST-0191,Performance Issue,Medium,Escalation Pending,False,-1.0,2.0,2025-11-06 00:00:00
TCK-0191-02,CUST-0191,Technical Bug,Medium,Closed,False,18.2,3.0,2026-02-25 00:00:00
TCK-0191-03,CUST-0191,Performance Issue,Low,Closed,False,10.3,5.0,2025-11-18 00:00:00
TCK-0191-04,CUST-0191,Billing,Low,Escalation Pending,False,-1.0,1.0,2025-09-19 00:00:00
TCK-0192-01,CUST-0192,Technical Bug,Low,Escalation Pending,False,-1.0,2.0,2025-08-20 00:00:00
TCK-0192-02,CUST-0192,Performance Issue,Medium,Escalation Pending,False,-1.0,3.0,2026-04-30 00:00:00
TCK-0192-03,CUST-0192,Billing,Urgent,Escalation Pending,False,-1.0,2.0,2026-02-05 00:00:00
TCK-0192-04,CUST-0192,Feature Request,High,Resolved,True,7.8,2.0,2026-02-10 00:00:00
TCK-0192-05,CUST-0192,Performance Issue,Medium,Escalation Pending,True,-1.0,2.0,2026-03-09 00:00:00
TCK-0192-06,CUST-0192,Billing,Medium,Escalation Pending,False,-1.0,2.0,2026-01-05 00:00:00
TCK-0192-07,CUST-0192,Technical Bug,Low,Closed,False,10.9,3.0,2025-10-06 00:00:00
TCK-0192-08,CUST-0192,Performance Issue,Urgent,Resolved,True,54.7,1.0,2026-02-19 00:00:00
TCK-0193-01,CUST-0193,Billing,Medium,Closed,False,3.9,5.0,2026-07-01 00:00:00
TCK-0193-02,CUST-0193,Billing,Low,In Progress,False,-1.0,2.0,2026-03-16 00:00:00
TCK-0193-03,CUST-0193,Technical Bug,Urgent,Resolved,False,19.4,3.0,2026-03-03 00:00:00
TCK-0194-01,CUST-0194,Account Access,High,Closed,False,50.2,3.0,2025-12-23 00:00:00
TCK-0194-02,CUST-0194,Billing,Medium,Closed,True,23.1,3.0,2026-03-14 00:00:00
TCK-0194-03,CUST-0194,Technical Bug,High,Escalation Pending,True,-1.0,1.0,2026-03-13 00:00:00
TCK-0194-04,CUST-0194,Account Access,High,Closed,False,30.0,3.0,2026-06-22 00:00:00
TCK-0194-05,CUST-0194,Account Access,Urgent,Closed,False,39.5,3.0,2026-04-03 00:00:00
TCK-0194-06,CUST-0194,Account Access,Medium,Closed,False,11.2,4.0,2026-01-12 00:00:00
TCK-0194-07,CUST-0194,Feature Request,Urgent,Closed,True,7.4,1.0,2026-03-09 00:00:00
TCK-0194-08,CUST-0194,Billing,Urgent,Resolved,True,27.4,2.0,2026-05-11 00:00:00
TCK-0194-09,CUST-0194,Account Access,Medium,Closed,False,8.0,3.0,2026-01-28 00:00:00
TCK-0195-01,CUST-0195,Billing,High,In Progress,False,-1.0,3.0,2025-10-23 00:00:00
TCK-0195-02,CUST-0195,Performance Issue,Low,Closed,False,9.0,5.0,2025-09-07 00:00:00
TCK-0195-03,CUST-0195,Account Access,Urgent,Closed,False,20.1,4.0,2026-05-09 00:00:00
TCK-0195-04,CUST-0195,Technical Bug,Medium,In Progress,False,-1.0,1.0,2026-06-13 00:00:00
TCK-0195-05,CUST-0195,Account Access,Medium,Escalation Pending,False,-1.0,3.0,2026-01-27 00:00:00
TCK-0195-06,CUST-0195,Technical Bug,Urgent,Escalation Pending,False,-1.0,3.0,2025-10-31 00:00:00
TCK-0195-07,CUST-0195,Account Access,Urgent,Closed,False,23.4,3.0,2025-11-10 00:00:00
TCK-0195-08,CUST-0195,Feature Request,High,Resolved,False,7.4,4.0,2025-07-24 00:00:00
TCK-0195-09,CUST-0195,Technical Bug,Low,In Progress,True,-1.0,3.0,2026-02-14 00:00:00
TCK-0196-01,CUST-0196,Performance Issue,Low,Closed,False,22.0,3.0,2026-04-09 00:00:00
TCK-0196-02,CUST-0196,Performance Issue,High,Resolved,True,44.5,1.0,2026-05-30 00:00:00
TCK-0196-03,CUST-0196,Technical Bug,Medium,Closed,True,13.3,1.0,2026-04-08 00:00:00
TCK-0196-04,CUST-0196,Feature Request,Urgent,Resolved,True,25.7,3.0,2026-01-09 00:00:00
TCK-0196-05,CUST-0196,Performance Issue,Low,Escalation Pending,False,-1.0,2.0,2026-01-17 00:00:00
TCK-0196-06,CUST-0196,Technical Bug,Low,Escalation Pending,False,-1.0,1.0,2026-02-07 00:00:00
TCK-0196-07,CUST-0196,Performance Issue,Low,Escalation Pending,False,-1.0,1.0,2026-03-05 00:00:00
TCK-0196-08,CUST-0196,Billing,Urgent,In Progress,True,-1.0,1.0,2025-09-06 00:00:00
TCK-0196-09,CUST-0196,Account Access,Medium,Resolved,False,4.2,5.0,2025-12-14 00:00:00
TCK-0197-01,CUST-0197,Technical Bug,Urgent,In Progress,False,-1.0,2.0,2025-10-27 00:00:00
TCK-0197-02,CUST-0197,Technical Bug,High,Escalation Pending,True,-1.0,3.0,2026-05-25 00:00:00
TCK-0197-03,CUST-0197,Feature Request,Medium,Escalation Pending,False,-1.0,1.0,2025-09-21 00:00:00
TCK-0197-04,CUST-0197,Technical Bug,Low,Resolved,False,4.9,5.0,2026-04-06 00:00:00
TCK-0197-05,CUST-0197,Account Access,Low,Closed,False,22.9,5.0,2025-05-21 00:00:00
TCK-0197-06,CUST-0197,Feature Request,Urgent,Closed,False,24.7,5.0,2025-12-03 00:00:00
TCK-0198-01,CUST-0198,Billing,Medium,In Progress,True,-1.0,2.0,2026-04-28 00:00:00
TCK-0198-02,CUST-0198,Billing,Urgent,In Progress,False,-1.0,2.0,2025-08-08 00:00:00
TCK-0198-03,CUST-0198,Feature Request,Medium,Closed,False,7.5,3.0,2025-11-08 00:00:00
TCK-0198-04,CUST-0198,Technical Bug,Urgent,Resolved,True,51.1,3.0,2026-05-05 00:00:00
TCK-0198-05,CUST-0198,Technical Bug,Medium,Closed,False,7.0,4.0,2026-01-18 00:00:00
TCK-0198-06,CUST-0198,Billing,High,Closed,False,31.8,4.0,2025-08-12 00:00:00
TCK-0198-07,CUST-0198,Billing,Urgent,In Progress,False,-1.0,3.0,2026-05-17 00:00:00
TCK-0198-08,CUST-0198,Technical Bug,Medium,Escalation Pending,False,-1.0,1.0,2026-03-15 00:00:00
TCK-0198-09,CUST-0198,Feature Request,Low,In Progress,False,-1.0,2.0,2025-11-17 00:00:00
TCK-0198-10,CUST-0198,Account Access,Urgent,Resolved,True,14.7,1.0,2025-07-23 00:00:00
TCK-0199-01,CUST-0199,Account Access,High,Resolved,True,48.8,3.0,2026-02-17 00:00:00
TCK-0199-02,CUST-0199,Technical Bug,High,In Progress,False,-1.0,3.0,2026-06-13 00:00:00
TCK-0199-03,CUST-0199,Performance Issue,High,In Progress,True,-1.0,1.0,2026-03-06 00:00:00
TCK-0199-04,CUST-0199,Feature Request,Low,Closed,False,15.9,3.0,2025-06-01 00:00:00
TCK-0199-05,CUST-0199,Performance Issue,Medium,Escalation Pending,False,-1.0,1.0,2025-06-18 00:00:00
TCK-0199-06,CUST-0199,Performance Issue,High,Escalation Pending,True,-1.0,1.0,2026-02-08 00:00:00
TCK-0199-07,CUST-0199,Technical Bug,Low,Escalation Pending,False,-1.0,3.0,2026-05-10 00:00:00
TCK-0199-08,CUST-0199,Account Access,High,Escalation Pending,False,-1.0,3.0,2026-05-13 00:00:00
TCK-0199-09,CUST-0199,Billing,Urgent,Escalation Pending,True,-1.0,3.0,2026-01-23 00:00:00
TCK-0200-01,CUST-0200,Feature Request,Urgent,Resolved,False,13.6,5.0,2026-03-08 00:00:00
TCK-0200-02,CUST-0200,Feature Request,High,Resolved,True,13.2,1.0,2025-02-11 00:00:00
TCK-0200-03,CUST-0200,Performance Issue,Urgent,In Progress,False,-1.0,2.0,2025-09-15 00:00:00
TCK-0200-04,CUST-0200,Account Access,High,Closed,False,17.7,4.0,2025-11-27 00:00:00
TCK-0200-05,CUST-0200,Billing,Medium,In Progress,False,-1.0,1.0,2025-11-05 00:00:00
TCK-0201-01,CUST-0201,Performance Issue,High,In Progress,True,-1.0,3.0,2025-05-18 00:00:00
TCK-0201-02,CUST-0201,Feature Request,High,Resolved,True,45.8,1.0,2026-01-01 00:00:00
TCK-0201-03,CUST-0201,Technical Bug,High,Resolved,True,39.6,3.0,2025-04-20 00:00:00
TCK-0201-04,CUST-0201,Feature Request,High,Closed,False,59.2,4.0,2025-11-30 00:00:00
TCK-0201-05,CUST-0201,Account Access,Medium,Escalation Pending,False,-1.0,1.0,2026-04-03 00:00:00
TCK-0201-06,CUST-0201,Technical Bug,Urgent,Escalation Pending,False,-1.0,1.0,2026-05-24 00:00:00
TCK-0201-07,CUST-0201,Technical Bug,Urgent,Closed,True,15.2,2.0,2025-07-05 00:00:00
TCK-0202-01,CUST-0202,Technical Bug,Low,Escalation Pending,False,-1.0,3.0,2025-10-31 00:00:00
TCK-0202-02,CUST-0202,Billing,Medium,Resolved,False,15.3,5.0,2025-10-21 00:00:00
TCK-0202-03,CUST-0202,Billing,Low,Resolved,False,4.9,3.0,2025-08-23 00:00:00
TCK-0203-01,CUST-0203,Account Access,Low,Escalation Pending,False,-1.0,3.0,2026-05-27 00:00:00
TCK-0203-02,CUST-0203,Feature Request,Medium,Escalation Pending,False,-1.0,1.0,2025-06-29 00:00:00
TCK-0203-03,CUST-0203,Billing,High,Resolved,False,3.5,3.0,2025-04-18 00:00:00
TCK-0203-04,CUST-0203,Performance Issue,High,Escalation Pending,True,-1.0,1.0,2025-02-25 00:00:00
TCK-0203-05,CUST-0203,Technical Bug,Low,Escalation Pending,False,-1.0,1.0,2025-08-24 00:00:00
TCK-0203-06,CUST-0203,Account Access,Medium,Escalation Pending,False,-1.0,3.0,2026-05-23 00:00:00
TCK-0203-07,CUST-0203,Billing,Urgent,Resolved,True,17.7,2.0,2025-08-26 00:00:00
TCK-0203-08,CUST-0203,Billing,High,Resolved,True,64.7,3.0,2025-05-13 00:00:00
TCK-0203-09,CUST-0203,Technical Bug,Urgent,Closed,False,49.6,4.0,2026-05-28 00:00:00
TCK-0203-10,CUST-0203,Account Access,High,Resolved,True,21.0,2.0,2026-01-29 00:00:00
TCK-0204-01,CUST-0204,Technical Bug,Urgent,Escalation Pending,False,-1.0,1.0,2025-05-14 00:00:00
TCK-0204-02,CUST-0204,Performance Issue,Urgent,In Progress,False,-1.0,1.0,2025-05-03 00:00:00
TCK-0204-03,CUST-0204,Account Access,Medium,Escalation Pending,False,-1.0,2.0,2025-08-28 00:00:00
TCK-0204-04,CUST-0204,Feature Request,Urgent,Escalation Pending,False,-1.0,3.0,2026-04-28 00:00:00
TCK-0204-05,CUST-0204,Account Access,Medium,Closed,False,10.4,5.0,2025-12-18 00:00:00
TCK-0204-06,CUST-0204,Performance Issue,Urgent,Closed,False,28.9,5.0,2025-12-12 00:00:00
TCK-0204-07,CUST-0204,Performance Issue,Medium,Closed,False,10.0,4.0,2026-05-27 00:00:00
TCK-0205-01,CUST-0205,Account Access,Medium,Closed,False,20.4,5.0,2025-10-07 00:00:00
TCK-0205-02,CUST-0205,Technical Bug,Medium,Closed,True,4.6,3.0,2025-06-27 00:00:00
TCK-0205-03,CUST-0205,Feature Request,Low,Escalation Pending,False,-1.0,2.0,2025-03-28 00:00:00
TCK-0205-04,CUST-0205,Billing,Low,Closed,False,2.7,5.0,2025-06-25 00:00:00
TCK-0205-05,CUST-0205,Billing,Medium,Escalation Pending,True,-1.0,1.0,2025-08-06 00:00:00
TCK-0205-06,CUST-0205,Feature Request,Medium,In Progress,False,-1.0,2.0,2026-03-29 00:00:00
TCK-0205-07,CUST-0205,Account Access,Urgent,Resolved,False,22.1,4.0,2025-04-03 00:00:00
TCK-0206-01,CUST-0206,Feature Request,High,In Progress,False,-1.0,3.0,2025-11-16 00:00:00
TCK-0206-02,CUST-0206,Feature Request,Medium,Resolved,False,13.5,4.0,2025-11-08 00:00:00
TCK-0206-03,CUST-0206,Feature Request,Low,Closed,False,20.1,3.0,2026-03-19 00:00:00
TCK-0206-04,CUST-0206,Feature Request,High,Escalation Pending,False,-1.0,2.0,2025-10-15 00:00:00
TCK-0206-05,CUST-0206,Billing,High,Closed,False,20.9,3.0,2025-08-31 00:00:00
TCK-0206-06,CUST-0206,Account Access,High,In Progress,True,-1.0,1.0,2026-04-26 00:00:00
TCK-0206-07,CUST-0206,Billing,Low,Resolved,True,18.6,2.0,2025-10-27 00:00:00
TCK-0206-08,CUST-0206,Performance Issue,Medium,Resolved,False,7.3,3.0,2026-05-10 00:00:00
TCK-0207-01,CUST-0207,Billing,High,Escalation Pending,False,-1.0,3.0,2025-05-28 00:00:00
TCK-0207-02,CUST-0207,Account Access,Urgent,Closed,False,51.2,3.0,2025-08-06 00:00:00
TCK-0207-03,CUST-0207,Feature Request,Low,Closed,False,2.5,5.0,2025-10-20 00:00:00
TCK-0207-04,CUST-0207,Performance Issue,Low,Closed,False,17.0,3.0,2026-05-17 00:00:00
TCK-0207-05,CUST-0207,Billing,Medium,Closed,False,18.9,4.0,2026-06-26 00:00:00
TCK-0207-06,CUST-0207,Performance Issue,High,Closed,False,25.7,5.0,2026-01-03 00:00:00
TCK-0208-01,CUST-0208,Technical Bug,Low,Escalation Pending,False,-1.0,1.0,2025-07-26 00:00:00
TCK-0208-02,CUST-0208,Technical Bug,High,Resolved,False,36.9,5.0,2025-12-26 00:00:00
TCK-0208-03,CUST-0208,Technical Bug,High,In Progress,True,-1.0,3.0,2026-01-21 00:00:00
TCK-0208-04,CUST-0208,Account Access,Low,Escalation Pending,True,-1.0,2.0,2026-03-18 00:00:00
TCK-0208-05,CUST-0208,Account Access,Urgent,Closed,False,67.8,5.0,2025-08-08 00:00:00
TCK-0209-01,CUST-0209,Account Access,High,Escalation Pending,False,-1.0,3.0,2025-10-25 00:00:00
TCK-0209-02,CUST-0209,Account Access,Low,Resolved,False,18.3,4.0,2026-03-02 00:00:00
TCK-0209-03,CUST-0209,Performance Issue,Low,Resolved,False,8.4,4.0,2025-12-25 00:00:00
TCK-0209-04,CUST-0209,Feature Request,Low,Escalation Pending,False,-1.0,3.0,2025-04-25 00:00:00
TCK-0209-05,CUST-0209,Account Access,Urgent,Escalation Pending,False,-1.0,1.0,2025-04-21 00:00:00
TCK-0209-06,CUST-0209,Technical Bug,Low,Escalation Pending,False,-1.0,2.0,2025-06-19 00:00:00
TCK-0209-07,CUST-0209,Feature Request,High,In Progress,True,-1.0,3.0,2025-11-12 00:00:00
TCK-0209-08,CUST-0209,Technical Bug,Urgent,Escalation Pending,True,-1.0,1.0,2025-12-13 00:00:00
TCK-0209-09,CUST-0209,Technical Bug,Urgent,Closed,True,24.4,1.0,2026-01-10 00:00:00
TCK-0210-01,CUST-0210,Feature Request,High,Closed,True,7.9,1.0,2025-09-07 00:00:00
TCK-0210-02,CUST-0210,Feature Request,Low,Escalation Pending,False,-1.0,2.0,2026-01-13 00:00:00
TCK-0211-01,CUST-0211,Account Access,Medium,Escalation Pending,False,-1.0,2.0,2026-04-09 00:00:00
TCK-0211-02,CUST-0211,Performance Issue,Medium,Escalation Pending,False,-1.0,2.0,2026-05-28 00:00:00
TCK-0211-03,CUST-0211,Feature Request,Low,Closed,False,3.7,4.0,2026-01-21 00:00:00
TCK-0211-04,CUST-0211,Account Access,Low,Escalation Pending,False,-1.0,1.0,2026-04-21 00:00:00
TCK-0211-05,CUST-0211,Account Access,Low,Escalation Pending,False,-1.0,2.0,2026-05-02 00:00:00
TCK-0211-06,CUST-0211,Billing,Urgent,Closed,False,46.4,3.0,2025-08-27 00:00:00
TCK-0211-07,CUST-0211,Technical Bug,Medium,Closed,False,15.2,4.0,2026-02-03 00:00:00
TCK-0212-01,CUST-0212,Account Access,High,Resolved,False,51.0,5.0,2026-02-03 00:00:00
TCK-0212-02,CUST-0212,Feature Request,High,Escalation Pending,False,-1.0,3.0,2025-12-25 00:00:00
TCK-0213-01,CUST-0213,Performance Issue,Medium,Escalation Pending,False,-1.0,2.0,2026-06-08 00:00:00
TCK-0213-02,CUST-0213,Feature Request,High,Resolved,False,71.7,3.0,2025-05-17 00:00:00
TCK-0213-03,CUST-0213,Billing,Urgent,Resolved,True,46.3,3.0,2026-01-24 00:00:00
TCK-0213-04,CUST-0213,Billing,High,Closed,False,17.6,5.0,2026-01-09 00:00:00
TCK-0213-05,CUST-0213,Feature Request,Low,Escalation Pending,False,-1.0,1.0,2025-09-28 00:00:00
TCK-0213-06,CUST-0213,Feature Request,Urgent,Escalation Pending,False,-1.0,1.0,2025-10-10 00:00:00
TCK-0213-07,CUST-0213,Technical Bug,High,In Progress,True,-1.0,2.0,2026-06-05 00:00:00
TCK-0213-08,CUST-0213,Feature Request,Medium,Escalation Pending,True,-1.0,1.0,2025-04-09 00:00:00
TCK-0213-09,CUST-0213,Billing,Medium,In Progress,False,-1.0,2.0,2025-06-28 00:00:00
TCK-0213-10,CUST-0213,Performance Issue,Urgent,Escalation Pending,True,-1.0,1.0,2026-02-11 00:00:00
TCK-0214-01,CUST-0214,Feature Request,High,Escalation Pending,False,-1.0,1.0,2025-09-08 00:00:00
TCK-0214-02,CUST-0214,Technical Bug,Low,Escalation Pending,False,-1.0,3.0,2025-11-30 00:00:00
TCK-0214-03,CUST-0214,Performance Issue,Medium,Closed,False,4.1,3.0,2026-02-28 00:00:00
TCK-0214-04,CUST-0214,Billing,Medium,Resolved,True,14.6,1.0,2025-09-24 00:00:00
TCK-0215-01,CUST-0215,Technical Bug,Medium,Escalation Pending,False,-1.0,2.0,2026-03-28 00:00:00
TCK-0215-02,CUST-0215,Billing,High,Closed,True,45.9,3.0,2026-02-15 00:00:00
TCK-0215-03,CUST-0215,Billing,Low,Resolved,False,4.4,5.0,2025-09-06 00:00:00
TCK-0215-04,CUST-0215,Technical Bug,Low,In Progress,True,-1.0,1.0,2025-11-11 00:00:00
TCK-0215-05,CUST-0215,Billing,Urgent,Escalation Pending,False,-1.0,1.0,2025-12-30 00:00:00
TCK-0215-06,CUST-0215,Billing,Medium,Escalation Pending,False,-1.0,2.0,2026-03-15 00:00:00
TCK-0216-01,CUST-0216,Account Access,High,Resolved,False,13.1,5.0,2025-05-22 00:00:00
TCK-0216-02,CUST-0216,Technical Bug,Low,Closed,False,6.8,5.0,2025-05-15 00:00:00
TCK-0216-03,CUST-0216,Technical Bug,Low,Closed,False,3.8,4.0,2025-10-19 00:00:00
TCK-0217-01,CUST-0217,Feature Request,Urgent,Escalation Pending,False,-1.0,1.0,2026-02-16 00:00:00
TCK-0217-02,CUST-0217,Technical Bug,Medium,In Progress,False,-1.0,2.0,2025-12-02 00:00:00
TCK-0217-03,CUST-0217,Performance Issue,High,Closed,True,68.8,2.0,2026-05-20 00:00:00
TCK-0217-04,CUST-0217,Feature Request,Urgent,In Progress,False,-1.0,2.0,2025-12-05 00:00:00
TCK-0217-05,CUST-0217,Performance Issue,Urgent,In Progress,False,-1.0,2.0,2025-11-12 00:00:00
TCK-0217-06,CUST-0217,Feature Request,Medium,In Progress,False,-1.0,3.0,2026-05-08 00:00:00
TCK-0218-01,CUST-0218,Account Access,Urgent,In Progress,False,-1.0,1.0,2025-04-07 00:00:00
TCK-0218-02,CUST-0218,Technical Bug,High,In Progress,False,-1.0,1.0,2025-03-05 00:00:00
TCK-0218-03,CUST-0218,Account Access,Low,Closed,False,12.2,5.0,2026-06-04 00:00:00
TCK-0218-04,CUST-0218,Technical Bug,Low,Closed,False,13.6,3.0,2025-12-13 00:00:00
TCK-0219-01,CUST-0219,Account Access,High,Resolved,True,58.2,2.0,2025-08-28 00:00:00
TCK-0219-02,CUST-0219,Account Access,Urgent,Escalation Pending,True,-1.0,1.0,2026-06-08 00:00:00
TCK-0219-03,CUST-0219,Account Access,Urgent,Resolved,True,22.0,3.0,2026-05-26 00:00:00
TCK-0219-04,CUST-0219,Billing,Urgent,Escalation Pending,True,-1.0,1.0,2026-05-05 00:00:00
TCK-0219-05,CUST-0219,Performance Issue,Low,Resolved,False,3.5,3.0,2026-03-05 00:00:00
TCK-0219-06,CUST-0219,Account Access,High,In Progress,True,-1.0,2.0,2025-09-14 00:00:00
TCK-0219-07,CUST-0219,Performance Issue,High,Resolved,False,29.5,5.0,2026-04-14 00:00:00
TCK-0219-08,CUST-0219,Billing,High,Resolved,False,4.1,3.0,2025-08-10 00:00:00
TCK-0220-01,CUST-0220,Performance Issue,Low,Resolved,False,7.7,3.0,2025-06-04 00:00:00
TCK-0220-02,CUST-0220,Billing,High,In Progress,True,-1.0,3.0,2026-02-16 00:00:00
TCK-0220-03,CUST-0220,Feature Request,High,Closed,False,42.8,3.0,2025-06-12 00:00:00
TCK-0220-04,CUST-0220,Account Access,Medium,Escalation Pending,False,-1.0,3.0,2025-11-23 00:00:00
TCK-0220-05,CUST-0220,Billing,Medium,Escalation Pending,False,-1.0,2.0,2025-09-20 00:00:00
TCK-0220-06,CUST-0220,Feature Request,Medium,In Progress,True,-1.0,3.0,2025-05-21 00:00:00
TCK-0220-07,CUST-0220,Account Access,Medium,Closed,False,17.3,3.0,2025-12-18 00:00:00
TCK-0221-01,CUST-0221,Account Access,Medium,In Progress,False,-1.0,2.0,2026-04-28 00:00:00
TCK-0221-02,CUST-0221,Technical Bug,Low,Closed,False,22.2,5.0,2026-04-27 00:00:00
TCK-0221-03,CUST-0221,Performance Issue,Medium,Closed,False,3.5,5.0,2025-12-01 00:00:00
TCK-0222-01,CUST-0222,Technical Bug,Low,Closed,False,7.9,5.0,2026-01-29 00:00:00
TCK-0222-02,CUST-0222,Performance Issue,Urgent,Resolved,False,66.9,3.0,2025-08-25 00:00:00
TCK-0222-03,CUST-0222,Feature Request,Medium,Escalation Pending,False,-1.0,3.0,2025-08-14 00:00:00
TCK-0223-01,CUST-0223,Technical Bug,High,Closed,True,43.6,3.0,2026-05-23 00:00:00
TCK-0223-02,CUST-0223,Feature Request,Urgent,Resolved,True,47.2,1.0,2025-11-05 00:00:00
TCK-0223-03,CUST-0223,Billing,Low,In Progress,False,-1.0,1.0,2025-08-18 00:00:00
TCK-0223-04,CUST-0223,Performance Issue,Low,Escalation Pending,False,-1.0,2.0,2026-02-02 00:00:00
TCK-0223-05,CUST-0223,Billing,Medium,In Progress,False,-1.0,2.0,2025-10-29 00:00:00
TCK-0223-06,CUST-0223,Technical Bug,Medium,In Progress,False,-1.0,3.0,2026-05-17 00:00:00
TCK-0223-07,CUST-0223,Account Access,Low,Escalation Pending,True,-1.0,3.0,2025-12-19 00:00:00
TCK-0223-08,CUST-0223,Technical Bug,Medium,Resolved,False,5.7,5.0,2026-03-06 00:00:00
TCK-0224-01,CUST-0224,Technical Bug,Low,Escalation Pending,False,-1.0,3.0,2025-05-17 00:00:00
TCK-0224-02,CUST-0224,Feature Request,Medium,Resolved,False,20.0,5.0,2025-09-10 00:00:00
TCK-0224-03,CUST-0224,Performance Issue,Medium,Resolved,False,4.2,5.0,2026-01-03 00:00:00
TCK-0225-01,CUST-0225,Account Access,Urgent,In Progress,True,-1.0,2.0,2026-02-25 00:00:00
TCK-0225-02,CUST-0225,Performance Issue,Urgent,Resolved,True,12.4,2.0,2025-12-29 00:00:00
TCK-0225-03,CUST-0225,Technical Bug,High,Closed,False,42.4,5.0,2026-03-11 00:00:00
TCK-0225-04,CUST-0225,Technical Bug,Low,Escalation Pending,False,-1.0,3.0,2025-11-02 00:00:00
TCK-0225-05,CUST-0225,Account Access,Urgent,Closed,False,20.6,5.0,2026-02-24 00:00:00
TCK-0225-06,CUST-0225,Feature Request,Urgent,In Progress,False,-1.0,2.0,2025-12-14 00:00:00
TCK-0226-01,CUST-0226,Account Access,Low,Escalation Pending,False,-1.0,3.0,2026-01-02 00:00:00
TCK-0226-02,CUST-0226,Feature Request,Medium,In Progress,False,-1.0,3.0,2026-01-10 00:00:00
TCK-0226-03,CUST-0226,Account Access,Urgent,In Progress,True,-1.0,1.0,2026-06-08 00:00:00
TCK-0226-04,CUST-0226,Billing,Medium,Resolved,True,3.2,2.0,2025-10-21 00:00:00
TCK-0226-05,CUST-0226,Feature Request,High,Resolved,False,5.5,4.0,2026-04-16 00:00:00
TCK-0226-06,CUST-0226,Account Access,Medium,In Progress,False,-1.0,1.0,2026-01-27 00:00:00
TCK-0226-07,CUST-0226,Feature Request,Low,Resolved,False,12.4,5.0,2026-02-23 00:00:00
TCK-0227-01,CUST-0227,Performance Issue,Urgent,In Progress,False,-1.0,3.0,2025-08-20 00:00:00
TCK-0227-02,CUST-0227,Technical Bug,High,Closed,True,23.1,1.0,2025-11-09 00:00:00
TCK-0227-03,CUST-0227,Performance Issue,Urgent,Escalation Pending,False,-1.0,2.0,2025-07-29 00:00:00
TCK-0227-04,CUST-0227,Technical Bug,Urgent,In Progress,False,-1.0,2.0,2025-12-08 00:00:00
TCK-0228-01,CUST-0228,Billing,Medium,In Progress,False,-1.0,1.0,2026-06-23 00:00:00
TCK-0228-02,CUST-0228,Account Access,Medium,In Progress,False,-1.0,1.0,2026-02-21 00:00:00
TCK-0228-03,CUST-0228,Technical Bug,Urgent,Escalation Pending,False,-1.0,3.0,2026-05-01 00:00:00
TCK-0228-04,CUST-0228,Billing,Low,Resolved,True,9.3,1.0,2025-11-08 00:00:00
TCK-0228-05,CUST-0228,Performance Issue,Urgent,Resolved,False,10.5,3.0,2025-08-12 00:00:00
TCK-0228-06,CUST-0228,Performance Issue,Medium,Escalation Pending,False,-1.0,1.0,2025-08-31 00:00:00
TCK-0228-07,CUST-0228,Technical Bug,High,Resolved,False,58.4,4.0,2025-05-12 00:00:00
TCK-0228-08,CUST-0228,Billing,Low,Resolved,True,13.4,1.0,2025-08-12 00:00:00
TCK-0229-01,CUST-0229,Feature Request,Urgent,Closed,False,60.9,5.0,2026-04-29 00:00:00
TCK-0229-02,CUST-0229,Performance Issue,Urgent,Resolved,False,32.3,3.0,2025-06-07 00:00:00
TCK-0229-03,CUST-0229,Technical Bug,Medium,Closed,False,12.5,5.0,2025-07-31 00:00:00
TCK-0229-04,CUST-0229,Billing,Urgent,In Progress,False,-1.0,2.0,2025-09-18 00:00:00
TCK-0229-05,CUST-0229,Billing,Urgent,Escalation Pending,False,-1.0,1.0,2025-03-19 00:00:00
TCK-0229-06,CUST-0229,Account Access,Urgent,Escalation Pending,True,-1.0,1.0,2025-12-27 00:00:00
TCK-0230-01,CUST-0230,Feature Request,High,Closed,True,27.0,3.0,2025-06-29 00:00:00
TCK-0230-02,CUST-0230,Account Access,Urgent,Closed,False,47.9,5.0,2026-02-12 00:00:00
TCK-0230-03,CUST-0230,Performance Issue,High,Closed,False,21.5,5.0,2026-06-29 00:00:00
TCK-0230-04,CUST-0230,Feature Request,Low,Escalation Pending,False,-1.0,2.0,2025-11-10 00:00:00
TCK-0230-05,CUST-0230,Performance Issue,Medium,In Progress,False,-1.0,1.0,2026-03-06 00:00:00
TCK-0230-06,CUST-0230,Account Access,High,Escalation Pending,False,-1.0,1.0,2025-04-06 00:00:00
TCK-0230-07,CUST-0230,Billing,Medium,Resolved,True,13.0,3.0,2025-11-12 00:00:00
TCK-0230-08,CUST-0230,Account Access,Medium,Closed,False,4.3,4.0,2026-03-21 00:00:00
TCK-0230-09,CUST-0230,Feature Request,Urgent,Resolved,False,44.8,3.0,2025-04-02 00:00:00
TCK-0231-01,CUST-0231,Feature Request,Medium,Closed,False,6.3,5.0,2025-10-08 00:00:00
TCK-0231-02,CUST-0231,Account Access,Medium,Closed,False,11.5,4.0,2025-04-11 00:00:00
TCK-0231-03,CUST-0231,Performance Issue,Low,Resolved,False,6.5,4.0,2026-05-29 00:00:00
TCK-0231-04,CUST-0231,Billing,High,Resolved,False,25.8,5.0,2025-06-03 00:00:00
TCK-0231-05,CUST-0231,Technical Bug,Urgent,In Progress,False,-1.0,3.0,2026-06-01 00:00:00
TCK-0231-06,CUST-0231,Performance Issue,Medium,Escalation Pending,False,-1.0,2.0,2026-01-12 00:00:00
TCK-0231-07,CUST-0231,Feature Request,Low,Closed,False,19.2,5.0,2025-04-18 00:00:00
TCK-0231-08,CUST-0231,Billing,Urgent,In Progress,True,-1.0,1.0,2025-06-20 00:00:00
TCK-0231-09,CUST-0231,Account Access,High,In Progress,False,-1.0,1.0,2026-05-18 00:00:00
TCK-0232-01,CUST-0232,Account Access,Urgent,Resolved,False,42.8,5.0,2025-10-09 00:00:00
TCK-0232-02,CUST-0232,Billing,High,Closed,False,25.4,3.0,2025-12-04 00:00:00
TCK-0232-03,CUST-0232,Technical Bug,High,Resolved,False,18.5,3.0,2025-10-12 00:00:00
TCK-0232-04,CUST-0232,Account Access,Low,Resolved,False,21.5,5.0,2025-11-29 00:00:00
TCK-0232-05,CUST-0232,Account Access,Low,Escalation Pending,False,-1.0,3.0,2026-01-17 00:00:00
TCK-0232-06,CUST-0232,Account Access,Urgent,Closed,False,3.5,3.0,2025-10-07 00:00:00
TCK-0232-07,CUST-0232,Technical Bug,Urgent,Resolved,False,40.7,3.0,2026-04-10 00:00:00
TCK-0232-08,CUST-0232,Feature Request,Medium,Escalation Pending,False,-1.0,3.0,2025-12-03 00:00:00
TCK-0232-09,CUST-0232,Billing,Urgent,In Progress,True,-1.0,2.0,2026-01-01 00:00:00
TCK-0232-10,CUST-0232,Account Access,Urgent,Closed,False,18.2,3.0,2026-01-18 00:00:00
TCK-0233-01,CUST-0233,Billing,Low,Closed,True,8.2,2.0,2025-11-04 00:00:00
TCK-0233-02,CUST-0233,Performance Issue,Medium,Closed,False,15.3,5.0,2026-04-10 00:00:00
TCK-0234-01,CUST-0234,Technical Bug,Urgent,In Progress,False,-1.0,3.0,2026-02-08 00:00:00
TCK-0234-02,CUST-0234,Technical Bug,High,Resolved,True,5.8,2.0,2026-05-18 00:00:00
TCK-0234-03,CUST-0234,Account Access,Low,Closed,False,20.5,4.0,2026-02-15 00:00:00
TCK-0234-04,CUST-0234,Performance Issue,Medium,Closed,False,2.8,4.0,2026-04-25 00:00:00
TCK-0234-05,CUST-0234,Feature Request,Low,Resolved,True,7.9,3.0,2026-03-27 00:00:00
TCK-0234-06,CUST-0234,Account Access,Low,Escalation Pending,True,-1.0,2.0,2025-09-21 00:00:00
TCK-0234-07,CUST-0234,Feature Request,Urgent,Closed,False,16.4,4.0,2026-04-20 00:00:00
TCK-0235-01,CUST-0235,Account Access,Medium,In Progress,False,-1.0,3.0,2026-04-04 00:00:00
TCK-0235-02,CUST-0235,Feature Request,Low,Escalation Pending,False,-1.0,3.0,2025-11-05 00:00:00
TCK-0235-03,CUST-0235,Performance Issue,Urgent,In Progress,False,-1.0,1.0,2026-02-09 00:00:00
TCK-0235-04,CUST-0235,Feature Request,Medium,Resolved,False,8.2,5.0,2025-04-12 00:00:00
TCK-0235-05,CUST-0235,Technical Bug,High,Escalation Pending,True,-1.0,1.0,2025-10-22 00:00:00
TCK-0235-06,CUST-0235,Account Access,High,Resolved,False,10.7,5.0,2025-10-12 00:00:00
TCK-0235-07,CUST-0235,Technical Bug,Urgent,Escalation Pending,False,-1.0,1.0,2026-05-07 00:00:00
TCK-0236-01,CUST-0236,Account Access,High,Escalation Pending,False,-1.0,1.0,2025-10-22 00:00:00
TCK-0236-02,CUST-0236,Account Access,High,Closed,False,17.9,4.0,2025-06-30 00:00:00
TCK-0236-03,CUST-0236,Performance Issue,Low,Resolved,False,6.1,5.0,2025-12-21 00:00:00
TCK-0237-01,CUST-0237,Account Access,Low,In Progress,False,-1.0,1.0,2025-06-21 00:00:00
TCK-0237-02,CUST-0237,Performance Issue,Urgent,Resolved,True,18.6,2.0,2026-03-01 00:00:00
TCK-0238-01,CUST-0238,Billing,High,In Progress,False,-1.0,2.0,2025-12-20 00:00:00
TCK-0238-02,CUST-0238,Account Access,Urgent,In Progress,False,-1.0,3.0,2025-06-10 00:00:00
TCK-0238-03,CUST-0238,Technical Bug,High,Closed,True,65.8,1.0,2025-07-19 00:00:00
TCK-0238-04,CUST-0238,Performance Issue,Medium,In Progress,False,-1.0,1.0,2025-12-05 00:00:00
TCK-0239-01,CUST-0239,Technical Bug,Urgent,Resolved,False,61.3,3.0,2025-12-18 00:00:00
TCK-0239-02,CUST-0239,Feature Request,Urgent,Closed,True,60.5,2.0,2026-05-23 00:00:00
TCK-0239-03,CUST-0239,Technical Bug,High,In Progress,True,-1.0,1.0,2025-10-02 00:00:00
TCK-0240-01,CUST-0240,Billing,High,Resolved,False,66.0,5.0,2026-06-04 00:00:00
TCK-0240-02,CUST-0240,Technical Bug,Urgent,Closed,False,41.9,4.0,2026-05-01 00:00:00
TCK-0240-03,CUST-0240,Technical Bug,Urgent,Closed,False,44.4,5.0,2026-01-20 00:00:00
TCK-0240-04,CUST-0240,Account Access,Low,Escalation Pending,True,-1.0,3.0,2025-10-13 00:00:00
TCK-0240-05,CUST-0240,Performance Issue,Urgent,Closed,False,65.0,5.0,2025-08-06 00:00:00
TCK-0240-06,CUST-0240,Technical Bug,Low,Escalation Pending,False,-1.0,3.0,2025-09-19 00:00:00
TCK-0240-07,CUST-0240,Technical Bug,Low,Resolved,False,17.2,3.0,2025-10-05 00:00:00
TCK-0241-01,CUST-0241,Account Access,Low,In Progress,False,-1.0,3.0,2025-12-08 00:00:00
TCK-0241-02,CUST-0241,Billing,Low,In Progress,False,-1.0,2.0,2026-05-11 00:00:00
TCK-0241-03,CUST-0241,Feature Request,Urgent,Escalation Pending,True,-1.0,3.0,2025-12-21 00:00:00
TCK-0241-04,CUST-0241,Technical Bug,Low,Resolved,False,15.1,5.0,2026-06-03 00:00:00
TCK-0241-05,CUST-0241,Feature Request,High,In Progress,False,-1.0,1.0,2026-02-09 00:00:00
TCK-0242-01,CUST-0242,Feature Request,High,In Progress,True,-1.0,1.0,2026-06-26 00:00:00
TCK-0242-02,CUST-0242,Technical Bug,Low,Closed,False,11.5,5.0,2026-03-21 00:00:00
TCK-0242-03,CUST-0242,Performance Issue,High,In Progress,True,-1.0,1.0,2025-11-24 00:00:00
TCK-0242-04,CUST-0242,Account Access,High,Closed,False,64.0,5.0,2026-06-22 00:00:00
TCK-0242-05,CUST-0242,Account Access,Low,In Progress,False,-1.0,1.0,2025-11-18 00:00:00
TCK-0242-06,CUST-0242,Technical Bug,Medium,Resolved,True,23.1,3.0,2026-03-11 00:00:00
TCK-0242-07,CUST-0242,Technical Bug,Low,Resolved,False,10.1,5.0,2026-06-23 00:00:00
TCK-0242-08,CUST-0242,Performance Issue,Urgent,Closed,False,60.2,5.0,2026-06-17 00:00:00
TCK-0242-09,CUST-0242,Billing,Low,Escalation Pending,False,-1.0,2.0,2025-12-31 00:00:00
TCK-0242-10,CUST-0242,Billing,Medium,Resolved,False,23.3,3.0,2026-05-03 00:00:00
TCK-0243-01,CUST-0243,Performance Issue,Low,In Progress,False,-1.0,1.0,2025-12-30 00:00:00
TCK-0243-02,CUST-0243,Billing,High,Resolved,True,68.4,3.0,2025-05-27 00:00:00
TCK-0243-03,CUST-0243,Technical Bug,Medium,Closed,False,16.8,5.0,2026-01-18 00:00:00
TCK-0243-04,CUST-0243,Technical Bug,Urgent,Escalation Pending,False,-1.0,2.0,2025-07-29 00:00:00
TCK-0243-05,CUST-0243,Technical Bug,Low,Closed,False,2.1,3.0,2026-01-29 00:00:00
TCK-0243-06,CUST-0243,Performance Issue,Medium,Resolved,False,11.2,5.0,2026-04-02 00:00:00
TCK-0243-07,CUST-0243,Feature Request,Medium,Escalation Pending,False,-1.0,3.0,2026-04-24 00:00:00
TCK-0243-08,CUST-0243,Technical Bug,High,In Progress,False,-1.0,3.0,2026-01-26 00:00:00
TCK-0243-09,CUST-0243,Feature Request,Urgent,Escalation Pending,False,-1.0,2.0,2025-07-11 00:00:00
TCK-0244-01,CUST-0244,Billing,Medium,In Progress,False,-1.0,3.0,2025-07-05 00:00:00
TCK-0244-02,CUST-0244,Account Access,Urgent,Escalation Pending,False,-1.0,2.0,2026-03-11 00:00:00
TCK-0244-03,CUST-0244,Feature Request,Medium,In Progress,True,-1.0,3.0,2025-08-26 00:00:00
TCK-0244-04,CUST-0244,Feature Request,Low,In Progress,False,-1.0,2.0,2026-04-18 00:00:00
TCK-0244-05,CUST-0244,Account Access,Urgent,Escalation Pending,False,-1.0,2.0,2025-11-28 00:00:00
TCK-0244-06,CUST-0244,Account Access,Low,Closed,False,9.5,3.0,2025-10-12 00:00:00
TCK-0244-07,CUST-0244,Feature Request,Urgent,Closed,True,39.5,3.0,2025-07-03 00:00:00
TCK-0244-08,CUST-0244,Performance Issue,High,Resolved,True,68.5,1.0,2026-06-22 00:00:00
TCK-0245-01,CUST-0245,Technical Bug,High,Closed,False,60.7,5.0,2025-09-18 00:00:00
TCK-0245-02,CUST-0245,Account Access,Medium,In Progress,False,-1.0,2.0,2025-09-04 00:00:00
TCK-0245-03,CUST-0245,Performance Issue,Medium,Resolved,False,20.6,3.0,2026-06-24 00:00:00
TCK-0245-04,CUST-0245,Feature Request,Urgent,In Progress,True,-1.0,2.0,2025-02-20 00:00:00
TCK-0245-05,CUST-0245,Technical Bug,Medium,Resolved,True,19.9,2.0,2026-03-13 00:00:00
TCK-0245-06,CUST-0245,Technical Bug,High,Resolved,False,7.2,5.0,2025-02-16 00:00:00
TCK-0245-07,CUST-0245,Billing,Medium,Escalation Pending,True,-1.0,1.0,2025-12-12 00:00:00
TCK-0245-08,CUST-0245,Account Access,Urgent,Resolved,False,23.2,5.0,2025-08-22 00:00:00
TCK-0245-09,CUST-0245,Billing,High,Escalation Pending,False,-1.0,2.0,2025-11-21 00:00:00
TCK-0245-10,CUST-0245,Feature Request,Low,Escalation Pending,False,-1.0,3.0,2025-11-08 00:00:00
TCK-0246-01,CUST-0246,Account Access,Low,Resolved,False,10.7,4.0,2026-04-29 00:00:00
TCK-0246-02,CUST-0246,Account Access,Urgent,In Progress,False,-1.0,2.0,2025-11-25 00:00:00
TCK-0246-03,CUST-0246,Billing,Low,Closed,False,21.0,5.0,2026-01-18 00:00:00
TCK-0246-04,CUST-0246,Billing,Medium,Escalation Pending,False,-1.0,3.0,2026-06-30 00:00:00
TCK-0246-05,CUST-0246,Technical Bug,Low,In Progress,False,-1.0,2.0,2026-02-19 00:00:00
TCK-0246-06,CUST-0246,Account Access,Medium,Escalation Pending,True,-1.0,1.0,2026-01-28 00:00:00
TCK-0246-07,CUST-0246,Technical Bug,Urgent,In Progress,False,-1.0,3.0,2026-01-11 00:00:00
TCK-0246-08,CUST-0246,Account Access,Urgent,Resolved,False,66.5,5.0,2025-10-22 00:00:00
TCK-0247-01,CUST-0247,Technical Bug,Urgent,Resolved,False,4.7,5.0,2025-11-13 00:00:00
TCK-0247-02,CUST-0247,Technical Bug,Urgent,Escalation Pending,True,-1.0,2.0,2025-03-09 00:00:00
TCK-0247-03,CUST-0247,Account Access,Low,In Progress,False,-1.0,3.0,2026-06-20 00:00:00
TCK-0247-04,CUST-0247,Account Access,High,In Progress,False,-1.0,3.0,2026-01-31 00:00:00
TCK-0248-01,CUST-0248,Performance Issue,High,Closed,False,67.5,4.0,2025-10-03 00:00:00
TCK-0248-02,CUST-0248,Performance Issue,Urgent,Escalation Pending,True,-1.0,1.0,2025-09-25 00:00:00
TCK-0248-03,CUST-0248,Feature Request,Low,Resolved,False,8.9,4.0,2025-10-21 00:00:00
TCK-0248-04,CUST-0248,Billing,Urgent,Resolved,True,45.7,3.0,2025-09-29 00:00:00
TCK-0248-05,CUST-0248,Billing,High,Closed,False,26.1,3.0,2025-10-17 00:00:00
TCK-0248-06,CUST-0248,Account Access,High,Escalation Pending,False,-1.0,3.0,2025-12-14 00:00:00
TCK-0248-07,CUST-0248,Account Access,Urgent,Closed,False,7.4,4.0,2025-09-01 00:00:00
TCK-0248-08,CUST-0248,Technical Bug,High,Resolved,True,10.9,3.0,2026-05-07 00:00:00
TCK-0248-09,CUST-0248,Feature Request,High,In Progress,False,-1.0,3.0,2026-05-22 00:00:00
TCK-0248-10,CUST-0248,Feature Request,Medium,Closed,False,23.8,3.0,2026-05-21 00:00:00
TCK-0249-01,CUST-0249,Performance Issue,Urgent,Escalation Pending,False,-1.0,2.0,2025-12-03 00:00:00
TCK-0249-02,CUST-0249,Performance Issue,Low,Escalation Pending,False,-1.0,2.0,2026-02-26 00:00:00
TCK-0249-03,CUST-0249,Feature Request,High,In Progress,True,-1.0,3.0,2025-04-18 00:00:00
TCK-0249-04,CUST-0249,Performance Issue,Medium,In Progress,False,-1.0,3.0,2025-06-23 00:00:00
TCK-0250-01,CUST-0250,Account Access,Medium,In Progress,True,-1.0,2.0,2026-04-09 00:00:00
TCK-0250-02,CUST-0250,Feature Request,Medium,Closed,False,10.4,4.0,2025-10-19 00:00:00
TCK-0250-03,CUST-0250,Technical Bug,Urgent,Closed,False,2.4,5.0,2026-03-31 00:00:00
TCK-0250-04,CUST-0250,Billing,High,Resolved,False,44.5,3.0,2026-03-03 00:00:00
TCK-0250-05,CUST-0250,Feature Request,Urgent,In Progress,True,-1.0,2.0,2025-11-12 00:00:00
TCK-0250-06,CUST-0250,Performance Issue,Low,Escalation Pending,False,-1.0,3.0,2026-06-03 00:00:00
TCK-0250-07,CUST-0250,Feature Request,Medium,Resolved,False,2.8,3.0,2025-12-31 00:00:00
TCK-0250-08,CUST-0250,Technical Bug,Medium,Resolved,True,3.2,3.0,2025-11-14 00:00:00
TCK-0251-01,CUST-0251,Account Access,Medium,In Progress,False,-1.0,3.0,2025-01-24 00:00:00
TCK-0251-02,CUST-0251,Feature Request,Urgent,Resolved,False,6.5,4.0,2025-10-10 00:00:00
TCK-0251-03,CUST-0251,Billing,Medium,In Progress,False,-1.0,3.0,2025-08-01 00:00:00
TCK-0251-04,CUST-0251,Performance Issue,Urgent,Resolved,True,23.8,3.0,2026-01-04 00:00:00
TCK-0251-05,CUST-0251,Billing,High,Resolved,False,41.6,5.0,2025-04-10 00:00:00
TCK-0251-06,CUST-0251,Billing,Low,Resolved,True,6.1,3.0,2025-01-30 00:00:00
TCK-0251-07,CUST-0251,Technical Bug,Low,In Progress,False,-1.0,2.0,2025-04-03 00:00:00
TCK-0252-01,CUST-0252,Technical Bug,High,In Progress,True,-1.0,2.0,2025-11-07 00:00:00
TCK-0252-02,CUST-0252,Technical Bug,High,Closed,False,70.5,5.0,2026-02-25 00:00:00
TCK-0252-03,CUST-0252,Account Access,Low,In Progress,False,-1.0,2.0,2026-06-08 00:00:00
TCK-0252-04,CUST-0252,Performance Issue,Urgent,Closed,False,4.6,5.0,2025-10-02 00:00:00
TCK-0252-05,CUST-0252,Performance Issue,Medium,Escalation Pending,False,-1.0,2.0,2026-06-10 00:00:00
TCK-0252-06,CUST-0252,Account Access,Medium,In Progress,False,-1.0,1.0,2026-04-03 00:00:00
TCK-0253-01,CUST-0253,Feature Request,Medium,In Progress,False,-1.0,2.0,2026-04-04 00:00:00
TCK-0253-02,CUST-0253,Performance Issue,Low,Resolved,False,15.8,3.0,2025-12-13 00:00:00
TCK-0253-03,CUST-0253,Feature Request,Urgent,Resolved,True,15.1,2.0,2026-02-26 00:00:00
TCK-0253-04,CUST-0253,Technical Bug,Urgent,Resolved,False,32.7,5.0,2026-05-03 00:00:00
TCK-0254-01,CUST-0254,Feature Request,High,Closed,True,55.4,3.0,2025-08-17 00:00:00
TCK-0254-02,CUST-0254,Feature Request,Urgent,Escalation Pending,False,-1.0,3.0,2025-07-07 00:00:00
TCK-0254-03,CUST-0254,Technical Bug,Medium,Closed,False,22.9,4.0,2025-08-28 00:00:00
TCK-0254-04,CUST-0254,Account Access,Low,In Progress,False,-1.0,1.0,2025-12-17 00:00:00
TCK-0254-05,CUST-0254,Feature Request,Urgent,Resolved,True,48.1,1.0,2025-09-19 00:00:00
TCK-0254-06,CUST-0254,Account Access,High,Closed,True,62.0,2.0,2025-08-08 00:00:00
TCK-0254-07,CUST-0254,Technical Bug,Medium,In Progress,False,-1.0,1.0,2026-02-22 00:00:00
TCK-0254-08,CUST-0254,Technical Bug,High,Escalation Pending,True,-1.0,3.0,2025-10-09 00:00:00
TCK-0254-09,CUST-0254,Feature Request,Urgent,Closed,False,55.4,3.0,2026-01-07 00:00:00
TCK-0255-01,CUST-0255,Performance Issue,Low,Resolved,False,6.9,4.0,2025-12-05 00:00:00
TCK-0255-02,CUST-0255,Account Access,High,Resolved,True,44.7,2.0,2025-09-15 00:00:00
TCK-0255-03,CUST-0255,Technical Bug,Medium,Resolved,False,6.6,5.0,2025-09-23 00:00:00
TCK-0255-04,CUST-0255,Account Access,Urgent,Escalation Pending,False,-1.0,1.0,2025-12-30 00:00:00
TCK-0255-05,CUST-0255,Account Access,Urgent,Escalation Pending,False,-1.0,1.0,2025-12-18 00:00:00
TCK-0255-06,CUST-0255,Feature Request,Medium,Resolved,False,12.2,3.0,2026-01-31 00:00:00
TCK-0255-07,CUST-0255,Billing,Urgent,Resolved,False,13.3,4.0,2026-05-28 00:00:00
TCK-0255-08,CUST-0255,Performance Issue,Urgent,Resolved,False,36.0,5.0,2026-03-11 00:00:00
TCK-0256-01,CUST-0256,Feature Request,High,In Progress,False,-1.0,1.0,2025-12-16 00:00:00
TCK-0256-02,CUST-0256,Feature Request,Urgent,Resolved,False,12.5,5.0,2026-01-26 00:00:00
TCK-0256-03,CUST-0256,Technical Bug,Urgent,Escalation Pending,False,-1.0,2.0,2025-10-06 00:00:00
TCK-0256-04,CUST-0256,Billing,Urgent,Resolved,False,64.2,5.0,2026-01-23 00:00:00
TCK-0256-05,CUST-0256,Feature Request,High,Resolved,False,40.0,4.0,2026-02-13 00:00:00
TCK-0256-06,CUST-0256,Account Access,Urgent,In Progress,True,-1.0,2.0,2025-10-04 00:00:00
TCK-0256-07,CUST-0256,Performance Issue,Low,Resolved,False,13.7,5.0,2026-01-21 00:00:00
TCK-0257-01,CUST-0257,Account Access,High,Closed,False,66.3,5.0,2025-10-01 00:00:00
TCK-0257-02,CUST-0257,Billing,High,Closed,False,44.7,3.0,2026-03-25 00:00:00
TCK-0257-03,CUST-0257,Performance Issue,Low,In Progress,False,-1.0,2.0,2026-04-04 00:00:00
TCK-0257-04,CUST-0257,Billing,Medium,In Progress,False,-1.0,3.0,2025-10-21 00:00:00
TCK-0257-05,CUST-0257,Feature Request,Low,In Progress,False,-1.0,2.0,2026-06-01 00:00:00
TCK-0257-06,CUST-0257,Performance Issue,Medium,Resolved,False,10.2,5.0,2025-12-30 00:00:00
TCK-0257-07,CUST-0257,Feature Request,High,Closed,False,21.4,3.0,2026-04-03 00:00:00
TCK-0257-08,CUST-0257,Technical Bug,High,Escalation Pending,True,-1.0,1.0,2025-09-20 00:00:00
TCK-0258-01,CUST-0258,Technical Bug,Medium,In Progress,True,-1.0,1.0,2025-07-15 00:00:00
TCK-0258-02,CUST-0258,Performance Issue,High,Escalation Pending,False,-1.0,3.0,2026-01-14 00:00:00
TCK-0258-03,CUST-0258,Performance Issue,High,Escalation Pending,False,-1.0,3.0,2025-06-19 00:00:00
TCK-0259-01,CUST-0259,Performance Issue,Medium,In Progress,False,-1.0,2.0,2025-09-30 00:00:00
TCK-0259-02,CUST-0259,Performance Issue,Low,In Progress,False,-1.0,1.0,2025-12-29 00:00:00
TCK-0259-03,CUST-0259,Performance Issue,High,In Progress,True,-1.0,2.0,2026-05-11 00:00:00
TCK-0259-04,CUST-0259,Billing,Medium,Closed,False,15.7,5.0,2026-04-14 00:00:00
TCK-0259-05,CUST-0259,Billing,High,Escalation Pending,False,-1.0,1.0,2026-03-25 00:00:00
TCK-0260-01,CUST-0260,Performance Issue,High,Closed,True,55.7,3.0,2025-11-11 00:00:00
TCK-0260-02,CUST-0260,Performance Issue,Urgent,Closed,False,31.3,5.0,2025-09-30 00:00:00
TCK-0260-03,CUST-0260,Account Access,Low,In Progress,False,-1.0,3.0,2026-01-19 00:00:00
TCK-0261-01,CUST-0261,Technical Bug,Medium,Resolved,False,13.7,5.0,2026-06-22 00:00:00
TCK-0261-02,CUST-0261,Feature Request,Medium,Resolved,False,10.4,5.0,2025-12-28 00:00:00
TCK-0261-03,CUST-0261,Feature Request,Medium,Closed,False,5.0,3.0,2026-03-30 00:00:00
TCK-0261-04,CUST-0261,Performance Issue,Urgent,In Progress,False,-1.0,3.0,2025-10-02 00:00:00
TCK-0261-05,CUST-0261,Technical Bug,Urgent,In Progress,False,-1.0,1.0,2026-06-12 00:00:00
TCK-0261-06,CUST-0261,Performance Issue,Urgent,Closed,False,61.5,4.0,2026-01-17 00:00:00
TCK-0261-07,CUST-0261,Account Access,Medium,Closed,False,9.1,5.0,2025-06-30 00:00:00
TCK-0261-08,CUST-0261,Billing,Medium,Escalation Pending,False,-1.0,1.0,2026-05-13 00:00:00
TCK-0261-09,CUST-0261,Performance Issue,Urgent,Closed,False,70.1,3.0,2026-04-02 00:00:00
TCK-0262-01,CUST-0262,Billing,Urgent,Escalation Pending,False,-1.0,2.0,2025-03-14 00:00:00
TCK-0262-02,CUST-0262,Feature Request,High,Resolved,False,52.1,3.0,2025-09-18 00:00:00
TCK-0263-01,CUST-0263,Feature Request,Urgent,Resolved,False,9.3,5.0,2025-05-16 00:00:00
TCK-0263-02,CUST-0263,Technical Bug,High,In Progress,False,-1.0,1.0,2025-09-27 00:00:00
TCK-0263-03,CUST-0263,Feature Request,Medium,In Progress,False,-1.0,3.0,2025-04-07 00:00:00
TCK-0263-04,CUST-0263,Feature Request,Urgent,In Progress,False,-1.0,2.0,2025-11-20 00:00:00
TCK-0263-05,CUST-0263,Feature Request,High,In Progress,False,-1.0,3.0,2025-10-30 00:00:00
TCK-0263-06,CUST-0263,Performance Issue,Low,Closed,False,13.5,3.0,2025-09-05 00:00:00
TCK-0263-07,CUST-0263,Account Access,High,In Progress,False,-1.0,3.0,2025-07-03 00:00:00
TCK-0264-01,CUST-0264,Technical Bug,Medium,Escalation Pending,False,-1.0,2.0,2026-04-23 00:00:00
TCK-0264-02,CUST-0264,Technical Bug,Low,In Progress,False,-1.0,1.0,2026-03-27 00:00:00
TCK-0264-03,CUST-0264,Billing,High,Escalation Pending,False,-1.0,2.0,2026-04-13 00:00:00
TCK-0264-04,CUST-0264,Technical Bug,High,In Progress,False,-1.0,3.0,2025-12-09 00:00:00
TCK-0265-01,CUST-0265,Feature Request,Low,Resolved,False,9.5,5.0,2025-07-15 00:00:00
TCK-0265-02,CUST-0265,Technical Bug,Medium,Resolved,False,16.3,5.0,2025-12-12 00:00:00
TCK-0265-03,CUST-0265,Feature Request,Low,Closed,False,18.3,5.0,2026-03-07 00:00:00
TCK-0265-04,CUST-0265,Billing,Urgent,In Progress,False,-1.0,3.0,2025-05-05 00:00:00
TCK-0265-05,CUST-0265,Account Access,Low,Resolved,False,11.8,4.0,2025-08-04 00:00:00
TCK-0265-06,CUST-0265,Account Access,Medium,Closed,False,7.0,5.0,2025-06-30 00:00:00
TCK-0265-07,CUST-0265,Billing,High,Resolved,False,54.0,3.0,2025-06-07 00:00:00
TCK-0265-08,CUST-0265,Performance Issue,High,Closed,True,19.1,3.0,2025-12-01 00:00:00
TCK-0265-09,CUST-0265,Feature Request,Low,Resolved,False,9.0,3.0,2025-07-10 00:00:00
TCK-0266-01,CUST-0266,Performance Issue,Urgent,Resolved,True,42.7,1.0,2026-05-20 00:00:00
TCK-0266-02,CUST-0266,Technical Bug,Urgent,In Progress,False,-1.0,2.0,2026-02-21 00:00:00
TCK-0266-03,CUST-0266,Feature Request,Medium,Escalation Pending,False,-1.0,3.0,2026-02-28 00:00:00
TCK-0266-04,CUST-0266,Account Access,High,Closed,False,25.9,5.0,2026-05-19 00:00:00
TCK-0266-05,CUST-0266,Billing,Medium,In Progress,False,-1.0,3.0,2026-06-03 00:00:00
TCK-0267-01,CUST-0267,Account Access,Medium,Resolved,False,18.8,4.0,2025-07-26 00:00:00
TCK-0267-02,CUST-0267,Performance Issue,High,Escalation Pending,True,-1.0,1.0,2026-02-04 00:00:00
TCK-0267-03,CUST-0267,Account Access,Medium,Closed,False,9.1,4.0,2026-03-18 00:00:00
TCK-0267-04,CUST-0267,Feature Request,Medium,Closed,False,9.2,5.0,2026-01-19 00:00:00
TCK-0267-05,CUST-0267,Performance Issue,Urgent,In Progress,False,-1.0,1.0,2026-06-11 00:00:00
TCK-0267-06,CUST-0267,Account Access,Urgent,In Progress,False,-1.0,2.0,2025-05-04 00:00:00
TCK-0267-07,CUST-0267,Account Access,High,In Progress,False,-1.0,2.0,2025-07-26 00:00:00
TCK-0267-08,CUST-0267,Feature Request,Urgent,Resolved,False,55.4,5.0,2025-03-19 00:00:00
TCK-0267-09,CUST-0267,Feature Request,High,Closed,False,70.2,5.0,2025-02-28 00:00:00
TCK-0268-01,CUST-0268,Feature Request,High,Closed,False,57.8,5.0,2025-11-02 00:00:00
TCK-0268-02,CUST-0268,Billing,Low,In Progress,True,-1.0,3.0,2026-02-15 00:00:00
TCK-0268-03,CUST-0268,Performance Issue,Urgent,Resolved,False,56.7,5.0,2026-06-02 00:00:00
TCK-0268-04,CUST-0268,Feature Request,Medium,Escalation Pending,False,-1.0,1.0,2025-08-05 00:00:00
TCK-0268-05,CUST-0268,Billing,High,In Progress,True,-1.0,2.0,2025-11-07 00:00:00
TCK-0268-06,CUST-0268,Billing,Urgent,Resolved,True,24.7,3.0,2026-01-12 00:00:00
TCK-0268-07,CUST-0268,Technical Bug,Medium,Closed,False,14.4,5.0,2025-10-18 00:00:00
TCK-0268-08,CUST-0268,Account Access,High,In Progress,False,-1.0,3.0,2025-06-26 00:00:00
TCK-0269-01,CUST-0269,Account Access,Urgent,In Progress,True,-1.0,2.0,2025-07-31 00:00:00
TCK-0269-02,CUST-0269,Account Access,High,Resolved,False,11.8,5.0,2025-11-25 00:00:00
TCK-0269-03,CUST-0269,Feature Request,Urgent,Resolved,False,65.9,5.0,2025-04-29 00:00:00
TCK-0269-04,CUST-0269,Performance Issue,Urgent,In Progress,False,-1.0,3.0,2025-12-28 00:00:00
TCK-0270-01,CUST-0270,Performance Issue,Medium,Resolved,False,14.6,5.0,2026-01-19 00:00:00
TCK-0270-02,CUST-0270,Billing,Urgent,Escalation Pending,False,-1.0,2.0,2025-12-30 00:00:00
TCK-0270-03,CUST-0270,Account Access,Low,In Progress,False,-1.0,2.0,2026-05-23 00:00:00
TCK-0271-01,CUST-0271,Billing,Medium,Closed,True,7.7,1.0,2026-05-15 00:00:00
TCK-0271-02,CUST-0271,Account Access,Urgent,Closed,False,55.9,5.0,2026-05-11 00:00:00
TCK-0272-01,CUST-0272,Performance Issue,Low,In Progress,False,-1.0,1.0,2025-08-08 00:00:00
TCK-0272-02,CUST-0272,Account Access,Medium,Closed,False,8.7,5.0,2025-07-10 00:00:00
TCK-0273-01,CUST-0273,Feature Request,Low,Closed,False,10.4,5.0,2026-03-27 00:00:00
TCK-0273-02,CUST-0273,Feature Request,Medium,Escalation Pending,False,-1.0,3.0,2025-10-17 00:00:00
TCK-0273-03,CUST-0273,Billing,Medium,Resolved,False,5.6,4.0,2025-10-15 00:00:00
TCK-0274-01,CUST-0274,Technical Bug,Low,In Progress,False,-1.0,2.0,2025-12-10 00:00:00
TCK-0274-02,CUST-0274,Performance Issue,Low,Resolved,False,2.2,5.0,2026-02-22 00:00:00
TCK-0274-03,CUST-0274,Billing,High,In Progress,False,-1.0,1.0,2026-03-12 00:00:00
TCK-0274-04,CUST-0274,Account Access,Medium,Resolved,False,16.3,5.0,2026-03-31 00:00:00
TCK-0274-05,CUST-0274,Billing,High,In Progress,False,-1.0,1.0,2025-10-13 00:00:00
TCK-0275-01,CUST-0275,Technical Bug,Urgent,Resolved,False,43.7,4.0,2026-02-21 00:00:00
TCK-0275-02,CUST-0275,Account Access,Urgent,Escalation Pending,False,-1.0,1.0,2025-12-22 00:00:00
TCK-0275-03,CUST-0275,Performance Issue,Medium,Closed,False,10.0,3.0,2025-12-16 00:00:00
TCK-0275-04,CUST-0275,Billing,Urgent,Escalation Pending,True,-1.0,3.0,2026-04-03 00:00:00
TCK-0276-01,CUST-0276,Technical Bug,Urgent,Escalation Pending,True,-1.0,3.0,2026-05-25 00:00:00
TCK-0276-02,CUST-0276,Technical Bug,Medium,In Progress,False,-1.0,1.0,2025-10-16 00:00:00
TCK-0277-01,CUST-0277,Technical Bug,Low,Escalation Pending,False,-1.0,2.0,2025-12-07 00:00:00
TCK-0277-02,CUST-0277,Account Access,High,Resolved,False,35.4,4.0,2025-12-06 00:00:00
TCK-0277-03,CUST-0277,Technical Bug,Medium,Closed,False,7.0,3.0,2025-11-20 00:00:00
TCK-0277-04,CUST-0277,Feature Request,High,Resolved,False,19.5,5.0,2026-01-05 00:00:00
TCK-0277-05,CUST-0277,Account Access,High,Escalation Pending,False,-1.0,3.0,2026-06-26 00:00:00
TCK-0277-06,CUST-0277,Performance Issue,High,Closed,False,25.0,5.0,2025-12-16 00:00:00
TCK-0277-07,CUST-0277,Performance Issue,Low,Escalation Pending,False,-1.0,3.0,2025-10-27 00:00:00
TCK-0277-08,CUST-0277,Technical Bug,Medium,Resolved,True,20.4,1.0,2025-12-24 00:00:00
TCK-0277-09,CUST-0277,Feature Request,High,Escalation Pending,True,-1.0,2.0,2026-03-28 00:00:00
TCK-0278-01,CUST-0278,Performance Issue,Urgent,In Progress,True,-1.0,3.0,2026-05-12 00:00:00
TCK-0278-02,CUST-0278,Account Access,High,Closed,False,19.9,5.0,2026-05-30 00:00:00
TCK-0278-03,CUST-0278,Feature Request,Low,In Progress,False,-1.0,3.0,2026-01-03 00:00:00
TCK-0278-04,CUST-0278,Billing,High,Resolved,False,69.5,4.0,2025-10-09 00:00:00
TCK-0278-05,CUST-0278,Technical Bug,Urgent,Resolved,False,40.5,5.0,2025-10-25 00:00:00
TCK-0278-06,CUST-0278,Account Access,High,Resolved,False,69.6,4.0,2026-03-13 00:00:00
TCK-0279-01,CUST-0279,Performance Issue,Medium,Resolved,False,19.6,5.0,2026-04-04 00:00:00
TCK-0279-02,CUST-0279,Technical Bug,Medium,Resolved,False,17.0,4.0,2025-09-17 00:00:00
TCK-0279-03,CUST-0279,Performance Issue,Urgent,In Progress,False,-1.0,1.0,2026-01-23 00:00:00
TCK-0279-04,CUST-0279,Account Access,Urgent,Escalation Pending,False,-1.0,2.0,2026-02-26 00:00:00
TCK-0279-05,CUST-0279,Account Access,Medium,In Progress,False,-1.0,1.0,2025-08-09 00:00:00
TCK-0279-06,CUST-0279,Account Access,High,Resolved,True,6.1,2.0,2025-09-11 00:00:00
TCK-0279-07,CUST-0279,Technical Bug,Urgent,Closed,False,29.4,4.0,2026-05-28 00:00:00
TCK-0279-08,CUST-0279,Feature Request,Urgent,Closed,False,60.4,3.0,2025-10-25 00:00:00
TCK-0279-09,CUST-0279,Account Access,Medium,Resolved,False,18.0,4.0,2025-10-15 00:00:00
TCK-0279-10,CUST-0279,Feature Request,Medium,In Progress,False,-1.0,1.0,2026-05-24 00:00:00
TCK-0280-01,CUST-0280,Feature Request,High,Escalation Pending,False,-1.0,1.0,2025-10-06 00:00:00
TCK-0280-02,CUST-0280,Account Access,High,Resolved,False,28.7,5.0,2025-10-27 00:00:00
TCK-0280-03,CUST-0280,Feature Request,Urgent,Escalation Pending,False,-1.0,2.0,2025-12-24 00:00:00
TCK-0280-04,CUST-0280,Performance Issue,Low,In Progress,True,-1.0,1.0,2026-05-11 00:00:00
TCK-0280-05,CUST-0280,Feature Request,Urgent,Resolved,True,62.6,2.0,2026-01-19 00:00:00
TCK-0281-01,CUST-0281,Billing,Low,Escalation Pending,False,-1.0,1.0,2026-04-28 00:00:00
TCK-0281-02,CUST-0281,Feature Request,Medium,In Progress,False,-1.0,1.0,2026-06-30 00:00:00
TCK-0281-03,CUST-0281,Feature Request,Urgent,Escalation Pending,False,-1.0,1.0,2026-05-07 00:00:00
TCK-0282-01,CUST-0282,Performance Issue,Urgent,Resolved,False,26.3,5.0,2025-12-25 00:00:00
TCK-0282-02,CUST-0282,Performance Issue,Low,Escalation Pending,False,-1.0,3.0,2025-05-17 00:00:00
TCK-0282-03,CUST-0282,Technical Bug,Medium,In Progress,True,-1.0,1.0,2025-09-30 00:00:00
TCK-0282-04,CUST-0282,Feature Request,Low,In Progress,False,-1.0,2.0,2026-06-27 00:00:00
TCK-0282-05,CUST-0282,Account Access,High,Closed,False,21.4,3.0,2025-10-17 00:00:00
TCK-0282-06,CUST-0282,Feature Request,High,Closed,False,16.7,5.0,2026-05-18 00:00:00
TCK-0282-07,CUST-0282,Feature Request,High,Closed,False,61.1,3.0,2025-10-21 00:00:00
TCK-0283-01,CUST-0283,Account Access,Urgent,Escalation Pending,False,-1.0,1.0,2025-07-02 00:00:00
TCK-0283-02,CUST-0283,Feature Request,High,Escalation Pending,True,-1.0,2.0,2026-03-10 00:00:00
TCK-0283-03,CUST-0283,Technical Bug,Medium,Resolved,False,6.2,5.0,2026-05-28 00:00:00
TCK-0283-04,CUST-0283,Performance Issue,High,Closed,False,29.9,3.0,2025-05-29 00:00:00
TCK-0283-05,CUST-0283,Billing,Low,Escalation Pending,False,-1.0,2.0,2025-05-02 00:00:00
TCK-0283-06,CUST-0283,Account Access,High,Escalation Pending,False,-1.0,1.0,2026-04-25 00:00:00
TCK-0283-07,CUST-0283,Account Access,Low,Closed,False,11.7,3.0,2025-06-22 00:00:00
TCK-0283-08,CUST-0283,Performance Issue,Medium,In Progress,False,-1.0,1.0,2025-10-28 00:00:00
TCK-0284-01,CUST-0284,Billing,High,Resolved,True,62.0,2.0,2026-06-25 00:00:00
TCK-0284-02,CUST-0284,Feature Request,Urgent,Closed,False,30.9,5.0,2026-03-09 00:00:00
TCK-0284-03,CUST-0284,Performance Issue,Urgent,In Progress,False,-1.0,2.0,2025-11-28 00:00:00
TCK-0284-04,CUST-0284,Account Access,High,Closed,False,24.4,5.0,2025-05-31 00:00:00
TCK-0285-01,CUST-0285,Feature Request,High,Closed,True,52.4,3.0,2026-02-14 00:00:00
TCK-0285-02,CUST-0285,Performance Issue,Medium,Resolved,False,12.1,5.0,2025-11-01 00:00:00
TCK-0285-03,CUST-0285,Performance Issue,Urgent,Closed,True,3.5,2.0,2025-12-03 00:00:00
TCK-0285-04,CUST-0285,Billing,High,Closed,False,6.5,5.0,2025-03-25 00:00:00
TCK-0285-05,CUST-0285,Account Access,High,Resolved,False,52.0,5.0,2025-09-28 00:00:00
TCK-0285-06,CUST-0285,Technical Bug,Urgent,Escalation Pending,True,-1.0,2.0,2025-11-22 00:00:00
TCK-0285-07,CUST-0285,Account Access,High,Escalation Pending,True,-1.0,1.0,2026-03-19 00:00:00
TCK-0285-08,CUST-0285,Performance Issue,High,Resolved,False,51.8,5.0,2025-12-17 00:00:00
TCK-0285-09,CUST-0285,Billing,Low,Escalation Pending,False,-1.0,3.0,2025-05-13 00:00:00
TCK-0285-10,CUST-0285,Technical Bug,Medium,Closed,False,20.4,3.0,2026-01-18 00:00:00
TCK-0286-01,CUST-0286,Feature Request,Urgent,In Progress,True,-1.0,1.0,2025-09-06 00:00:00
TCK-0286-02,CUST-0286,Account Access,High,Escalation Pending,True,-1.0,2.0,2026-03-31 00:00:00
TCK-0286-03,CUST-0286,Billing,Medium,Closed,True,7.0,3.0,2026-06-08 00:00:00
TCK-0286-04,CUST-0286,Billing,High,Resolved,False,38.7,3.0,2026-05-25 00:00:00
TCK-0286-05,CUST-0286,Billing,Low,Resolved,False,5.7,3.0,2025-07-21 00:00:00
TCK-0286-06,CUST-0286,Account Access,Urgent,In Progress,True,-1.0,1.0,2025-10-15 00:00:00
TCK-0286-07,CUST-0286,Technical Bug,Urgent,Closed,True,70.3,1.0,2025-10-06 00:00:00
TCK-0286-08,CUST-0286,Performance Issue,High,Escalation Pending,False,-1.0,3.0,2025-10-17 00:00:00
TCK-0287-01,CUST-0287,Billing,High,Closed,False,65.0,5.0,2025-09-16 00:00:00
TCK-0287-02,CUST-0287,Performance Issue,Medium,In Progress,False,-1.0,2.0,2026-05-13 00:00:00
TCK-0287-03,CUST-0287,Performance Issue,Urgent,Resolved,False,48.8,3.0,2025-11-30 00:00:00
TCK-0287-04,CUST-0287,Technical Bug,High,Escalation Pending,True,-1.0,1.0,2026-01-02 00:00:00
TCK-0287-05,CUST-0287,Billing,High,Escalation Pending,True,-1.0,3.0,2026-06-07 00:00:00
TCK-0287-06,CUST-0287,Performance Issue,Low,Resolved,False,16.6,5.0,2026-03-06 00:00:00
TCK-0288-01,CUST-0288,Account Access,Urgent,Escalation Pending,False,-1.0,1.0,2026-04-27 00:00:00
TCK-0288-02,CUST-0288,Billing,Urgent,Escalation Pending,True,-1.0,3.0,2026-03-06 00:00:00
TCK-0288-03,CUST-0288,Account Access,Urgent,In Progress,False,-1.0,3.0,2025-09-16 00:00:00
TCK-0288-04,CUST-0288,Performance Issue,Low,Resolved,False,8.8,4.0,2026-01-26 00:00:00
TCK-0288-05,CUST-0288,Billing,Low,In Progress,True,-1.0,2.0,2025-11-23 00:00:00
TCK-0289-01,CUST-0289,Performance Issue,High,Resolved,False,65.7,3.0,2026-05-19 00:00:00
TCK-0289-02,CUST-0289,Technical Bug,Medium,Resolved,False,17.7,5.0,2026-01-10 00:00:00
TCK-0289-03,CUST-0289,Performance Issue,Low,Escalation Pending,True,-1.0,1.0,2025-11-25 00:00:00
TCK-0289-04,CUST-0289,Account Access,Low,In Progress,False,-1.0,1.0,2026-04-14 00:00:00
TCK-0290-01,CUST-0290,Feature Request,High,In Progress,True,-1.0,2.0,2026-04-26 00:00:00
TCK-0290-02,CUST-0290,Billing,Urgent,Escalation Pending,False,-1.0,2.0,2025-08-13 00:00:00
TCK-0290-03,CUST-0290,Feature Request,High,Escalation Pending,False,-1.0,1.0,2026-04-29 00:00:00
TCK-0290-04,CUST-0290,Feature Request,Medium,Closed,False,3.6,3.0,2025-07-06 00:00:00
TCK-0290-05,CUST-0290,Technical Bug,Urgent,In Progress,True,-1.0,1.0,2026-05-21 00:00:00
TCK-0290-06,CUST-0290,Account Access,Urgent,In Progress,True,-1.0,2.0,2026-02-23 00:00:00
TCK-0291-01,CUST-0291,Performance Issue,Low,Resolved,False,4.5,3.0,2026-06-14 00:00:00
TCK-0291-02,CUST-0291,Feature Request,Medium,Resolved,True,7.3,3.0,2025-10-20 00:00:00
TCK-0291-03,CUST-0291,Feature Request,Medium,Resolved,False,16.6,4.0,2026-05-12 00:00:00
TCK-0291-04,CUST-0291,Technical Bug,High,Resolved,True,68.4,2.0,2026-06-28 00:00:00
TCK-0292-01,CUST-0292,Feature Request,Medium,Resolved,False,7.0,4.0,2026-01-08 00:00:00
TCK-0292-02,CUST-0292,Feature Request,Low,Resolved,False,20.6,5.0,2025-07-13 00:00:00
TCK-0292-03,CUST-0292,Technical Bug,High,Resolved,True,30.7,3.0,2025-02-16 00:00:00
TCK-0292-04,CUST-0292,Performance Issue,Medium,In Progress,False,-1.0,2.0,2025-03-10 00:00:00
TCK-0292-05,CUST-0292,Technical Bug,Low,Resolved,False,10.4,3.0,2026-03-02 00:00:00
TCK-0292-06,CUST-0292,Performance Issue,Low,Resolved,False,14.4,3.0,2025-02-19 00:00:00
TCK-0292-07,CUST-0292,Feature Request,Urgent,Escalation Pending,True,-1.0,2.0,2025-09-30 00:00:00
TCK-0292-08,CUST-0292,Feature Request,High,Escalation Pending,True,-1.0,2.0,2025-07-05 00:00:00
TCK-0293-01,CUST-0293,Account Access,Medium,Resolved,False,11.5,5.0,2025-06-13 00:00:00
TCK-0293-02,CUST-0293,Billing,Urgent,Closed,False,71.1,4.0,2026-06-05 00:00:00
TCK-0293-03,CUST-0293,Account Access,Medium,Escalation Pending,False,-1.0,2.0,2025-11-22 00:00:00
TCK-0293-04,CUST-0293,Feature Request,Urgent,Escalation Pending,False,-1.0,2.0,2025-09-20 00:00:00
TCK-0293-05,CUST-0293,Account Access,Urgent,Closed,True,19.2,3.0,2025-07-07 00:00:00
TCK-0293-06,CUST-0293,Performance Issue,Medium,In Progress,False,-1.0,2.0,2026-01-06 00:00:00
TCK-0293-07,CUST-0293,Feature Request,High,Closed,False,29.5,5.0,2025-05-26 00:00:00
TCK-0293-08,CUST-0293,Performance Issue,Urgent,Escalation Pending,True,-1.0,1.0,2025-07-12 00:00:00
TCK-0294-01,CUST-0294,Billing,Medium,Closed,False,8.0,4.0,2026-02-26 00:00:00
TCK-0294-02,CUST-0294,Feature Request,Medium,In Progress,False,-1.0,2.0,2025-08-07 00:00:00
TCK-0294-03,CUST-0294,Technical Bug,Urgent,Resolved,True,49.3,1.0,2025-05-17 00:00:00
TCK-0294-04,CUST-0294,Billing,Low,Resolved,False,9.3,3.0,2025-09-11 00:00:00
TCK-0294-05,CUST-0294,Account Access,Medium,Closed,False,8.8,3.0,2025-10-06 00:00:00
TCK-0294-06,CUST-0294,Performance Issue,High,Escalation Pending,False,-1.0,2.0,2025-09-24 00:00:00
TCK-0294-07,CUST-0294,Technical Bug,High,Closed,True,65.1,1.0,2025-06-26 00:00:00
TCK-0294-08,CUST-0294,Feature Request,Low,Escalation Pending,False,-1.0,1.0,2026-01-16 00:00:00
TCK-0294-09,CUST-0294,Performance Issue,Urgent,In Progress,False,-1.0,3.0,2026-06-12 00:00:00
TCK-0295-01,CUST-0295,Feature Request,Urgent,Resolved,False,43.0,5.0,2026-07-01 00:00:00
TCK-0295-02,CUST-0295,Feature Request,Medium,Resolved,False,23.3,5.0,2026-06-08 00:00:00
TCK-0295-03,CUST-0295,Account Access,Low,Resolved,False,5.9,5.0,2026-02-21 00:00:00
TCK-0295-04,CUST-0295,Feature Request,Medium,Closed,False,23.2,5.0,2025-08-08 00:00:00
TCK-0295-05,CUST-0295,Billing,High,Escalation Pending,False,-1.0,1.0,2026-01-24 00:00:00
TCK-0295-06,CUST-0295,Performance Issue,Urgent,In Progress,False,-1.0,2.0,2025-06-18 00:00:00
TCK-0295-07,CUST-0295,Performance Issue,High,Resolved,False,36.3,4.0,2025-04-07 00:00:00
TCK-0295-08,CUST-0295,Technical Bug,High,Escalation Pending,True,-1.0,2.0,2025-04-01 00:00:00
TCK-0296-01,CUST-0296,Performance Issue,Low,Resolved,False,8.7,4.0,2026-05-14 00:00:00
TCK-0296-02,CUST-0296,Feature Request,Urgent,In Progress,True,-1.0,3.0,2026-02-06 00:00:00
TCK-0296-03,CUST-0296,Account Access,High,Escalation Pending,False,-1.0,2.0,2026-01-03 00:00:00
TCK-0296-04,CUST-0296,Technical Bug,High,Closed,False,36.2,5.0,2025-04-13 00:00:00
TCK-0297-01,CUST-0297,Billing,Medium,In Progress,True,-1.0,1.0,2025-06-19 00:00:00
TCK-0297-02,CUST-0297,Performance Issue,Medium,Resolved,False,2.2,3.0,2025-12-28 00:00:00
TCK-0297-03,CUST-0297,Performance Issue,Low,Escalation Pending,False,-1.0,3.0,2025-12-17 00:00:00
TCK-0297-04,CUST-0297,Billing,Low,Closed,True,6.4,3.0,2025-04-06 00:00:00
TCK-0298-01,CUST-0298,Billing,Low,Closed,False,12.5,4.0,2026-04-28 00:00:00
TCK-0298-02,CUST-0298,Feature Request,Medium,Resolved,False,11.7,3.0,2025-06-10 00:00:00
TCK-0298-03,CUST-0298,Technical Bug,Medium,Closed,False,17.4,3.0,2025-08-05 00:00:00
TCK-0298-04,CUST-0298,Technical Bug,High,Closed,False,13.4,5.0,2026-03-04 00:00:00
TCK-0298-05,CUST-0298,Feature Request,High,In Progress,True,-1.0,2.0,2026-05-12 00:00:00
TCK-0299-01,CUST-0299,Billing,Urgent,Resolved,True,45.4,2.0,2025-04-26 00:00:00
TCK-0299-02,CUST-0299,Feature Request,Low,Resolved,False,9.0,5.0,2025-04-12 00:00:00
TCK-0300-01,CUST-0300,Feature Request,High,In Progress,False,-1.0,3.0,2025-12-10 00:00:00
TCK-0300-02,CUST-0300,Technical Bug,Medium,In Progress,True,-1.0,2.0,2026-04-30 00:00:00
TCK-0300-03,CUST-0300,Feature Request,High,Escalation Pending,False,-1.0,2.0,2026-04-29 00:00:00
TCK-0300-04,CUST-0300,Feature Request,Medium,Escalation Pending,False,-1.0,2.0,2025-09-16 00:00:00
TCK-0300-05,CUST-0300,Technical Bug,High,Closed,False,30.0,3.0,2026-04-14 00:00:00
TCK-0300-06,CUST-0300,Technical Bug,Medium,Closed,False,6.8,3.0,2026-03-23 00:00:00
TCK-0300-07,CUST-0300,Feature Request,Medium,Closed,False,2.5,5.0,2025-11-24 00:00:00
TCK-0301-01,CUST-0301,Feature Request,Urgent,Closed,False,36.1,3.0,2026-03-07 00:00:00
TCK-0301-02,CUST-0301,Billing,Low,Escalation Pending,False,-1.0,3.0,2026-02-03 00:00:00
TCK-0301-03,CUST-0301,Technical Bug,Medium,Escalation Pending,False,-1.0,1.0,2026-04-09 00:00:00
TCK-0301-04,CUST-0301,Feature Request,Low,Closed,False,9.4,5.0,2026-04-15 00:00:00
TCK-0301-05,CUST-0301,Performance Issue,Low,In Progress,False,-1.0,2.0,2026-03-18 00:00:00
TCK-0301-06,CUST-0301,Technical Bug,High,Escalation Pending,False,-1.0,1.0,2025-09-17 00:00:00
TCK-0301-07,CUST-0301,Feature Request,High,Closed,False,68.1,4.0,2026-02-15 00:00:00
TCK-0301-08,CUST-0301,Feature Request,High,In Progress,False,-1.0,3.0,2025-12-16 00:00:00
TCK-0301-09,CUST-0301,Technical Bug,High,Closed,False,51.6,4.0,2026-01-13 00:00:00
TCK-0302-01,CUST-0302,Technical Bug,High,Escalation Pending,True,-1.0,2.0,2025-12-24 00:00:00
TCK-0302-02,CUST-0302,Account Access,Low,Closed,False,19.4,5.0,2026-02-18 00:00:00
TCK-0302-03,CUST-0302,Technical Bug,High,Resolved,False,35.2,4.0,2026-01-09 00:00:00
TCK-0302-04,CUST-0302,Billing,High,Escalation Pending,False,-1.0,3.0,2025-05-04 00:00:00
TCK-0302-05,CUST-0302,Account Access,High,In Progress,False,-1.0,3.0,2026-05-17 00:00:00
TCK-0302-06,CUST-0302,Performance Issue,Medium,Closed,False,23.1,3.0,2025-07-20 00:00:00
TCK-0302-07,CUST-0302,Billing,Medium,In Progress,False,-1.0,1.0,2026-03-30 00:00:00
TCK-0302-08,CUST-0302,Feature Request,Urgent,Resolved,False,22.9,4.0,2025-05-03 00:00:00
TCK-0303-01,CUST-0303,Feature Request,Medium,In Progress,False,-1.0,1.0,2025-08-05 00:00:00
TCK-0303-02,CUST-0303,Feature Request,High,Escalation Pending,True,-1.0,2.0,2025-06-09 00:00:00
TCK-0303-03,CUST-0303,Performance Issue,Medium,Resolved,False,4.7,5.0,2025-12-25 00:00:00
TCK-0303-04,CUST-0303,Feature Request,High,Escalation Pending,True,-1.0,3.0,2025-03-31 00:00:00
TCK-0303-05,CUST-0303,Feature Request,High,In Progress,False,-1.0,3.0,2026-05-20 00:00:00
TCK-0303-06,CUST-0303,Billing,High,Resolved,True,63.8,1.0,2026-03-23 00:00:00
TCK-0303-07,CUST-0303,Technical Bug,Urgent,Resolved,True,11.8,1.0,2025-12-10 00:00:00
TCK-0303-08,CUST-0303,Technical Bug,Medium,In Progress,True,-1.0,2.0,2025-09-07 00:00:00
TCK-0303-09,CUST-0303,Billing,Urgent,Resolved,True,36.5,3.0,2025-04-18 00:00:00
TCK-0304-01,CUST-0304,Billing,High,Resolved,True,47.1,3.0,2025-08-31 00:00:00
TCK-0304-02,CUST-0304,Billing,Medium,Resolved,False,6.8,4.0,2025-11-05 00:00:00
TCK-0304-03,CUST-0304,Technical Bug,High,Escalation Pending,True,-1.0,1.0,2026-05-07 00:00:00
TCK-0304-04,CUST-0304,Account Access,Urgent,Escalation Pending,True,-1.0,3.0,2025-09-22 00:00:00
TCK-0305-01,CUST-0305,Account Access,Low,In Progress,False,-1.0,3.0,2025-12-03 00:00:00
TCK-0305-02,CUST-0305,Feature Request,Medium,Resolved,False,22.1,5.0,2026-01-24 00:00:00
TCK-0306-01,CUST-0306,Technical Bug,High,Escalation Pending,False,-1.0,1.0,2026-04-11 00:00:00
TCK-0306-02,CUST-0306,Account Access,Urgent,Escalation Pending,True,-1.0,1.0,2025-08-15 00:00:00
TCK-0306-03,CUST-0306,Billing,Low,Resolved,False,18.3,4.0,2025-08-23 00:00:00
TCK-0306-04,CUST-0306,Performance Issue,High,Closed,False,64.1,5.0,2025-11-13 00:00:00
TCK-0306-05,CUST-0306,Feature Request,Low,Closed,False,14.5,5.0,2025-09-01 00:00:00
TCK-0306-06,CUST-0306,Performance Issue,Low,Closed,False,20.3,5.0,2025-08-26 00:00:00
TCK-0306-07,CUST-0306,Feature Request,Urgent,Escalation Pending,False,-1.0,2.0,2026-03-17 00:00:00
TCK-0307-01,CUST-0307,Performance Issue,Low,Resolved,False,15.6,3.0,2025-09-26 00:00:00
TCK-0307-02,CUST-0307,Billing,High,Closed,False,8.8,5.0,2025-08-27 00:00:00
TCK-0307-03,CUST-0307,Technical Bug,Urgent,In Progress,False,-1.0,1.0,2025-09-29 00:00:00
TCK-0308-01,CUST-0308,Technical Bug,High,Closed,False,10.4,3.0,2026-05-28 00:00:00
TCK-0308-02,CUST-0308,Feature Request,Medium,Resolved,True,17.9,2.0,2026-05-23 00:00:00
TCK-0308-03,CUST-0308,Performance Issue,High,Escalation Pending,True,-1.0,1.0,2026-03-13 00:00:00
TCK-0308-04,CUST-0308,Technical Bug,Medium,Escalation Pending,True,-1.0,1.0,2025-03-23 00:00:00
TCK-0308-05,CUST-0308,Feature Request,Urgent,Escalation Pending,False,-1.0,1.0,2025-03-10 00:00:00
TCK-0308-06,CUST-0308,Performance Issue,Low,In Progress,False,-1.0,3.0,2025-07-26 00:00:00
TCK-0309-01,CUST-0309,Billing,Urgent,Escalation Pending,False,-1.0,1.0,2025-09-12 00:00:00
TCK-0309-02,CUST-0309,Account Access,High,In Progress,True,-1.0,2.0,2026-04-17 00:00:00
TCK-0310-01,CUST-0310,Feature Request,Medium,In Progress,False,-1.0,2.0,2025-12-09 00:00:00
TCK-0310-02,CUST-0310,Account Access,Medium,Escalation Pending,False,-1.0,3.0,2026-03-19 00:00:00
TCK-0310-03,CUST-0310,Feature Request,High,Resolved,False,44.2,4.0,2025-12-02 00:00:00
TCK-0310-04,CUST-0310,Account Access,Urgent,Closed,False,64.3,5.0,2026-03-01 00:00:00
TCK-0310-05,CUST-0310,Technical Bug,High,Closed,False,61.6,4.0,2025-09-28 00:00:00
TCK-0310-06,CUST-0310,Feature Request,Low,Resolved,False,23.8,3.0,2026-03-08 00:00:00
TCK-0310-07,CUST-0310,Billing,Low,Closed,True,18.3,3.0,2026-06-13 00:00:00
TCK-0311-01,CUST-0311,Technical Bug,High,Resolved,False,17.8,5.0,2025-12-14 00:00:00
TCK-0311-02,CUST-0311,Technical Bug,Low,Resolved,False,12.9,3.0,2026-03-01 00:00:00
TCK-0311-03,CUST-0311,Technical Bug,Urgent,Closed,True,39.9,1.0,2026-01-01 00:00:00
TCK-0311-04,CUST-0311,Billing,Low,Resolved,True,6.6,3.0,2025-11-01 00:00:00
TCK-0311-05,CUST-0311,Billing,High,Resolved,False,31.5,5.0,2026-04-20 00:00:00
TCK-0311-06,CUST-0311,Billing,High,In Progress,True,-1.0,1.0,2026-02-28 00:00:00
TCK-0311-07,CUST-0311,Feature Request,Urgent,Resolved,False,49.5,3.0,2026-06-08 00:00:00
TCK-0311-08,CUST-0311,Account Access,High,Escalation Pending,True,-1.0,2.0,2026-06-28 00:00:00
TCK-0312-01,CUST-0312,Billing,Urgent,Resolved,False,35.2,3.0,2025-04-09 00:00:00
TCK-0312-02,CUST-0312,Technical Bug,Low,In Progress,False,-1.0,1.0,2026-05-10 00:00:00
TCK-0312-03,CUST-0312,Billing,High,Escalation Pending,True,-1.0,1.0,2026-03-11 00:00:00
TCK-0312-04,CUST-0312,Billing,Low,Resolved,False,22.6,5.0,2025-03-26 00:00:00
TCK-0312-05,CUST-0312,Performance Issue,Medium,Escalation Pending,False,-1.0,3.0,2025-03-05 00:00:00
TCK-0312-06,CUST-0312,Account Access,Low,Escalation Pending,False,-1.0,1.0,2026-04-22 00:00:00
TCK-0312-07,CUST-0312,Account Access,Medium,In Progress,True,-1.0,2.0,2025-05-07 00:00:00
TCK-0312-08,CUST-0312,Technical Bug,Low,Escalation Pending,False,-1.0,1.0,2025-01-20 00:00:00
TCK-0313-01,CUST-0313,Account Access,Urgent,Escalation Pending,True,-1.0,3.0,2025-06-03 00:00:00
TCK-0313-02,CUST-0313,Billing,Medium,Resolved,True,11.6,2.0,2026-05-16 00:00:00
TCK-0313-03,CUST-0313,Feature Request,Low,In Progress,False,-1.0,3.0,2026-01-08 00:00:00
TCK-0313-04,CUST-0313,Billing,Urgent,In Progress,False,-1.0,2.0,2026-01-15 00:00:00
TCK-0313-05,CUST-0313,Feature Request,Low,In Progress,True,-1.0,3.0,2025-10-05 00:00:00
TCK-0314-01,CUST-0314,Technical Bug,Urgent,In Progress,False,-1.0,3.0,2025-06-29 00:00:00
TCK-0314-02,CUST-0314,Feature Request,Low,Closed,False,14.8,3.0,2025-11-28 00:00:00
TCK-0314-03,CUST-0314,Billing,Medium,In Progress,True,-1.0,1.0,2026-03-04 00:00:00
TCK-0314-04,CUST-0314,Feature Request,Low,Resolved,False,4.5,5.0,2025-12-11 00:00:00
TCK-0315-01,CUST-0315,Feature Request,Urgent,Resolved,False,14.1,3.0,2025-07-04 00:00:00
TCK-0315-02,CUST-0315,Technical Bug,Medium,Resolved,False,12.5,3.0,2026-02-04 00:00:00
TCK-0315-03,CUST-0315,Technical Bug,Medium,Escalation Pending,False,-1.0,3.0,2025-10-23 00:00:00
TCK-0315-04,CUST-0315,Technical Bug,High,Escalation Pending,False,-1.0,1.0,2025-10-02 00:00:00
TCK-0315-05,CUST-0315,Feature Request,Low,In Progress,False,-1.0,2.0,2025-12-07 00:00:00
TCK-0316-01,CUST-0316,Technical Bug,Medium,In Progress,False,-1.0,2.0,2025-10-27 00:00:00
TCK-0316-02,CUST-0316,Feature Request,Low,Resolved,False,17.5,4.0,2025-10-09 00:00:00
TCK-0316-03,CUST-0316,Account Access,High,Escalation Pending,False,-1.0,3.0,2026-03-12 00:00:00
TCK-0316-04,CUST-0316,Account Access,High,Escalation Pending,False,-1.0,3.0,2026-05-26 00:00:00
TCK-0316-05,CUST-0316,Feature Request,Medium,Resolved,False,17.2,5.0,2026-06-18 00:00:00
TCK-0316-06,CUST-0316,Performance Issue,Low,In Progress,False,-1.0,2.0,2026-02-13 00:00:00
TCK-0316-07,CUST-0316,Performance Issue,Medium,In Progress,False,-1.0,1.0,2025-12-25 00:00:00
TCK-0316-08,CUST-0316,Account Access,High,In Progress,True,-1.0,3.0,2026-04-17 00:00:00
TCK-0317-01,CUST-0317,Account Access,High,Escalation Pending,True,-1.0,3.0,2026-02-23 00:00:00
TCK-0317-02,CUST-0317,Technical Bug,Low,In Progress,False,-1.0,3.0,2025-10-06 00:00:00
TCK-0317-03,CUST-0317,Technical Bug,High,Escalation Pending,True,-1.0,2.0,2025-10-05 00:00:00
TCK-0317-04,CUST-0317,Feature Request,Urgent,Escalation Pending,False,-1.0,3.0,2025-11-23 00:00:00
TCK-0317-05,CUST-0317,Technical Bug,High,In Progress,False,-1.0,1.0,2025-12-11 00:00:00
TCK-0318-01,CUST-0318,Performance Issue,Urgent,Resolved,True,70.7,3.0,2026-03-01 00:00:00
TCK-0318-02,CUST-0318,Performance Issue,Low,Escalation Pending,False,-1.0,2.0,2025-11-26 00:00:00
TCK-0318-03,CUST-0318,Technical Bug,Medium,Resolved,False,2.9,3.0,2026-01-06 00:00:00
TCK-0318-04,CUST-0318,Billing,High,Resolved,True,66.8,3.0,2026-02-12 00:00:00
TCK-0318-05,CUST-0318,Technical Bug,Low,Resolved,False,2.2,5.0,2026-04-04 00:00:00
TCK-0318-06,CUST-0318,Account Access,High,Closed,False,17.4,5.0,2026-06-21 00:00:00
TCK-0319-01,CUST-0319,Technical Bug,Urgent,Resolved,True,68.8,1.0,2026-04-01 00:00:00
TCK-0319-02,CUST-0319,Performance Issue,High,Resolved,False,8.7,5.0,2025-10-04 00:00:00
TCK-0319-03,CUST-0319,Technical Bug,Urgent,Closed,False,66.2,5.0,2025-08-06 00:00:00
TCK-0319-04,CUST-0319,Billing,Medium,Escalation Pending,False,-1.0,3.0,2026-04-16 00:00:00
TCK-0319-05,CUST-0319,Feature Request,Urgent,Resolved,True,61.3,2.0,2026-06-12 00:00:00
TCK-0320-01,CUST-0320,Feature Request,Urgent,In Progress,False,-1.0,2.0,2025-05-31 00:00:00
TCK-0320-02,CUST-0320,Feature Request,Urgent,Closed,False,28.1,3.0,2026-03-24 00:00:00
TCK-0320-03,CUST-0320,Feature Request,Medium,Closed,False,6.8,5.0,2025-12-14 00:00:00
TCK-0320-04,CUST-0320,Account Access,Medium,Closed,False,10.3,5.0,2025-06-02 00:00:00
TCK-0320-05,CUST-0320,Performance Issue,Medium,Resolved,False,11.9,3.0,2025-12-06 00:00:00
TCK-0321-01,CUST-0321,Feature Request,Low,In Progress,False,-1.0,1.0,2025-12-28 00:00:00
TCK-0321-02,CUST-0321,Account Access,High,Closed,False,17.3,4.0,2025-08-31 00:00:00
TCK-0321-03,CUST-0321,Feature Request,High,Closed,True,8.3,1.0,2025-09-29 00:00:00
TCK-0321-04,CUST-0321,Performance Issue,Low,In Progress,False,-1.0,2.0,2025-10-28 00:00:00
TCK-0321-05,CUST-0321,Account Access,Medium,In Progress,False,-1.0,1.0,2025-12-08 00:00:00
TCK-0321-06,CUST-0321,Feature Request,High,Resolved,True,18.2,1.0,2026-06-26 00:00:00
TCK-0321-07,CUST-0321,Billing,Medium,Escalation Pending,True,-1.0,2.0,2025-11-06 00:00:00
TCK-0321-08,CUST-0321,Technical Bug,Low,Closed,False,15.3,3.0,2025-09-16 00:00:00
TCK-0321-09,CUST-0321,Billing,High,Closed,False,39.4,5.0,2026-05-23 00:00:00
TCK-0322-01,CUST-0322,Account Access,Low,Resolved,False,10.7,4.0,2025-07-11 00:00:00
TCK-0322-02,CUST-0322,Feature Request,Medium,Closed,False,21.0,5.0,2026-04-06 00:00:00
TCK-0322-03,CUST-0322,Account Access,Urgent,Closed,True,51.7,3.0,2025-10-22 00:00:00
TCK-0322-04,CUST-0322,Technical Bug,Low,Escalation Pending,True,-1.0,1.0,2025-06-17 00:00:00
TCK-0323-01,CUST-0323,Feature Request,High,Escalation Pending,False,-1.0,2.0,2026-04-21 00:00:00
TCK-0323-02,CUST-0323,Feature Request,Medium,Escalation Pending,False,-1.0,1.0,2025-08-14 00:00:00
TCK-0323-03,CUST-0323,Technical Bug,Low,In Progress,False,-1.0,2.0,2025-09-24 00:00:00
TCK-0323-04,CUST-0323,Performance Issue,Urgent,In Progress,False,-1.0,2.0,2025-08-08 00:00:00
TCK-0323-05,CUST-0323,Account Access,Urgent,Resolved,True,17.1,3.0,2025-10-10 00:00:00
TCK-0323-06,CUST-0323,Feature Request,Medium,In Progress,False,-1.0,2.0,2025-11-29 00:00:00
TCK-0323-07,CUST-0323,Technical Bug,Low,Escalation Pending,False,-1.0,2.0,2026-04-02 00:00:00
TCK-0323-08,CUST-0323,Feature Request,Urgent,In Progress,False,-1.0,1.0,2026-03-21 00:00:00
TCK-0323-09,CUST-0323,Technical Bug,Urgent,Closed,False,68.3,3.0,2025-12-25 00:00:00
TCK-0323-10,CUST-0323,Account Access,Low,Escalation Pending,False,-1.0,3.0,2026-03-05 00:00:00
TCK-0324-01,CUST-0324,Account Access,High,Closed,True,2.8,1.0,2025-11-17 00:00:00
TCK-0324-02,CUST-0324,Performance Issue,High,Closed,True,46.1,2.0,2025-09-16 00:00:00
TCK-0324-03,CUST-0324,Feature Request,Urgent,Escalation Pending,True,-1.0,2.0,2026-02-18 00:00:00
TCK-0325-01,CUST-0325,Performance Issue,Low,Resolved,False,24.0,4.0,2026-03-20 00:00:00
TCK-0325-02,CUST-0325,Account Access,Urgent,In Progress,False,-1.0,1.0,2025-11-19 00:00:00
TCK-0325-03,CUST-0325,Technical Bug,Low,In Progress,False,-1.0,2.0,2025-12-29 00:00:00
TCK-0325-04,CUST-0325,Billing,Low,Closed,True,6.3,3.0,2025-12-16 00:00:00
TCK-0325-05,CUST-0325,Feature Request,Medium,In Progress,False,-1.0,1.0,2025-09-08 00:00:00
TCK-0325-06,CUST-0325,Billing,Medium,In Progress,False,-1.0,3.0,2026-05-13 00:00:00
TCK-0325-07,CUST-0325,Billing,Medium,Closed,False,22.3,5.0,2025-11-05 00:00:00
TCK-0325-08,CUST-0325,Billing,Urgent,In Progress,False,-1.0,3.0,2026-03-17 00:00:00
TCK-0326-01,CUST-0326,Technical Bug,High,Closed,False,17.8,3.0,2026-01-26 00:00:00
TCK-0326-02,CUST-0326,Feature Request,High,In Progress,True,-1.0,2.0,2026-06-23 00:00:00
TCK-0326-03,CUST-0326,Feature Request,Low,In Progress,False,-1.0,2.0,2025-08-11 00:00:00
TCK-0326-04,CUST-0326,Technical Bug,Medium,Closed,False,21.4,4.0,2026-02-10 00:00:00
TCK-0326-05,CUST-0326,Technical Bug,Low,In Progress,False,-1.0,2.0,2026-01-08 00:00:00
TCK-0326-06,CUST-0326,Feature Request,High,Closed,True,13.4,2.0,2026-05-23 00:00:00
TCK-0326-07,CUST-0326,Billing,High,Resolved,False,32.5,5.0,2025-09-04 00:00:00
TCK-0326-08,CUST-0326,Feature Request,Urgent,In Progress,False,-1.0,2.0,2025-08-17 00:00:00
TCK-0326-09,CUST-0326,Account Access,Medium,Escalation Pending,False,-1.0,2.0,2026-04-15 00:00:00
TCK-0326-10,CUST-0326,Technical Bug,Urgent,Closed,False,22.1,4.0,2025-12-07 00:00:00
TCK-0327-01,CUST-0327,Billing,Medium,Escalation Pending,False,-1.0,1.0,2026-06-06 00:00:00
TCK-0327-02,CUST-0327,Technical Bug,Low,Closed,True,2.7,2.0,2026-07-01 00:00:00
TCK-0327-03,CUST-0327,Account Access,High,Resolved,False,4.8,5.0,2025-08-01 00:00:00
TCK-0328-01,CUST-0328,Technical Bug,Urgent,Escalation Pending,False,-1.0,1.0,2025-10-02 00:00:00
TCK-0328-02,CUST-0328,Performance Issue,High,Resolved,False,60.2,5.0,2025-05-23 00:00:00
TCK-0328-03,CUST-0328,Billing,Urgent,In Progress,False,-1.0,1.0,2026-06-13 00:00:00
TCK-0328-04,CUST-0328,Billing,Urgent,In Progress,False,-1.0,1.0,2026-02-08 00:00:00
TCK-0328-05,CUST-0328,Account Access,Medium,Escalation Pending,False,-1.0,2.0,2026-06-07 00:00:00
TCK-0329-01,CUST-0329,Technical Bug,Medium,Closed,False,2.8,3.0,2026-04-05 00:00:00
TCK-0329-02,CUST-0329,Billing,Medium,Escalation Pending,True,-1.0,1.0,2025-08-24 00:00:00
TCK-0329-03,CUST-0329,Billing,High,In Progress,False,-1.0,3.0,2025-10-09 00:00:00
TCK-0329-04,CUST-0329,Feature Request,Urgent,In Progress,False,-1.0,3.0,2025-09-24 00:00:00
TCK-0329-05,CUST-0329,Feature Request,Low,Escalation Pending,False,-1.0,1.0,2025-12-02 00:00:00
TCK-0329-06,CUST-0329,Billing,Low,In Progress,True,-1.0,2.0,2025-09-12 00:00:00
TCK-0329-07,CUST-0329,Feature Request,Urgent,Escalation Pending,False,-1.0,3.0,2025-11-21 00:00:00
TCK-0330-01,CUST-0330,Technical Bug,High,Escalation Pending,False,-1.0,2.0,2025-06-20 00:00:00
TCK-0330-02,CUST-0330,Billing,Medium,Escalation Pending,True,-1.0,2.0,2025-07-18 00:00:00
TCK-0331-01,CUST-0331,Billing,Low,Closed,False,6.6,5.0,2026-06-24 00:00:00
TCK-0331-02,CUST-0331,Performance Issue,High,Closed,False,32.4,3.0,2026-02-28 00:00:00
TCK-0331-03,CUST-0331,Performance Issue,High,Escalation Pending,False,-1.0,1.0,2025-12-03 00:00:00
TCK-0331-04,CUST-0331,Account Access,Low,Resolved,False,12.4,5.0,2026-03-05 00:00:00
TCK-0331-05,CUST-0331,Performance Issue,Medium,Closed,False,11.9,5.0,2026-06-09 00:00:00
TCK-0331-06,CUST-0331,Billing,Medium,In Progress,False,-1.0,2.0,2025-11-23 00:00:00
TCK-0331-07,CUST-0331,Billing,Medium,Escalation Pending,True,-1.0,1.0,2026-01-30 00:00:00
TCK-0332-01,CUST-0332,Performance Issue,High,Resolved,False,36.8,4.0,2026-05-03 00:00:00
TCK-0332-02,CUST-0332,Performance Issue,High,Closed,False,66.8,5.0,2026-05-17 00:00:00
TCK-0333-01,CUST-0333,Billing,High,Escalation Pending,False,-1.0,1.0,2025-04-20 00:00:00
TCK-0333-02,CUST-0333,Technical Bug,High,In Progress,True,-1.0,3.0,2025-09-29 00:00:00
TCK-0333-03,CUST-0333,Feature Request,Medium,Closed,False,18.0,5.0,2025-04-18 00:00:00
TCK-0333-04,CUST-0333,Account Access,High,Resolved,False,7.3,4.0,2025-05-13 00:00:00
TCK-0333-05,CUST-0333,Billing,Medium,In Progress,True,-1.0,1.0,2025-05-05 00:00:00
TCK-0333-06,CUST-0333,Feature Request,High,Escalation Pending,True,-1.0,3.0,2025-05-14 00:00:00
TCK-0333-07,CUST-0333,Feature Request,High,In Progress,False,-1.0,1.0,2026-01-05 00:00:00
TCK-0333-08,CUST-0333,Technical Bug,Urgent,In Progress,False,-1.0,3.0,2025-01-27 00:00:00
TCK-0334-01,CUST-0334,Feature Request,High,Escalation Pending,True,-1.0,2.0,2025-11-24 00:00:00
TCK-0334-02,CUST-0334,Performance Issue,Urgent,Closed,True,45.5,2.0,2025-11-05 00:00:00
TCK-0334-03,CUST-0334,Technical Bug,Urgent,Escalation Pending,False,-1.0,2.0,2026-03-15 00:00:00
TCK-0334-04,CUST-0334,Account Access,Medium,Resolved,False,12.0,3.0,2026-04-01 00:00:00
TCK-0334-05,CUST-0334,Billing,High,Escalation Pending,False,-1.0,3.0,2025-10-05 00:00:00
TCK-0335-01,CUST-0335,Billing,Medium,In Progress,False,-1.0,1.0,2025-10-11 00:00:00
TCK-0335-02,CUST-0335,Account Access,Medium,Escalation Pending,False,-1.0,2.0,2025-10-14 00:00:00
TCK-0335-03,CUST-0335,Billing,Low,Closed,False,17.3,5.0,2025-12-12 00:00:00
TCK-0335-04,CUST-0335,Account Access,High,Resolved,False,70.3,5.0,2025-11-02 00:00:00
TCK-0335-05,CUST-0335,Feature Request,High,Escalation Pending,False,-1.0,1.0,2025-10-08 00:00:00
TCK-0335-06,CUST-0335,Account Access,High,Resolved,True,62.9,3.0,2025-11-15 00:00:00
TCK-0335-07,CUST-0335,Account Access,Low,In Progress,True,-1.0,2.0,2026-03-06 00:00:00
TCK-0335-08,CUST-0335,Billing,Medium,Resolved,False,7.1,5.0,2026-03-03 00:00:00
TCK-0335-09,CUST-0335,Performance Issue,Low,In Progress,False,-1.0,3.0,2026-02-24 00:00:00
TCK-0335-10,CUST-0335,Billing,Urgent,Resolved,False,23.8,5.0,2025-11-11 00:00:00
TCK-0336-01,CUST-0336,Billing,Urgent,Escalation Pending,False,-1.0,3.0,2025-04-20 00:00:00
TCK-0336-02,CUST-0336,Account Access,Medium,Closed,False,3.8,4.0,2025-05-30 00:00:00
TCK-0336-03,CUST-0336,Performance Issue,Low,Resolved,False,12.3,4.0,2025-05-22 00:00:00
TCK-0336-04,CUST-0336,Performance Issue,Medium,Resolved,False,17.0,5.0,2025-12-17 00:00:00
TCK-0336-05,CUST-0336,Technical Bug,Urgent,Resolved,False,32.1,5.0,2025-06-03 00:00:00
TCK-0336-06,CUST-0336,Performance Issue,High,Escalation Pending,True,-1.0,3.0,2025-09-23 00:00:00
TCK-0336-07,CUST-0336,Performance Issue,High,Resolved,True,51.5,2.0,2026-01-22 00:00:00
TCK-0336-08,CUST-0336,Performance Issue,Urgent,Resolved,True,30.4,1.0,2026-03-14 00:00:00
TCK-0336-09,CUST-0336,Account Access,Medium,Resolved,False,23.3,4.0,2025-05-03 00:00:00
TCK-0337-01,CUST-0337,Technical Bug,High,Resolved,False,47.6,3.0,2025-07-30 00:00:00
TCK-0337-02,CUST-0337,Feature Request,Low,Escalation Pending,False,-1.0,1.0,2025-10-06 00:00:00
TCK-0337-03,CUST-0337,Billing,High,Escalation Pending,True,-1.0,2.0,2026-06-25 00:00:00
TCK-0337-04,CUST-0337,Performance Issue,High,Closed,False,62.0,4.0,2025-11-05 00:00:00
TCK-0338-01,CUST-0338,Account Access,Low,Closed,False,3.4,3.0,2026-04-04 00:00:00
TCK-0338-02,CUST-0338,Performance Issue,High,Resolved,True,63.7,1.0,2026-01-05 00:00:00
TCK-0339-01,CUST-0339,Account Access,High,Escalation Pending,False,-1.0,1.0,2025-11-13 00:00:00
TCK-0339-02,CUST-0339,Feature Request,Urgent,Escalation Pending,True,-1.0,1.0,2026-04-28 00:00:00
TCK-0339-03,CUST-0339,Technical Bug,Low,Escalation Pending,False,-1.0,2.0,2025-09-16 00:00:00
TCK-0339-04,CUST-0339,Performance Issue,Medium,In Progress,False,-1.0,3.0,2025-10-22 00:00:00
TCK-0339-05,CUST-0339,Billing,High,In Progress,False,-1.0,3.0,2026-03-24 00:00:00
TCK-0339-06,CUST-0339,Billing,Low,Resolved,False,7.3,5.0,2025-10-20 00:00:00
TCK-0339-07,CUST-0339,Technical Bug,Medium,Resolved,False,5.3,3.0,2026-01-05 00:00:00
TCK-0339-08,CUST-0339,Performance Issue,Urgent,Resolved,False,35.7,4.0,2025-05-26 00:00:00
TCK-0339-09,CUST-0339,Account Access,Urgent,In Progress,True,-1.0,3.0,2025-08-27 00:00:00
TCK-0340-01,CUST-0340,Performance Issue,Medium,In Progress,False,-1.0,1.0,2026-01-03 00:00:00
TCK-0340-02,CUST-0340,Account Access,Urgent,In Progress,False,-1.0,2.0,2025-11-08 00:00:00
TCK-0340-03,CUST-0340,Feature Request,Low,Resolved,False,14.4,4.0,2025-11-10 00:00:00
TCK-0340-04,CUST-0340,Feature Request,Low,Escalation Pending,False,-1.0,3.0,2025-08-21 00:00:00
TCK-0340-05,CUST-0340,Billing,Urgent,Closed,False,53.7,4.0,2026-01-20 00:00:00
TCK-0340-06,CUST-0340,Billing,Low,Escalation Pending,True,-1.0,1.0,2025-12-05 00:00:00
TCK-0340-07,CUST-0340,Performance Issue,Urgent,Resolved,False,25.9,4.0,2026-05-24 00:00:00
TCK-0340-08,CUST-0340,Billing,Low,Closed,False,3.0,5.0,2026-04-18 00:00:00
TCK-0340-09,CUST-0340,Technical Bug,Low,Escalation Pending,False,-1.0,1.0,2026-02-10 00:00:00
TCK-0341-01,CUST-0341,Feature Request,High,Escalation Pending,False,-1.0,3.0,2026-05-15 00:00:00
TCK-0341-02,CUST-0341,Technical Bug,Low,Resolved,False,16.7,4.0,2025-08-20 00:00:00
TCK-0342-01,CUST-0342,Technical Bug,Medium,Resolved,False,16.6,4.0,2026-02-22 00:00:00
TCK-0342-02,CUST-0342,Technical Bug,Low,Closed,False,10.1,5.0,2026-06-13 00:00:00
TCK-0342-03,CUST-0342,Feature Request,Medium,Closed,False,12.4,3.0,2025-07-08 00:00:00
TCK-0342-04,CUST-0342,Account Access,Low,Escalation Pending,False,-1.0,1.0,2025-05-25 00:00:00
TCK-0342-05,CUST-0342,Technical Bug,Medium,Escalation Pending,True,-1.0,1.0,2025-11-20 00:00:00
TCK-0343-01,CUST-0343,Performance Issue,High,Closed,False,60.0,4.0,2026-05-30 00:00:00
TCK-0343-02,CUST-0343,Feature Request,Medium,Escalation Pending,False,-1.0,2.0,2026-03-23 00:00:00
TCK-0343-03,CUST-0343,Account Access,Medium,Resolved,False,6.3,5.0,2026-04-23 00:00:00
TCK-0343-04,CUST-0343,Performance Issue,Urgent,Resolved,False,57.8,4.0,2025-11-09 00:00:00
TCK-0343-05,CUST-0343,Technical Bug,Low,Escalation Pending,False,-1.0,3.0,2025-12-21 00:00:00
TCK-0343-06,CUST-0343,Billing,Medium,Closed,False,19.6,4.0,2025-11-07 00:00:00
TCK-0343-07,CUST-0343,Performance Issue,Low,Resolved,False,9.5,3.0,2026-02-22 00:00:00
TCK-0343-08,CUST-0343,Account Access,High,Closed,False,5.1,5.0,2026-01-26 00:00:00
TCK-0343-09,CUST-0343,Technical Bug,Medium,Resolved,False,13.4,5.0,2025-11-18 00:00:00
TCK-0343-10,CUST-0343,Feature Request,Low,In Progress,False,-1.0,2.0,2026-01-05 00:00:00
TCK-0344-01,CUST-0344,Billing,Low,Resolved,True,3.8,1.0,2026-05-22 00:00:00
TCK-0344-02,CUST-0344,Billing,Urgent,In Progress,False,-1.0,1.0,2025-02-10 00:00:00
TCK-0345-01,CUST-0345,Account Access,High,Closed,True,44.0,3.0,2026-06-20 00:00:00
TCK-0345-02,CUST-0345,Feature Request,High,Resolved,False,12.5,5.0,2026-05-31 00:00:00
TCK-0345-03,CUST-0345,Performance Issue,Low,Escalation Pending,False,-1.0,1.0,2026-06-03 00:00:00
TCK-0345-04,CUST-0345,Feature Request,Urgent,Resolved,True,2.2,2.0,2026-01-20 00:00:00
TCK-0345-05,CUST-0345,Feature Request,High,Resolved,False,27.3,5.0,2026-06-15 00:00:00
TCK-0345-06,CUST-0345,Technical Bug,Urgent,Resolved,False,18.5,4.0,2026-02-01 00:00:00
TCK-0346-01,CUST-0346,Billing,Low,Resolved,False,10.9,4.0,2025-10-26 00:00:00
TCK-0346-02,CUST-0346,Performance Issue,Urgent,Resolved,False,56.1,4.0,2025-06-02 00:00:00
TCK-0346-03,CUST-0346,Billing,Low,Resolved,True,22.4,2.0,2025-08-06 00:00:00
TCK-0346-04,CUST-0346,Performance Issue,Low,Resolved,False,7.8,5.0,2026-06-11 00:00:00
TCK-0346-05,CUST-0346,Technical Bug,Urgent,Closed,False,38.1,5.0,2026-04-01 00:00:00
TCK-0346-06,CUST-0346,Technical Bug,Low,Closed,False,5.4,3.0,2025-06-10 00:00:00
TCK-0346-07,CUST-0346,Feature Request,High,In Progress,False,-1.0,2.0,2025-08-29 00:00:00
TCK-0346-08,CUST-0346,Technical Bug,Low,Escalation Pending,False,-1.0,3.0,2025-06-04 00:00:00
TCK-0347-01,CUST-0347,Billing,Urgent,Escalation Pending,False,-1.0,2.0,2026-04-28 00:00:00
TCK-0347-02,CUST-0347,Feature Request,Medium,In Progress,False,-1.0,2.0,2025-06-30 00:00:00
TCK-0347-03,CUST-0347,Technical Bug,Urgent,In Progress,False,-1.0,2.0,2026-03-14 00:00:00
TCK-0347-04,CUST-0347,Technical Bug,High,Resolved,True,48.8,2.0,2025-12-19 00:00:00
TCK-0347-05,CUST-0347,Account Access,Urgent,In Progress,False,-1.0,3.0,2026-03-30 00:00:00
TCK-0347-06,CUST-0347,Performance Issue,Low,Resolved,False,10.1,4.0,2025-10-28 00:00:00
TCK-0348-01,CUST-0348,Billing,High,Resolved,False,71.5,5.0,2025-10-04 00:00:00
TCK-0348-02,CUST-0348,Technical Bug,Medium,In Progress,False,-1.0,1.0,2025-10-23 00:00:00
TCK-0348-03,CUST-0348,Performance Issue,High,Resolved,False,29.6,4.0,2025-06-26 00:00:00
TCK-0348-04,CUST-0348,Billing,Low,Escalation Pending,True,-1.0,3.0,2026-05-25 00:00:00
TCK-0348-05,CUST-0348,Billing,Low,Closed,False,7.3,3.0,2025-08-23 00:00:00
TCK-0348-06,CUST-0348,Feature Request,Medium,In Progress,False,-1.0,1.0,2025-03-14 00:00:00
TCK-0348-07,CUST-0348,Feature Request,Low,Resolved,False,22.2,5.0,2026-01-03 00:00:00
TCK-0349-01,CUST-0349,Billing,Medium,Resolved,True,23.9,1.0,2025-11-20 00:00:00
TCK-0349-02,CUST-0349,Account Access,Urgent,Closed,True,60.6,3.0,2025-10-03 00:00:00
TCK-0350-01,CUST-0350,Account Access,Low,Escalation Pending,False,-1.0,1.0,2025-12-31 00:00:00
TCK-0350-02,CUST-0350,Feature Request,High,In Progress,False,-1.0,1.0,2025-10-12 00:00:00
TCK-0350-03,CUST-0350,Billing,High,Resolved,False,63.0,5.0,2025-11-07 00:00:00
TCK-0350-04,CUST-0350,Performance Issue,High,Escalation Pending,True,-1.0,3.0,2026-05-15 00:00:00
TCK-0350-05,CUST-0350,Account Access,Low,Escalation Pending,False,-1.0,1.0,2025-12-09 00:00:00
TCK-0350-06,CUST-0350,Technical Bug,Medium,Closed,False,3.6,5.0,2026-01-31 00:00:00
TCK-0351-01,CUST-0351,Performance Issue,Urgent,Resolved,False,60.1,3.0,2025-11-20 00:00:00
TCK-0351-02,CUST-0351,Technical Bug,Urgent,Escalation Pending,False,-1.0,2.0,2026-06-16 00:00:00
TCK-0351-03,CUST-0351,Billing,Low,Closed,True,11.4,1.0,2025-06-22 00:00:00
TCK-0351-04,CUST-0351,Technical Bug,Low,Closed,False,9.9,5.0,2026-04-08 00:00:00
TCK-0352-01,CUST-0352,Account Access,Medium,Closed,True,18.9,2.0,2026-02-13 00:00:00
TCK-0352-02,CUST-0352,Account Access,Low,Closed,False,11.6,3.0,2026-04-28 00:00:00
TCK-0352-03,CUST-0352,Feature Request,Urgent,Closed,False,45.5,5.0,2026-01-18 00:00:00
TCK-0353-01,CUST-0353,Account Access,High,Closed,True,30.5,1.0,2025-12-16 00:00:00
TCK-0353-02,CUST-0353,Account Access,Low,In Progress,True,-1.0,2.0,2025-08-28 00:00:00
TCK-0353-03,CUST-0353,Performance Issue,Low,Resolved,False,19.7,5.0,2026-06-08 00:00:00
TCK-0353-04,CUST-0353,Technical Bug,Low,Escalation Pending,False,-1.0,2.0,2026-06-13 00:00:00
TCK-0353-05,CUST-0353,Technical Bug,Urgent,Escalation Pending,False,-1.0,3.0,2026-06-08 00:00:00
TCK-0354-01,CUST-0354,Performance Issue,High,In Progress,True,-1.0,3.0,2026-03-07 00:00:00
TCK-0354-02,CUST-0354,Performance Issue,Medium,Resolved,False,8.5,5.0,2026-06-10 00:00:00
TCK-0354-03,CUST-0354,Performance Issue,Medium,Closed,False,4.4,4.0,2026-01-20 00:00:00
TCK-0355-01,CUST-0355,Performance Issue,Low,Escalation Pending,False,-1.0,1.0,2026-03-13 00:00:00
TCK-0355-02,CUST-0355,Billing,Urgent,Resolved,False,46.9,4.0,2025-09-08 00:00:00
TCK-0355-03,CUST-0355,Account Access,Medium,Closed,False,9.2,5.0,2025-10-06 00:00:00
TCK-0355-04,CUST-0355,Performance Issue,Medium,Resolved,False,20.4,5.0,2025-02-02 00:00:00
TCK-0355-05,CUST-0355,Account Access,Urgent,Resolved,False,70.7,5.0,2026-01-14 00:00:00
TCK-0355-06,CUST-0355,Billing,Medium,In Progress,False,-1.0,3.0,2025-06-29 00:00:00
TCK-0355-07,CUST-0355,Feature Request,High,Escalation Pending,True,-1.0,3.0,2026-02-21 00:00:00
TCK-0355-08,CUST-0355,Account Access,Urgent,Closed,False,3.0,5.0,2026-04-11 00:00:00
TCK-0356-01,CUST-0356,Billing,High,In Progress,False,-1.0,2.0,2026-03-15 00:00:00
TCK-0356-02,CUST-0356,Technical Bug,Medium,In Progress,False,-1.0,3.0,2025-10-28 00:00:00
TCK-0356-03,CUST-0356,Billing,Low,Closed,False,12.5,4.0,2025-06-11 00:00:00
TCK-0356-04,CUST-0356,Billing,Urgent,Escalation Pending,False,-1.0,1.0,2025-07-09 00:00:00
TCK-0356-05,CUST-0356,Billing,Urgent,Resolved,False,7.7,4.0,2026-04-20 00:00:00
TCK-0356-06,CUST-0356,Account Access,Low,Resolved,True,10.3,1.0,2026-04-20 00:00:00
TCK-0356-07,CUST-0356,Account Access,Low,Resolved,False,20.9,5.0,2025-07-08 00:00:00
TCK-0357-01,CUST-0357,Technical Bug,Low,Closed,False,16.0,5.0,2025-08-24 00:00:00
TCK-0357-02,CUST-0357,Feature Request,Urgent,In Progress,False,-1.0,2.0,2025-11-07 00:00:00
TCK-0357-03,CUST-0357,Billing,Urgent,Escalation Pending,False,-1.0,2.0,2025-10-21 00:00:00
TCK-0357-04,CUST-0357,Performance Issue,Medium,Resolved,False,18.4,5.0,2026-04-15 00:00:00
TCK-0357-05,CUST-0357,Feature Request,Low,Resolved,False,18.9,5.0,2025-08-27 00:00:00
TCK-0357-06,CUST-0357,Feature Request,High,Closed,True,15.9,2.0,2025-12-12 00:00:00
TCK-0357-07,CUST-0357,Billing,Medium,In Progress,False,-1.0,2.0,2025-11-11 00:00:00
TCK-0357-08,CUST-0357,Technical Bug,High,Escalation Pending,False,-1.0,1.0,2026-04-12 00:00:00
TCK-0358-01,CUST-0358,Billing,Urgent,Escalation Pending,True,-1.0,1.0,2026-04-09 00:00:00
TCK-0358-02,CUST-0358,Performance Issue,High,Escalation Pending,True,-1.0,3.0,2025-12-01 00:00:00
TCK-0358-03,CUST-0358,Account Access,Urgent,Closed,True,33.3,3.0,2025-11-17 00:00:00
TCK-0358-04,CUST-0358,Account Access,High,Resolved,True,52.8,1.0,2026-04-29 00:00:00
TCK-0359-01,CUST-0359,Account Access,Low,Closed,False,17.0,3.0,2026-03-01 00:00:00
TCK-0359-02,CUST-0359,Feature Request,Low,Escalation Pending,False,-1.0,3.0,2026-04-22 00:00:00
TCK-0359-03,CUST-0359,Performance Issue,Medium,Resolved,False,2.3,4.0,2025-09-26 00:00:00
TCK-0359-04,CUST-0359,Feature Request,Medium,Closed,False,7.7,5.0,2025-11-05 00:00:00
TCK-0359-05,CUST-0359,Performance Issue,High,Escalation Pending,False,-1.0,3.0,2026-06-16 00:00:00
TCK-0359-06,CUST-0359,Feature Request,Medium,Closed,False,21.2,4.0,2025-10-07 00:00:00
TCK-0360-01,CUST-0360,Account Access,Medium,Escalation Pending,False,-1.0,3.0,2025-08-10 00:00:00
TCK-0360-02,CUST-0360,Feature Request,Urgent,Resolved,False,33.8,3.0,2026-02-21 00:00:00
TCK-0361-01,CUST-0361,Account Access,Low,Closed,False,3.9,4.0,2025-06-18 00:00:00
TCK-0361-02,CUST-0361,Technical Bug,High,Closed,True,8.0,2.0,2026-02-28 00:00:00
TCK-0362-01,CUST-0362,Performance Issue,Medium,Closed,False,3.6,4.0,2025-10-31 00:00:00
TCK-0362-02,CUST-0362,Performance Issue,Urgent,Resolved,False,41.0,5.0,2025-09-14 00:00:00
TCK-0362-03,CUST-0362,Feature Request,High,Resolved,False,68.7,4.0,2025-06-05 00:00:00
TCK-0362-04,CUST-0362,Account Access,Low,Closed,False,16.6,5.0,2026-05-20 00:00:00
TCK-0362-05,CUST-0362,Performance Issue,High,In Progress,False,-1.0,3.0,2025-07-22 00:00:00
TCK-0362-06,CUST-0362,Account Access,High,Resolved,False,47.3,5.0,2025-11-10 00:00:00
TCK-0362-07,CUST-0362,Feature Request,Urgent,Resolved,False,50.7,5.0,2025-07-02 00:00:00
TCK-0362-08,CUST-0362,Account Access,Medium,Escalation Pending,False,-1.0,2.0,2025-12-02 00:00:00
TCK-0363-01,CUST-0363,Feature Request,Low,Resolved,False,17.8,5.0,2026-05-01 00:00:00
TCK-0363-02,CUST-0363,Performance Issue,Urgent,Closed,False,62.0,5.0,2026-05-06 00:00:00
TCK-0363-03,CUST-0363,Feature Request,Medium,Closed,False,9.0,4.0,2026-04-30 00:00:00
TCK-0363-04,CUST-0363,Billing,High,Resolved,False,29.9,4.0,2025-12-20 00:00:00
TCK-0363-05,CUST-0363,Account Access,Low,Resolved,False,16.6,5.0,2026-03-08 00:00:00
TCK-0363-06,CUST-0363,Feature Request,High,Resolved,False,4.1,3.0,2025-11-14 00:00:00
TCK-0364-01,CUST-0364,Account Access,High,Escalation Pending,True,-1.0,2.0,2026-04-25 00:00:00
TCK-0364-02,CUST-0364,Feature Request,Medium,In Progress,False,-1.0,1.0,2026-05-18 00:00:00
TCK-0364-03,CUST-0364,Technical Bug,Medium,In Progress,False,-1.0,2.0,2025-10-17 00:00:00
TCK-0364-04,CUST-0364,Technical Bug,Low,Closed,False,7.7,5.0,2025-09-29 00:00:00
TCK-0364-05,CUST-0364,Performance Issue,High,Escalation Pending,False,-1.0,1.0,2025-12-18 00:00:00
TCK-0364-06,CUST-0364,Feature Request,Medium,Closed,False,10.9,4.0,2026-06-16 00:00:00
TCK-0364-07,CUST-0364,Technical Bug,High,In Progress,False,-1.0,1.0,2025-10-18 00:00:00
TCK-0365-01,CUST-0365,Account Access,Urgent,In Progress,False,-1.0,1.0,2026-02-20 00:00:00
TCK-0365-02,CUST-0365,Feature Request,High,Closed,False,2.5,5.0,2025-11-09 00:00:00
TCK-0365-03,CUST-0365,Performance Issue,Low,Resolved,False,22.1,5.0,2025-12-02 00:00:00
TCK-0365-04,CUST-0365,Billing,Medium,In Progress,False,-1.0,3.0,2026-01-07 00:00:00
TCK-0365-05,CUST-0365,Account Access,Low,In Progress,True,-1.0,1.0,2026-03-29 00:00:00
TCK-0365-06,CUST-0365,Account Access,Low,Escalation Pending,False,-1.0,1.0,2026-02-23 00:00:00
TCK-0365-07,CUST-0365,Account Access,Medium,Closed,False,10.1,4.0,2026-04-11 00:00:00
TCK-0365-08,CUST-0365,Feature Request,Low,Escalation Pending,False,-1.0,2.0,2026-02-18 00:00:00
TCK-0365-09,CUST-0365,Billing,Low,In Progress,False,-1.0,1.0,2025-11-03 00:00:00
TCK-0365-10,CUST-0365,Account Access,Low,In Progress,True,-1.0,1.0,2026-04-30 00:00:00
TCK-0366-01,CUST-0366,Performance Issue,Medium,Resolved,False,8.0,4.0,2026-02-13 00:00:00
TCK-0366-02,CUST-0366,Performance Issue,High,Closed,False,67.5,5.0,2026-05-17 00:00:00
TCK-0367-01,CUST-0367,Feature Request,High,Closed,True,11.7,3.0,2026-02-08 00:00:00
TCK-0367-02,CUST-0367,Performance Issue,High,In Progress,False,-1.0,3.0,2026-02-09 00:00:00
TCK-0367-03,CUST-0367,Performance Issue,Urgent,In Progress,False,-1.0,3.0,2026-06-30 00:00:00
TCK-0367-04,CUST-0367,Account Access,Medium,In Progress,False,-1.0,3.0,2025-10-19 00:00:00
TCK-0367-05,CUST-0367,Billing,Urgent,Resolved,False,11.5,3.0,2025-09-09 00:00:00
TCK-0367-06,CUST-0367,Billing,Medium,In Progress,False,-1.0,3.0,2025-12-15 00:00:00
TCK-0367-07,CUST-0367,Performance Issue,Medium,Closed,True,4.9,1.0,2026-02-02 00:00:00
TCK-0367-08,CUST-0367,Account Access,Low,In Progress,False,-1.0,2.0,2026-04-23 00:00:00
TCK-0367-09,CUST-0367,Billing,Medium,Escalation Pending,False,-1.0,3.0,2025-11-21 00:00:00
TCK-0367-10,CUST-0367,Billing,High,Escalation Pending,True,-1.0,2.0,2026-06-16 00:00:00
TCK-0368-01,CUST-0368,Feature Request,Medium,Closed,False,10.1,4.0,2026-02-19 00:00:00
TCK-0368-02,CUST-0368,Account Access,Medium,Resolved,False,13.6,4.0,2026-05-20 00:00:00
TCK-0368-03,CUST-0368,Billing,Medium,Resolved,True,4.8,3.0,2025-10-27 00:00:00
TCK-0368-04,CUST-0368,Billing,High,Resolved,False,28.4,3.0,2025-09-30 00:00:00
TCK-0368-05,CUST-0368,Performance Issue,Medium,Escalation Pending,False,-1.0,1.0,2025-11-27 00:00:00
TCK-0368-06,CUST-0368,Performance Issue,Urgent,Closed,True,55.7,2.0,2026-05-07 00:00:00
TCK-0369-01,CUST-0369,Account Access,High,In Progress,False,-1.0,2.0,2025-11-04 00:00:00
TCK-0369-02,CUST-0369,Feature Request,Medium,Resolved,False,9.2,3.0,2026-05-15 00:00:00
TCK-0369-03,CUST-0369,Feature Request,Urgent,Closed,False,53.1,5.0,2025-09-23 00:00:00
TCK-0369-04,CUST-0369,Performance Issue,Medium,Resolved,False,16.2,4.0,2025-09-28 00:00:00
TCK-0369-05,CUST-0369,Feature Request,Medium,Closed,False,22.4,4.0,2025-09-10 00:00:00
TCK-0369-06,CUST-0369,Account Access,Medium,Closed,False,18.3,4.0,2025-10-17 00:00:00
TCK-0369-07,CUST-0369,Feature Request,High,Resolved,False,46.8,4.0,2026-06-06 00:00:00
TCK-0370-01,CUST-0370,Performance Issue,Medium,In Progress,False,-1.0,2.0,2026-02-05 00:00:00
TCK-0370-02,CUST-0370,Billing,Urgent,Escalation Pending,False,-1.0,3.0,2026-03-16 00:00:00
TCK-0370-03,CUST-0370,Technical Bug,Medium,In Progress,False,-1.0,1.0,2025-07-17 00:00:00
TCK-0370-04,CUST-0370,Performance Issue,High,In Progress,True,-1.0,3.0,2026-03-19 00:00:00
TCK-0370-05,CUST-0370,Performance Issue,Low,Escalation Pending,False,-1.0,3.0,2026-05-01 00:00:00
TCK-0371-01,CUST-0371,Performance Issue,Urgent,Escalation Pending,False,-1.0,3.0,2025-08-16 00:00:00
TCK-0371-02,CUST-0371,Technical Bug,Urgent,In Progress,False,-1.0,1.0,2026-04-12 00:00:00
TCK-0371-03,CUST-0371,Performance Issue,Medium,Resolved,False,19.9,3.0,2025-08-27 00:00:00
TCK-0371-04,CUST-0371,Account Access,Urgent,Resolved,False,40.4,4.0,2025-07-09 00:00:00
TCK-0371-05,CUST-0371,Billing,High,Escalation Pending,False,-1.0,3.0,2026-06-06 00:00:00
TCK-0372-01,CUST-0372,Technical Bug,High,In Progress,False,-1.0,1.0,2025-12-13 00:00:00
TCK-0372-02,CUST-0372,Performance Issue,Urgent,Resolved,False,16.1,5.0,2026-01-15 00:00:00
TCK-0372-03,CUST-0372,Technical Bug,Urgent,In Progress,False,-1.0,1.0,2026-04-06 00:00:00
TCK-0372-04,CUST-0372,Billing,High,Closed,False,68.8,3.0,2025-08-25 00:00:00
TCK-0372-05,CUST-0372,Technical Bug,Medium,In Progress,False,-1.0,3.0,2025-08-26 00:00:00
TCK-0372-06,CUST-0372,Billing,High,In Progress,True,-1.0,3.0,2026-05-02 00:00:00
TCK-0372-07,CUST-0372,Technical Bug,Low,Closed,False,22.1,5.0,2026-04-11 00:00:00
TCK-0373-01,CUST-0373,Feature Request,Low,Closed,False,4.5,4.0,2025-04-30 00:00:00
TCK-0373-02,CUST-0373,Feature Request,Urgent,Closed,False,5.7,3.0,2025-04-29 00:00:00
TCK-0373-03,CUST-0373,Billing,Urgent,Closed,False,65.9,3.0,2025-05-01 00:00:00
TCK-0373-04,CUST-0373,Performance Issue,Low,In Progress,False,-1.0,3.0,2026-03-16 00:00:00
TCK-0374-01,CUST-0374,Account Access,Medium,In Progress,False,-1.0,1.0,2026-01-20 00:00:00
TCK-0374-02,CUST-0374,Billing,Medium,In Progress,False,-1.0,3.0,2025-06-13 00:00:00
TCK-0375-01,CUST-0375,Performance Issue,Urgent,Closed,False,66.5,3.0,2026-03-18 00:00:00
TCK-0375-02,CUST-0375,Account Access,Medium,In Progress,False,-1.0,2.0,2025-07-31 00:00:00
TCK-0376-01,CUST-0376,Billing,Low,Closed,False,17.7,5.0,2025-09-03 00:00:00
TCK-0376-02,CUST-0376,Performance Issue,Urgent,Resolved,False,18.0,5.0,2025-08-29 00:00:00
TCK-0376-03,CUST-0376,Technical Bug,High,In Progress,True,-1.0,3.0,2025-12-14 00:00:00
TCK-0376-04,CUST-0376,Performance Issue,High,Closed,False,16.8,3.0,2025-11-09 00:00:00
TCK-0376-05,CUST-0376,Billing,Medium,Escalation Pending,True,-1.0,1.0,2026-02-01 00:00:00
TCK-0376-06,CUST-0376,Billing,High,Escalation Pending,False,-1.0,1.0,2026-04-11 00:00:00
TCK-0376-07,CUST-0376,Feature Request,High,Resolved,True,33.0,3.0,2025-08-12 00:00:00
TCK-0376-08,CUST-0376,Feature Request,Urgent,Resolved,False,30.9,4.0,2025-09-02 00:00:00
TCK-0377-01,CUST-0377,Technical Bug,High,Resolved,True,10.7,3.0,2025-09-25 00:00:00
TCK-0377-02,CUST-0377,Feature Request,Urgent,Escalation Pending,False,-1.0,2.0,2025-10-26 00:00:00
TCK-0378-01,CUST-0378,Account Access,Urgent,Closed,False,19.6,3.0,2025-09-07 00:00:00
TCK-0378-02,CUST-0378,Account Access,Urgent,Resolved,False,5.1,3.0,2025-08-28 00:00:00
TCK-0378-03,CUST-0378,Performance Issue,Low,Resolved,True,19.7,3.0,2026-01-26 00:00:00
TCK-0378-04,CUST-0378,Performance Issue,Medium,Escalation Pending,False,-1.0,2.0,2025-08-14 00:00:00
TCK-0378-05,CUST-0378,Feature Request,Medium,Resolved,False,14.0,3.0,2026-06-07 00:00:00
TCK-0378-06,CUST-0378,Account Access,Urgent,Resolved,True,62.8,1.0,2025-12-21 00:00:00
TCK-0378-07,CUST-0378,Billing,Urgent,Resolved,True,30.6,1.0,2025-11-02 00:00:00
TCK-0379-01,CUST-0379,Performance Issue,High,Closed,False,58.1,4.0,2025-07-26 00:00:00
TCK-0379-02,CUST-0379,Technical Bug,Low,Escalation Pending,True,-1.0,1.0,2025-11-23 00:00:00
TCK-0379-03,CUST-0379,Performance Issue,High,Escalation Pending,False,-1.0,3.0,2025-10-05 00:00:00
TCK-0379-04,CUST-0379,Feature Request,Low,Resolved,False,9.3,4.0,2026-04-04 00:00:00
TCK-0379-05,CUST-0379,Feature Request,Medium,Escalation Pending,False,-1.0,2.0,2026-01-07 00:00:00
TCK-0379-06,CUST-0379,Feature Request,Urgent,Resolved,False,26.7,3.0,2026-02-21 00:00:00
TCK-0379-07,CUST-0379,Technical Bug,Medium,Escalation Pending,False,-1.0,1.0,2025-06-14 00:00:00
TCK-0380-01,CUST-0380,Performance Issue,Low,Resolved,False,3.1,5.0,2026-05-17 00:00:00
TCK-0380-02,CUST-0380,Feature Request,Low,Resolved,False,2.4,5.0,2026-04-05 00:00:00
TCK-0380-03,CUST-0380,Technical Bug,Low,In Progress,False,-1.0,3.0,2025-06-11 00:00:00
TCK-0380-04,CUST-0380,Account Access,Medium,Resolved,False,9.0,4.0,2025-07-01 00:00:00
TCK-0380-05,CUST-0380,Account Access,Low,In Progress,False,-1.0,3.0,2026-04-12 00:00:00
TCK-0380-06,CUST-0380,Feature Request,Urgent,Escalation Pending,False,-1.0,3.0,2025-10-02 00:00:00
TCK-0380-07,CUST-0380,Billing,Medium,Escalation Pending,False,-1.0,3.0,2025-08-10 00:00:00
TCK-0381-01,CUST-0381,Feature Request,Low,Escalation Pending,False,-1.0,2.0,2026-06-25 00:00:00
TCK-0381-02,CUST-0381,Billing,Urgent,In Progress,False,-1.0,1.0,2025-06-22 00:00:00
TCK-0381-03,CUST-0381,Technical Bug,High,Closed,False,53.6,5.0,2025-12-18 00:00:00
TCK-0381-04,CUST-0381,Performance Issue,Low,Escalation Pending,False,-1.0,1.0,2025-03-29 00:00:00
TCK-0381-05,CUST-0381,Account Access,Medium,Closed,False,2.6,5.0,2025-03-21 00:00:00
TCK-0381-06,CUST-0381,Performance Issue,Urgent,Closed,False,9.4,5.0,2025-03-23 00:00:00
TCK-0381-07,CUST-0381,Technical Bug,Low,In Progress,False,-1.0,1.0,2026-05-04 00:00:00
TCK-0381-08,CUST-0381,Performance Issue,Low,Escalation Pending,False,-1.0,1.0,2026-05-28 00:00:00
TCK-0382-01,CUST-0382,Performance Issue,Low,Resolved,False,23.4,5.0,2026-01-27 00:00:00
TCK-0382-02,CUST-0382,Account Access,Medium,Resolved,False,11.9,5.0,2026-06-10 00:00:00
TCK-0382-03,CUST-0382,Performance Issue,Medium,Escalation Pending,False,-1.0,3.0,2026-03-26 00:00:00
TCK-0382-04,CUST-0382,Feature Request,Low,Resolved,False,19.9,5.0,2026-06-19 00:00:00
TCK-0382-05,CUST-0382,Billing,Urgent,Escalation Pending,False,-1.0,3.0,2025-11-02 00:00:00
TCK-0382-06,CUST-0382,Technical Bug,Medium,Resolved,False,8.6,5.0,2025-11-01 00:00:00
TCK-0383-01,CUST-0383,Performance Issue,Urgent,Closed,False,34.4,5.0,2026-03-12 00:00:00
TCK-0383-02,CUST-0383,Feature Request,Low,In Progress,False,-1.0,1.0,2026-05-20 00:00:00
TCK-0383-03,CUST-0383,Billing,High,Resolved,False,57.3,5.0,2025-07-16 00:00:00
TCK-0383-04,CUST-0383,Account Access,Urgent,Closed,True,14.4,2.0,2026-04-30 00:00:00
TCK-0384-01,CUST-0384,Technical Bug,High,Escalation Pending,False,-1.0,3.0,2026-04-07 00:00:00
TCK-0384-02,CUST-0384,Account Access,Urgent,Closed,False,52.4,5.0,2025-11-01 00:00:00
TCK-0384-03,CUST-0384,Account Access,Urgent,Closed,False,6.5,3.0,2025-12-04 00:00:00
TCK-0384-04,CUST-0384,Performance Issue,High,Closed,True,13.2,2.0,2026-03-23 00:00:00
TCK-0384-05,CUST-0384,Technical Bug,Urgent,Closed,True,2.0,3.0,2026-06-28 00:00:00
TCK-0384-06,CUST-0384,Technical Bug,High,Closed,False,45.0,5.0,2025-11-30 00:00:00
TCK-0384-07,CUST-0384,Account Access,Urgent,Escalation Pending,False,-1.0,3.0,2026-03-22 00:00:00
TCK-0384-08,CUST-0384,Billing,Urgent,Resolved,True,8.2,1.0,2025-12-19 00:00:00
TCK-0385-01,CUST-0385,Feature Request,Low,Escalation Pending,False,-1.0,3.0,2025-10-20 00:00:00
TCK-0385-02,CUST-0385,Billing,High,Closed,True,5.1,2.0,2025-09-06 00:00:00
TCK-0385-03,CUST-0385,Performance Issue,Low,Resolved,False,22.0,5.0,2025-08-15 00:00:00
TCK-0385-04,CUST-0385,Account Access,Urgent,Resolved,True,45.1,2.0,2025-09-04 00:00:00
TCK-0385-05,CUST-0385,Billing,Medium,In Progress,False,-1.0,1.0,2026-05-03 00:00:00
TCK-0386-01,CUST-0386,Performance Issue,Medium,Resolved,False,14.0,3.0,2026-03-30 00:00:00
TCK-0386-02,CUST-0386,Feature Request,Medium,Resolved,True,11.7,2.0,2026-05-28 00:00:00
TCK-0386-03,CUST-0386,Billing,Medium,Closed,False,22.2,5.0,2026-01-19 00:00:00
TCK-0387-01,CUST-0387,Feature Request,High,Escalation Pending,False,-1.0,3.0,2025-12-29 00:00:00
TCK-0387-02,CUST-0387,Billing,High,In Progress,True,-1.0,2.0,2026-06-25 00:00:00
TCK-0387-03,CUST-0387,Billing,Low,Closed,True,17.9,3.0,2025-10-23 00:00:00
TCK-0387-04,CUST-0387,Billing,Urgent,Closed,False,50.8,5.0,2025-08-14 00:00:00
TCK-0387-05,CUST-0387,Account Access,Low,Resolved,True,11.3,3.0,2025-08-23 00:00:00
TCK-0387-06,CUST-0387,Technical Bug,Urgent,In Progress,True,-1.0,1.0,2026-02-18 00:00:00
TCK-0387-07,CUST-0387,Technical Bug,Low,In Progress,False,-1.0,2.0,2026-01-29 00:00:00
TCK-0387-08,CUST-0387,Performance Issue,Low,Resolved,False,3.1,5.0,2025-09-30 00:00:00
TCK-0387-09,CUST-0387,Account Access,High,In Progress,True,-1.0,2.0,2026-01-31 00:00:00
TCK-0387-10,CUST-0387,Account Access,Urgent,Escalation Pending,False,-1.0,1.0,2026-01-06 00:00:00
TCK-0388-01,CUST-0388,Account Access,Low,In Progress,False,-1.0,2.0,2025-12-31 00:00:00
TCK-0388-02,CUST-0388,Technical Bug,Low,Closed,False,20.9,5.0,2026-01-19 00:00:00
TCK-0388-03,CUST-0388,Feature Request,Urgent,Closed,False,55.9,5.0,2026-02-04 00:00:00
TCK-0388-04,CUST-0388,Billing,Low,In Progress,False,-1.0,3.0,2026-03-05 00:00:00
TCK-0388-05,CUST-0388,Technical Bug,Low,Escalation Pending,True,-1.0,1.0,2025-12-13 00:00:00
TCK-0388-06,CUST-0388,Billing,Medium,Closed,True,23.2,2.0,2026-04-16 00:00:00
TCK-0388-07,CUST-0388,Feature Request,Urgent,Closed,True,55.5,3.0,2025-10-13 00:00:00
TCK-0388-08,CUST-0388,Feature Request,Low,Closed,False,8.2,3.0,2025-10-26 00:00:00
TCK-0388-09,CUST-0388,Account Access,High,Escalation Pending,False,-1.0,1.0,2025-09-12 00:00:00
TCK-0389-01,CUST-0389,Technical Bug,Low,In Progress,False,-1.0,2.0,2025-10-21 00:00:00
TCK-0389-02,CUST-0389,Account Access,Urgent,Escalation Pending,True,-1.0,2.0,2026-01-07 00:00:00
TCK-0389-03,CUST-0389,Feature Request,Low,Resolved,False,22.2,3.0,2026-01-27 00:00:00
TCK-0389-04,CUST-0389,Performance Issue,High,Escalation Pending,True,-1.0,2.0,2026-02-08 00:00:00
TCK-0390-01,CUST-0390,Performance Issue,High,Closed,False,27.8,5.0,2025-07-24 00:00:00
TCK-0390-02,CUST-0390,Account Access,Medium,Closed,False,13.1,5.0,2026-01-31 00:00:00
TCK-0390-03,CUST-0390,Account Access,Low,Escalation Pending,True,-1.0,2.0,2025-12-04 00:00:00
TCK-0390-04,CUST-0390,Account Access,High,In Progress,False,-1.0,3.0,2025-06-24 00:00:00
TCK-0390-05,CUST-0390,Technical Bug,Low,Closed,False,5.4,5.0,2025-11-14 00:00:00
TCK-0390-06,CUST-0390,Performance Issue,Urgent,Resolved,False,33.6,5.0,2025-08-25 00:00:00
TCK-0390-07,CUST-0390,Technical Bug,High,Closed,False,36.2,3.0,2025-08-10 00:00:00
TCK-0390-08,CUST-0390,Performance Issue,Urgent,Resolved,False,64.8,5.0,2025-02-07 00:00:00
TCK-0390-09,CUST-0390,Performance Issue,Low,Resolved,False,15.3,5.0,2025-10-05 00:00:00
TCK-0391-01,CUST-0391,Performance Issue,Medium,Closed,False,9.3,4.0,2025-10-02 00:00:00
TCK-0391-02,CUST-0391,Billing,Low,Resolved,False,13.3,5.0,2025-12-10 00:00:00
TCK-0391-03,CUST-0391,Feature Request,High,Resolved,False,61.0,5.0,2025-07-26 00:00:00
TCK-0391-04,CUST-0391,Account Access,High,In Progress,True,-1.0,2.0,2025-09-10 00:00:00
TCK-0391-05,CUST-0391,Feature Request,Low,Closed,False,20.0,5.0,2026-04-16 00:00:00
TCK-0391-06,CUST-0391,Billing,Urgent,Closed,False,33.5,3.0,2025-05-06 00:00:00
TCK-0391-07,CUST-0391,Account Access,Medium,Resolved,False,5.2,5.0,2026-01-11 00:00:00
TCK-0392-01,CUST-0392,Performance Issue,Medium,Resolved,False,8.7,5.0,2026-03-01 00:00:00
TCK-0392-02,CUST-0392,Performance Issue,Medium,Resolved,False,8.0,5.0,2026-04-21 00:00:00
TCK-0392-03,CUST-0392,Technical Bug,High,Resolved,False,58.7,5.0,2026-04-28 00:00:00
TCK-0392-04,CUST-0392,Account Access,Medium,Closed,False,20.3,4.0,2026-03-29 00:00:00
TCK-0392-05,CUST-0392,Feature Request,Medium,Closed,False,14.5,3.0,2025-12-06 00:00:00
TCK-0392-06,CUST-0392,Billing,Urgent,Closed,True,68.1,3.0,2025-12-21 00:00:00
TCK-0392-07,CUST-0392,Technical Bug,Low,Closed,False,5.7,3.0,2025-11-09 00:00:00
TCK-0392-08,CUST-0392,Billing,Low,Closed,True,21.6,1.0,2025-11-14 00:00:00
TCK-0392-09,CUST-0392,Performance Issue,Urgent,Escalation Pending,False,-1.0,1.0,2025-11-09 00:00:00
TCK-0392-10,CUST-0392,Billing,Urgent,Resolved,False,2.8,3.0,2026-05-26 00:00:00
TCK-0393-01,CUST-0393,Account Access,High,Resolved,False,43.3,3.0,2026-06-08 00:00:00
TCK-0393-02,CUST-0393,Feature Request,High,Closed,False,15.6,5.0,2025-11-27 00:00:00
TCK-0393-03,CUST-0393,Performance Issue,High,Resolved,False,4.4,4.0,2026-05-12 00:00:00
TCK-0393-04,CUST-0393,Billing,Urgent,Escalation Pending,False,-1.0,1.0,2025-05-03 00:00:00
TCK-0393-05,CUST-0393,Account Access,High,Escalation Pending,False,-1.0,2.0,2025-06-09 00:00:00
TCK-0393-06,CUST-0393,Account Access,Low,Resolved,False,11.6,5.0,2025-12-04 00:00:00
TCK-0393-07,CUST-0393,Account Access,Low,Escalation Pending,True,-1.0,2.0,2025-10-02 00:00:00
TCK-0393-08,CUST-0393,Billing,Low,Closed,False,23.7,3.0,2026-06-19 00:00:00
TCK-0393-09,CUST-0393,Feature Request,High,In Progress,True,-1.0,3.0,2025-12-28 00:00:00
TCK-0393-10,CUST-0393,Billing,Low,Closed,False,11.5,4.0,2025-09-29 00:00:00
TCK-0394-01,CUST-0394,Performance Issue,Urgent,Closed,False,39.8,3.0,2025-11-20 00:00:00
TCK-0394-02,CUST-0394,Performance Issue,Urgent,Resolved,False,27.5,5.0,2026-05-09 00:00:00
TCK-0394-03,CUST-0394,Performance Issue,Urgent,Escalation Pending,True,-1.0,1.0,2026-01-09 00:00:00
TCK-0394-04,CUST-0394,Feature Request,Urgent,Closed,True,10.9,1.0,2025-05-30 00:00:00
TCK-0394-05,CUST-0394,Feature Request,High,Closed,False,28.6,5.0,2025-05-03 00:00:00
TCK-0394-06,CUST-0394,Performance Issue,Low,In Progress,False,-1.0,1.0,2025-04-30 00:00:00
TCK-0394-07,CUST-0394,Feature Request,High,In Progress,True,-1.0,1.0,2025-11-14 00:00:00
TCK-0394-08,CUST-0394,Feature Request,Urgent,Resolved,True,49.0,1.0,2025-11-28 00:00:00
TCK-0395-01,CUST-0395,Account Access,Low,Escalation Pending,False,-1.0,1.0,2026-05-22 00:00:00
TCK-0395-02,CUST-0395,Account Access,Medium,Escalation Pending,False,-1.0,2.0,2026-06-30 00:00:00
TCK-0395-03,CUST-0395,Performance Issue,Low,In Progress,False,-1.0,3.0,2026-04-16 00:00:00
TCK-0395-04,CUST-0395,Account Access,Medium,In Progress,False,-1.0,3.0,2026-03-10 00:00:00
TCK-0396-01,CUST-0396,Performance Issue,Medium,In Progress,False,-1.0,2.0,2026-05-06 00:00:00
TCK-0396-02,CUST-0396,Billing,Low,Resolved,False,3.4,5.0,2025-06-27 00:00:00
TCK-0397-01,CUST-0397,Technical Bug,Medium,Escalation Pending,False,-1.0,1.0,2026-05-09 00:00:00
TCK-0397-02,CUST-0397,Technical Bug,High,In Progress,False,-1.0,1.0,2025-09-23 00:00:00
TCK-0397-03,CUST-0397,Billing,Urgent,Closed,False,13.3,5.0,2026-04-13 00:00:00
TCK-0397-04,CUST-0397,Technical Bug,Low,Escalation Pending,False,-1.0,1.0,2026-03-12 00:00:00
TCK-0398-01,CUST-0398,Account Access,Low,In Progress,True,-1.0,1.0,2025-08-05 00:00:00
TCK-0398-02,CUST-0398,Feature Request,Low,Resolved,False,8.9,5.0,2025-04-27 00:00:00
TCK-0399-01,CUST-0399,Billing,Low,Escalation Pending,False,-1.0,3.0,2025-08-19 00:00:00
TCK-0399-02,CUST-0399,Billing,Low,In Progress,False,-1.0,3.0,2026-05-10 00:00:00
TCK-0399-03,CUST-0399,Billing,High,In Progress,False,-1.0,3.0,2025-08-09 00:00:00
TCK-0399-04,CUST-0399,Technical Bug,Medium,Escalation Pending,False,-1.0,2.0,2026-01-09 00:00:00
TCK-0399-05,CUST-0399,Performance Issue,Medium,Escalation Pending,False,-1.0,2.0,2025-05-18 00:00:00
TCK-0400-01,CUST-0400,Performance Issue,Medium,Closed,False,19.7,3.0,2025-11-18 00:00:00
TCK-0400-02,CUST-0400,Billing,Low,Resolved,True,5.4,3.0,2026-06-09 00:00:00
TCK-0400-03,CUST-0400,Feature Request,Medium,Resolved,False,12.3,5.0,2025-11-18 00:00:00
TCK-0401-01,CUST-0401,Billing,Urgent,Escalation Pending,False,-1.0,1.0,2026-03-12 00:00:00
TCK-0401-02,CUST-0401,Feature Request,Medium,Closed,False,23.8,5.0,2026-01-05 00:00:00
TCK-0401-03,CUST-0401,Performance Issue,Medium,Closed,False,9.0,4.0,2026-02-16 00:00:00
TCK-0401-04,CUST-0401,Account Access,Urgent,Resolved,False,25.2,3.0,2026-03-21 00:00:00
TCK-0401-05,CUST-0401,Feature Request,High,Escalation Pending,False,-1.0,2.0,2026-03-22 00:00:00
TCK-0401-06,CUST-0401,Performance Issue,High,In Progress,False,-1.0,2.0,2025-10-25 00:00:00
TCK-0401-07,CUST-0401,Technical Bug,Medium,Resolved,False,15.1,5.0,2026-01-18 00:00:00
TCK-0401-08,CUST-0401,Billing,Low,In Progress,False,-1.0,3.0,2025-08-19 00:00:00
TCK-0401-09,CUST-0401,Performance Issue,Low,Resolved,False,22.9,3.0,2026-03-29 00:00:00
TCK-0401-10,CUST-0401,Performance Issue,Urgent,Resolved,True,12.0,2.0,2026-03-20 00:00:00
TCK-0402-01,CUST-0402,Technical Bug,High,In Progress,False,-1.0,3.0,2025-09-08 00:00:00
TCK-0402-02,CUST-0402,Technical Bug,Low,Closed,False,6.0,5.0,2026-05-13 00:00:00
TCK-0402-03,CUST-0402,Account Access,Low,Escalation Pending,True,-1.0,3.0,2025-08-22 00:00:00
TCK-0402-04,CUST-0402,Billing,High,Closed,True,62.4,1.0,2026-01-21 00:00:00
TCK-0402-05,CUST-0402,Performance Issue,High,In Progress,False,-1.0,1.0,2026-03-09 00:00:00
TCK-0402-06,CUST-0402,Account Access,Low,Escalation Pending,False,-1.0,1.0,2026-03-11 00:00:00
TCK-0402-07,CUST-0402,Technical Bug,Medium,Resolved,False,22.5,5.0,2026-06-22 00:00:00
TCK-0403-01,CUST-0403,Account Access,Low,Resolved,False,2.1,5.0,2025-08-01 00:00:00
TCK-0403-02,CUST-0403,Billing,Medium,In Progress,False,-1.0,1.0,2025-07-04 00:00:00
TCK-0403-03,CUST-0403,Performance Issue,High,Resolved,False,68.9,5.0,2026-04-09 00:00:00
TCK-0403-04,CUST-0403,Performance Issue,Medium,In Progress,False,-1.0,2.0,2026-06-22 00:00:00
TCK-0403-05,CUST-0403,Technical Bug,High,In Progress,False,-1.0,1.0,2025-06-21 00:00:00
TCK-0404-01,CUST-0404,Billing,Urgent,Resolved,False,7.2,5.0,2026-04-20 00:00:00
TCK-0404-02,CUST-0404,Feature Request,High,Closed,True,71.7,3.0,2026-01-22 00:00:00
TCK-0405-01,CUST-0405,Technical Bug,Low,Escalation Pending,True,-1.0,2.0,2025-12-18 00:00:00
TCK-0405-02,CUST-0405,Technical Bug,High,Closed,True,13.2,2.0,2025-06-13 00:00:00
TCK-0405-03,CUST-0405,Billing,Urgent,Escalation Pending,True,-1.0,2.0,2025-10-16 00:00:00
TCK-0405-04,CUST-0405,Technical Bug,Urgent,Resolved,True,34.2,2.0,2025-09-10 00:00:00
TCK-0405-05,CUST-0405,Performance Issue,Low,Closed,False,6.8,4.0,2025-11-12 00:00:00
TCK-0405-06,CUST-0405,Account Access,Low,Resolved,True,14.6,3.0,2026-01-09 00:00:00
TCK-0405-07,CUST-0405,Billing,High,Escalation Pending,True,-1.0,3.0,2025-10-15 00:00:00
TCK-0406-01,CUST-0406,Technical Bug,Low,In Progress,False,-1.0,2.0,2026-02-04 00:00:00
TCK-0406-02,CUST-0406,Performance Issue,Urgent,Closed,True,8.1,3.0,2026-06-16 00:00:00
TCK-0406-03,CUST-0406,Feature Request,High,Resolved,True,18.2,1.0,2026-03-19 00:00:00
TCK-0406-04,CUST-0406,Technical Bug,Low,Closed,False,12.1,5.0,2026-05-10 00:00:00
TCK-0406-05,CUST-0406,Technical Bug,Low,Escalation Pending,False,-1.0,1.0,2026-06-18 00:00:00
TCK-0407-01,CUST-0407,Performance Issue,Low,Escalation Pending,False,-1.0,3.0,2025-06-19 00:00:00
TCK-0407-02,CUST-0407,Billing,Medium,Resolved,True,13.5,2.0,2026-03-30 00:00:00
TCK-0407-03,CUST-0407,Billing,High,Escalation Pending,False,-1.0,1.0,2026-04-24 00:00:00
TCK-0407-04,CUST-0407,Billing,Urgent,In Progress,True,-1.0,2.0,2025-12-31 00:00:00
TCK-0407-05,CUST-0407,Performance Issue,Low,In Progress,False,-1.0,3.0,2026-04-12 00:00:00
TCK-0408-01,CUST-0408,Account Access,Medium,Closed,False,3.5,5.0,2025-07-01 00:00:00
TCK-0408-02,CUST-0408,Performance Issue,Urgent,In Progress,False,-1.0,2.0,2025-12-08 00:00:00
TCK-0409-01,CUST-0409,Billing,Low,Closed,True,15.5,3.0,2025-11-07 00:00:00
TCK-0409-02,CUST-0409,Technical Bug,Medium,Closed,False,3.3,3.0,2026-01-23 00:00:00
TCK-0409-03,CUST-0409,Account Access,Urgent,Closed,False,53.2,3.0,2025-10-06 00:00:00
TCK-0409-04,CUST-0409,Feature Request,High,Closed,False,51.1,4.0,2025-09-09 00:00:00
TCK-0410-01,CUST-0410,Technical Bug,Medium,Escalation Pending,False,-1.0,2.0,2026-05-28 00:00:00
TCK-0410-02,CUST-0410,Technical Bug,Low,Closed,False,2.9,4.0,2025-12-01 00:00:00
TCK-0410-03,CUST-0410,Billing,Urgent,Resolved,True,30.5,2.0,2025-06-27 00:00:00
TCK-0410-04,CUST-0410,Billing,Low,Closed,True,22.6,2.0,2025-11-07 00:00:00
TCK-0410-05,CUST-0410,Feature Request,High,Resolved,False,44.8,4.0,2025-05-25 00:00:00
TCK-0411-01,CUST-0411,Account Access,Urgent,Resolved,False,62.2,4.0,2025-12-03 00:00:00
TCK-0411-02,CUST-0411,Performance Issue,Medium,Resolved,False,7.8,5.0,2025-03-14 00:00:00
TCK-0411-03,CUST-0411,Performance Issue,Urgent,Closed,False,41.7,4.0,2026-06-03 00:00:00
TCK-0411-04,CUST-0411,Billing,Urgent,Resolved,False,27.7,5.0,2026-06-19 00:00:00
TCK-0411-05,CUST-0411,Feature Request,Urgent,Resolved,False,28.8,5.0,2026-05-30 00:00:00
TCK-0411-06,CUST-0411,Technical Bug,Low,Escalation Pending,False,-1.0,2.0,2025-08-12 00:00:00
TCK-0411-07,CUST-0411,Billing,High,In Progress,False,-1.0,2.0,2026-01-09 00:00:00
TCK-0411-08,CUST-0411,Billing,Urgent,Escalation Pending,False,-1.0,1.0,2026-01-24 00:00:00
TCK-0411-09,CUST-0411,Account Access,Medium,Escalation Pending,False,-1.0,2.0,2025-02-12 00:00:00
TCK-0412-01,CUST-0412,Technical Bug,Urgent,Resolved,True,8.2,1.0,2025-08-17 00:00:00
TCK-0412-02,CUST-0412,Technical Bug,Urgent,In Progress,False,-1.0,3.0,2026-01-18 00:00:00
TCK-0412-03,CUST-0412,Account Access,High,Resolved,False,49.5,3.0,2026-01-07 00:00:00
TCK-0412-04,CUST-0412,Feature Request,Low,Escalation Pending,False,-1.0,1.0,2026-03-02 00:00:00
TCK-0413-01,CUST-0413,Technical Bug,High,Closed,False,52.4,5.0,2026-01-06 00:00:00
TCK-0413-02,CUST-0413,Technical Bug,High,In Progress,False,-1.0,3.0,2025-09-13 00:00:00
TCK-0413-03,CUST-0413,Technical Bug,Medium,Closed,False,22.9,3.0,2026-05-04 00:00:00
TCK-0413-04,CUST-0413,Technical Bug,Low,In Progress,True,-1.0,3.0,2026-02-10 00:00:00
TCK-0413-05,CUST-0413,Feature Request,Urgent,In Progress,True,-1.0,2.0,2026-01-10 00:00:00
TCK-0414-01,CUST-0414,Performance Issue,High,In Progress,False,-1.0,1.0,2026-02-22 00:00:00
TCK-0414-02,CUST-0414,Technical Bug,Urgent,Escalation Pending,False,-1.0,2.0,2026-03-11 00:00:00
TCK-0414-03,CUST-0414,Feature Request,Urgent,Resolved,False,32.2,5.0,2025-10-25 00:00:00
TCK-0414-04,CUST-0414,Billing,Medium,In Progress,True,-1.0,1.0,2026-05-23 00:00:00
TCK-0414-05,CUST-0414,Billing,High,In Progress,False,-1.0,3.0,2025-10-05 00:00:00
TCK-0414-06,CUST-0414,Account Access,Medium,Closed,False,9.1,5.0,2026-06-12 00:00:00
TCK-0414-07,CUST-0414,Feature Request,Urgent,Escalation Pending,True,-1.0,1.0,2025-10-18 00:00:00
TCK-0414-08,CUST-0414,Technical Bug,Low,In Progress,False,-1.0,1.0,2025-12-22 00:00:00
TCK-0415-01,CUST-0415,Billing,High,Closed,False,19.3,4.0,2026-06-29 00:00:00
TCK-0415-02,CUST-0415,Feature Request,Low,In Progress,False,-1.0,2.0,2025-06-22 00:00:00
TCK-0415-03,CUST-0415,Billing,Urgent,Closed,False,48.0,5.0,2025-06-28 00:00:00
TCK-0415-04,CUST-0415,Billing,Low,Resolved,True,12.9,3.0,2026-04-29 00:00:00
TCK-0415-05,CUST-0415,Account Access,Medium,Resolved,False,3.7,5.0,2025-04-21 00:00:00
TCK-0415-06,CUST-0415,Performance Issue,High,Closed,True,27.4,3.0,2025-07-26 00:00:00
TCK-0416-01,CUST-0416,Billing,Urgent,Closed,True,62.9,3.0,2025-09-26 00:00:00
TCK-0416-02,CUST-0416,Performance Issue,Urgent,Closed,False,17.6,5.0,2026-05-08 00:00:00
TCK-0417-01,CUST-0417,Technical Bug,Urgent,In Progress,True,-1.0,1.0,2026-06-24 00:00:00
TCK-0417-02,CUST-0417,Billing,High,Escalation Pending,False,-1.0,3.0,2025-08-30 00:00:00
TCK-0417-03,CUST-0417,Billing,High,Resolved,True,4.5,1.0,2026-04-02 00:00:00
TCK-0417-04,CUST-0417,Technical Bug,Medium,Closed,True,9.0,3.0,2025-11-05 00:00:00
TCK-0417-05,CUST-0417,Billing,Urgent,In Progress,True,-1.0,1.0,2026-05-18 00:00:00
TCK-0418-01,CUST-0418,Technical Bug,Low,Closed,False,10.3,5.0,2025-08-13 00:00:00
TCK-0418-02,CUST-0418,Technical Bug,Urgent,Resolved,True,44.1,1.0,2025-12-06 00:00:00
TCK-0418-03,CUST-0418,Feature Request,Medium,In Progress,False,-1.0,3.0,2025-08-14 00:00:00
TCK-0418-04,CUST-0418,Technical Bug,Medium,Closed,False,16.1,5.0,2025-06-11 00:00:00
TCK-0418-05,CUST-0418,Performance Issue,Medium,Closed,False,2.0,5.0,2026-04-27 00:00:00
TCK-0418-06,CUST-0418,Feature Request,Medium,Closed,False,4.8,5.0,2025-09-21 00:00:00
TCK-0418-07,CUST-0418,Billing,High,Escalation Pending,False,-1.0,2.0,2025-04-02 00:00:00
TCK-0418-08,CUST-0418,Billing,Urgent,Closed,True,29.2,2.0,2026-03-25 00:00:00
TCK-0418-09,CUST-0418,Billing,Medium,Closed,False,10.4,3.0,2025-02-22 00:00:00
TCK-0419-01,CUST-0419,Performance Issue,Medium,Escalation Pending,False,-1.0,3.0,2026-05-22 00:00:00
TCK-0419-02,CUST-0419,Account Access,High,Escalation Pending,False,-1.0,1.0,2026-03-27 00:00:00
TCK-0419-03,CUST-0419,Feature Request,High,Closed,True,70.6,1.0,2025-12-29 00:00:00
TCK-0419-04,CUST-0419,Technical Bug,Medium,Resolved,False,16.0,5.0,2026-02-18 00:00:00
TCK-0419-05,CUST-0419,Technical Bug,High,Closed,False,52.2,4.0,2026-01-11 00:00:00
TCK-0420-01,CUST-0420,Billing,Urgent,Escalation Pending,True,-1.0,1.0,2025-05-24 00:00:00
TCK-0420-02,CUST-0420,Billing,Low,Escalation Pending,True,-1.0,2.0,2025-06-12 00:00:00
TCK-0420-03,CUST-0420,Technical Bug,Low,In Progress,False,-1.0,1.0,2026-01-31 00:00:00
TCK-0420-04,CUST-0420,Account Access,Low,In Progress,False,-1.0,1.0,2025-04-26 00:00:00
TCK-0420-05,CUST-0420,Billing,Medium,Closed,False,10.8,3.0,2026-01-05 00:00:00
TCK-0420-06,CUST-0420,Account Access,Urgent,Escalation Pending,True,-1.0,3.0,2025-10-24 00:00:00
TCK-0420-07,CUST-0420,Feature Request,Low,In Progress,False,-1.0,2.0,2025-05-13 00:00:00
TCK-0421-01,CUST-0421,Billing,Low,In Progress,False,-1.0,2.0,2026-03-16 00:00:00
TCK-0421-02,CUST-0421,Account Access,Low,Resolved,False,14.7,5.0,2026-06-08 00:00:00
TCK-0421-03,CUST-0421,Technical Bug,High,Escalation Pending,False,-1.0,2.0,2025-11-11 00:00:00
TCK-0421-04,CUST-0421,Billing,Urgent,Closed,False,3.3,4.0,2026-03-19 00:00:00
TCK-0421-05,CUST-0421,Technical Bug,Low,Escalation Pending,True,-1.0,1.0,2025-10-17 00:00:00
TCK-0421-06,CUST-0421,Billing,Medium,Closed,True,14.6,3.0,2026-03-17 00:00:00
TCK-0422-01,CUST-0422,Feature Request,Medium,Escalation Pending,True,-1.0,2.0,2026-06-22 00:00:00
TCK-0422-02,CUST-0422,Technical Bug,Low,Closed,False,4.9,5.0,2025-11-01 00:00:00
TCK-0422-03,CUST-0422,Feature Request,High,Escalation Pending,False,-1.0,3.0,2026-05-21 00:00:00
TCK-0422-04,CUST-0422,Account Access,Medium,Closed,False,22.7,5.0,2026-01-29 00:00:00
TCK-0422-05,CUST-0422,Billing,Low,Escalation Pending,False,-1.0,2.0,2026-03-25 00:00:00
TCK-0422-06,CUST-0422,Technical Bug,Low,In Progress,False,-1.0,1.0,2026-02-14 00:00:00
TCK-0422-07,CUST-0422,Billing,Medium,Resolved,True,14.9,2.0,2025-10-30 00:00:00
TCK-0422-08,CUST-0422,Account Access,Urgent,In Progress,False,-1.0,2.0,2026-06-08 00:00:00
TCK-0422-09,CUST-0422,Account Access,Urgent,Resolved,True,2.1,2.0,2026-06-12 00:00:00
TCK-0422-10,CUST-0422,Feature Request,High,Escalation Pending,True,-1.0,2.0,2026-05-11 00:00:00
TCK-0423-01,CUST-0423,Feature Request,Low,In Progress,False,-1.0,1.0,2025-07-29 00:00:00
TCK-0423-02,CUST-0423,Feature Request,Medium,Closed,False,12.3,3.0,2026-05-15 00:00:00
TCK-0423-03,CUST-0423,Feature Request,High,Closed,False,69.4,5.0,2025-08-27 00:00:00
TCK-0423-04,CUST-0423,Billing,High,Escalation Pending,True,-1.0,1.0,2025-12-29 00:00:00
TCK-0423-05,CUST-0423,Technical Bug,Low,Escalation Pending,False,-1.0,3.0,2025-07-22 00:00:00
TCK-0423-06,CUST-0423,Technical Bug,High,Closed,True,39.0,2.0,2026-02-14 00:00:00
TCK-0423-07,CUST-0423,Technical Bug,Urgent,Resolved,True,61.7,3.0,2025-12-13 00:00:00
TCK-0424-01,CUST-0424,Account Access,High,In Progress,False,-1.0,3.0,2025-12-03 00:00:00
TCK-0424-02,CUST-0424,Account Access,High,In Progress,False,-1.0,3.0,2025-10-13 00:00:00
TCK-0424-03,CUST-0424,Feature Request,Medium,Closed,False,20.3,5.0,2025-12-31 00:00:00
TCK-0424-04,CUST-0424,Performance Issue,Urgent,In Progress,True,-1.0,2.0,2025-12-25 00:00:00
TCK-0424-05,CUST-0424,Billing,Medium,Resolved,True,15.1,3.0,2026-03-15 00:00:00
TCK-0425-01,CUST-0425,Performance Issue,High,Closed,True,9.3,1.0,2026-05-17 00:00:00
TCK-0425-02,CUST-0425,Technical Bug,Low,Resolved,False,20.9,3.0,2026-06-03 00:00:00
TCK-0425-03,CUST-0425,Account Access,High,In Progress,False,-1.0,1.0,2026-02-24 00:00:00
TCK-0425-04,CUST-0425,Feature Request,High,Closed,True,62.1,1.0,2025-10-20 00:00:00
TCK-0425-05,CUST-0425,Technical Bug,Low,In Progress,True,-1.0,3.0,2026-05-10 00:00:00
TCK-0425-06,CUST-0425,Account Access,Urgent,Closed,False,52.6,4.0,2025-10-28 00:00:00
TCK-0425-07,CUST-0425,Billing,Medium,In Progress,False,-1.0,1.0,2025-12-09 00:00:00
TCK-0425-08,CUST-0425,Billing,Medium,Escalation Pending,False,-1.0,2.0,2026-04-20 00:00:00
TCK-0425-09,CUST-0425,Account Access,Urgent,In Progress,True,-1.0,3.0,2026-05-30 00:00:00
TCK-0425-10,CUST-0425,Billing,Urgent,Resolved,False,66.6,4.0,2025-11-05 00:00:00
TCK-0426-01,CUST-0426,Technical Bug,Low,In Progress,True,-1.0,1.0,2025-11-05 00:00:00
TCK-0426-02,CUST-0426,Account Access,Medium,Escalation Pending,False,-1.0,1.0,2025-10-01 00:00:00
TCK-0426-03,CUST-0426,Billing,Medium,Escalation Pending,True,-1.0,2.0,2025-10-25 00:00:00
TCK-0426-04,CUST-0426,Account Access,Urgent,Resolved,True,3.3,1.0,2026-06-28 00:00:00
TCK-0426-05,CUST-0426,Feature Request,Urgent,Escalation Pending,False,-1.0,3.0,2025-08-07 00:00:00
TCK-0426-06,CUST-0426,Billing,High,Closed,False,41.8,5.0,2026-02-04 00:00:00
TCK-0426-07,CUST-0426,Performance Issue,Low,Resolved,False,16.2,5.0,2026-03-05 00:00:00
TCK-0426-08,CUST-0426,Account Access,Low,Closed,False,23.9,5.0,2025-11-07 00:00:00
TCK-0427-01,CUST-0427,Feature Request,Urgent,Escalation Pending,True,-1.0,2.0,2026-01-04 00:00:00
TCK-0427-02,CUST-0427,Technical Bug,Medium,Closed,False,15.7,4.0,2025-10-19 00:00:00
TCK-0427-03,CUST-0427,Technical Bug,Low,Escalation Pending,False,-1.0,3.0,2025-12-09 00:00:00
TCK-0427-04,CUST-0427,Technical Bug,Medium,Closed,False,2.5,4.0,2026-02-21 00:00:00
TCK-0427-05,CUST-0427,Feature Request,Urgent,Resolved,False,48.9,5.0,2026-06-05 00:00:00
TCK-0427-06,CUST-0427,Account Access,Low,Escalation Pending,False,-1.0,1.0,2026-06-16 00:00:00
TCK-0428-01,CUST-0428,Account Access,Medium,Closed,True,22.0,3.0,2026-01-22 00:00:00
TCK-0428-02,CUST-0428,Performance Issue,High,Closed,False,18.4,4.0,2025-08-16 00:00:00
TCK-0428-03,CUST-0428,Technical Bug,Low,In Progress,False,-1.0,2.0,2025-05-04 00:00:00
TCK-0428-04,CUST-0428,Performance Issue,Low,Closed,True,23.1,3.0,2026-05-13 00:00:00
TCK-0428-05,CUST-0428,Technical Bug,High,In Progress,True,-1.0,1.0,2025-11-10 00:00:00
TCK-0428-06,CUST-0428,Feature Request,High,Escalation Pending,False,-1.0,3.0,2026-05-02 00:00:00
TCK-0429-01,CUST-0429,Performance Issue,Medium,Resolved,False,10.5,4.0,2026-05-02 00:00:00
TCK-0429-02,CUST-0429,Feature Request,Medium,Escalation Pending,False,-1.0,3.0,2025-10-15 00:00:00
TCK-0429-03,CUST-0429,Account Access,Low,In Progress,False,-1.0,3.0,2025-08-21 00:00:00
TCK-0430-01,CUST-0430,Account Access,Medium,Escalation Pending,False,-1.0,1.0,2026-01-06 00:00:00
TCK-0430-02,CUST-0430,Feature Request,Low,Resolved,False,4.9,3.0,2025-10-26 00:00:00
TCK-0430-03,CUST-0430,Billing,Urgent,Resolved,False,18.5,5.0,2026-05-02 00:00:00
TCK-0430-04,CUST-0430,Performance Issue,Low,Resolved,False,12.0,3.0,2026-06-07 00:00:00
TCK-0430-05,CUST-0430,Account Access,Low,Closed,False,15.2,5.0,2025-11-24 00:00:00
TCK-0430-06,CUST-0430,Performance Issue,High,Closed,False,43.9,3.0,2026-06-11 00:00:00
TCK-0431-01,CUST-0431,Technical Bug,Urgent,Resolved,True,27.3,2.0,2025-07-27 00:00:00
TCK-0431-02,CUST-0431,Technical Bug,Low,Escalation Pending,False,-1.0,3.0,2025-10-23 00:00:00
TCK-0431-03,CUST-0431,Account Access,Urgent,Closed,False,65.6,3.0,2026-05-01 00:00:00
TCK-0431-04,CUST-0431,Performance Issue,Medium,In Progress,False,-1.0,2.0,2025-10-13 00:00:00
TCK-0431-05,CUST-0431,Feature Request,Low,Escalation Pending,False,-1.0,3.0,2026-03-14 00:00:00
TCK-0432-01,CUST-0432,Performance Issue,Urgent,In Progress,False,-1.0,1.0,2025-11-23 00:00:00
TCK-0432-02,CUST-0432,Technical Bug,Urgent,Closed,False,29.8,4.0,2025-06-19 00:00:00
TCK-0432-03,CUST-0432,Performance Issue,High,In Progress,False,-1.0,1.0,2026-04-15 00:00:00
TCK-0432-04,CUST-0432,Feature Request,Urgent,Closed,True,13.2,2.0,2025-06-13 00:00:00
TCK-0432-05,CUST-0432,Billing,Urgent,Escalation Pending,True,-1.0,2.0,2025-04-02 00:00:00
TCK-0432-06,CUST-0432,Technical Bug,Medium,In Progress,True,-1.0,3.0,2025-06-17 00:00:00
TCK-0432-07,CUST-0432,Technical Bug,High,In Progress,True,-1.0,2.0,2025-08-18 00:00:00
TCK-0433-01,CUST-0433,Technical Bug,Urgent,In Progress,True,-1.0,3.0,2026-06-02 00:00:00
TCK-0433-02,CUST-0433,Technical Bug,Low,Resolved,False,9.4,5.0,2026-03-22 00:00:00
TCK-0433-03,CUST-0433,Performance Issue,Low,In Progress,False,-1.0,1.0,2025-08-14 00:00:00
TCK-0433-04,CUST-0433,Technical Bug,Low,Resolved,False,3.0,4.0,2026-05-02 00:00:00
TCK-0433-05,CUST-0433,Technical Bug,Low,Resolved,False,5.9,4.0,2025-06-24 00:00:00
TCK-0433-06,CUST-0433,Technical Bug,Low,In Progress,False,-1.0,3.0,2026-04-11 00:00:00
TCK-0433-07,CUST-0433,Billing,High,Escalation Pending,False,-1.0,3.0,2025-12-06 00:00:00
TCK-0433-08,CUST-0433,Performance Issue,Urgent,In Progress,False,-1.0,1.0,2025-06-29 00:00:00
TCK-0433-09,CUST-0433,Performance Issue,Low,In Progress,False,-1.0,3.0,2026-02-06 00:00:00
TCK-0434-01,CUST-0434,Technical Bug,Urgent,Escalation Pending,False,-1.0,1.0,2025-12-10 00:00:00
TCK-0434-02,CUST-0434,Performance Issue,High,Escalation Pending,False,-1.0,3.0,2026-03-10 00:00:00
TCK-0434-03,CUST-0434,Account Access,Urgent,Resolved,False,43.7,4.0,2025-09-02 00:00:00
TCK-0434-04,CUST-0434,Account Access,Medium,Closed,False,17.7,5.0,2025-06-20 00:00:00
TCK-0434-05,CUST-0434,Technical Bug,Low,Resolved,False,8.7,3.0,2025-03-10 00:00:00
TCK-0434-06,CUST-0434,Account Access,Medium,Closed,False,19.5,3.0,2025-11-07 00:00:00
TCK-0434-07,CUST-0434,Feature Request,Low,Escalation Pending,True,-1.0,1.0,2026-03-15 00:00:00
TCK-0434-08,CUST-0434,Performance Issue,High,Resolved,False,47.6,4.0,2025-05-16 00:00:00
TCK-0435-01,CUST-0435,Billing,Low,Closed,True,18.5,3.0,2025-09-17 00:00:00
TCK-0435-02,CUST-0435,Technical Bug,Urgent,Resolved,True,2.3,3.0,2025-04-21 00:00:00
TCK-0436-01,CUST-0436,Account Access,Medium,Closed,False,16.5,3.0,2025-11-09 00:00:00
TCK-0436-02,CUST-0436,Feature Request,Urgent,Escalation Pending,False,-1.0,1.0,2026-06-01 00:00:00
TCK-0437-01,CUST-0437,Performance Issue,Urgent,Closed,False,17.0,5.0,2025-11-11 00:00:00
TCK-0437-02,CUST-0437,Billing,High,Escalation Pending,False,-1.0,1.0,2025-11-06 00:00:00
TCK-0437-03,CUST-0437,Feature Request,Low,In Progress,False,-1.0,1.0,2025-04-17 00:00:00
TCK-0437-04,CUST-0437,Billing,Medium,Closed,True,6.4,1.0,2026-04-19 00:00:00
TCK-0437-05,CUST-0437,Performance Issue,Medium,Closed,True,9.7,1.0,2025-12-09 00:00:00
TCK-0437-06,CUST-0437,Performance Issue,Low,In Progress,False,-1.0,3.0,2026-05-13 00:00:00
TCK-0437-07,CUST-0437,Billing,Urgent,Escalation Pending,False,-1.0,2.0,2025-10-31 00:00:00
TCK-0437-08,CUST-0437,Billing,Low,In Progress,False,-1.0,3.0,2025-07-11 00:00:00
TCK-0437-09,CUST-0437,Billing,Low,In Progress,False,-1.0,1.0,2026-05-16 00:00:00
TCK-0437-10,CUST-0437,Billing,Medium,Escalation Pending,False,-1.0,2.0,2025-06-15 00:00:00
TCK-0438-01,CUST-0438,Performance Issue,High,Escalation Pending,True,-1.0,1.0,2025-10-10 00:00:00
TCK-0438-02,CUST-0438,Technical Bug,Urgent,Escalation Pending,False,-1.0,3.0,2026-04-16 00:00:00
TCK-0438-03,CUST-0438,Technical Bug,High,Resolved,False,11.7,5.0,2026-01-14 00:00:00
TCK-0438-04,CUST-0438,Account Access,Medium,Closed,False,15.3,5.0,2025-10-06 00:00:00
TCK-0438-05,CUST-0438,Feature Request,High,Resolved,False,33.2,5.0,2025-12-14 00:00:00
TCK-0439-01,CUST-0439,Feature Request,Low,Escalation Pending,False,-1.0,2.0,2026-04-15 00:00:00
TCK-0439-02,CUST-0439,Feature Request,High,In Progress,False,-1.0,2.0,2025-12-31 00:00:00
TCK-0439-03,CUST-0439,Billing,Medium,In Progress,False,-1.0,1.0,2026-02-04 00:00:00
TCK-0439-04,CUST-0439,Feature Request,Medium,Escalation Pending,False,-1.0,3.0,2026-06-20 00:00:00
TCK-0439-05,CUST-0439,Account Access,Medium,Resolved,False,23.9,5.0,2026-05-08 00:00:00
TCK-0439-06,CUST-0439,Performance Issue,Low,In Progress,False,-1.0,1.0,2026-05-12 00:00:00
TCK-0439-07,CUST-0439,Performance Issue,Medium,Escalation Pending,False,-1.0,1.0,2026-01-13 00:00:00
TCK-0439-08,CUST-0439,Technical Bug,Low,Resolved,False,5.6,4.0,2026-06-25 00:00:00
TCK-0440-01,CUST-0440,Performance Issue,Medium,In Progress,False,-1.0,2.0,2025-05-19 00:00:00
TCK-0440-02,CUST-0440,Technical Bug,Low,Closed,False,21.2,3.0,2026-01-05 00:00:00
TCK-0441-01,CUST-0441,Billing,High,Closed,False,3.0,5.0,2026-03-09 00:00:00
TCK-0441-02,CUST-0441,Billing,Low,Resolved,True,17.0,3.0,2026-03-19 00:00:00
TCK-0441-03,CUST-0441,Feature Request,Low,In Progress,False,-1.0,3.0,2025-12-14 00:00:00
TCK-0441-04,CUST-0441,Billing,High,Resolved,False,41.1,4.0,2026-04-13 00:00:00
TCK-0441-05,CUST-0441,Performance Issue,High,Resolved,False,37.2,5.0,2025-09-10 00:00:00
TCK-0441-06,CUST-0441,Billing,Urgent,Resolved,True,4.2,3.0,2025-12-14 00:00:00
TCK-0442-01,CUST-0442,Account Access,Medium,Resolved,False,10.7,5.0,2026-05-08 00:00:00
TCK-0442-02,CUST-0442,Account Access,Urgent,Escalation Pending,False,-1.0,2.0,2025-08-25 00:00:00
TCK-0442-03,CUST-0442,Account Access,Low,Closed,False,4.6,5.0,2026-04-10 00:00:00
TCK-0442-04,CUST-0442,Performance Issue,Urgent,Closed,False,24.1,5.0,2026-06-30 00:00:00
TCK-0442-05,CUST-0442,Technical Bug,Medium,Closed,False,4.7,3.0,2025-11-18 00:00:00
TCK-0442-06,CUST-0442,Technical Bug,Medium,In Progress,False,-1.0,2.0,2025-06-17 00:00:00
TCK-0443-01,CUST-0443,Account Access,High,Escalation Pending,False,-1.0,2.0,2026-01-01 00:00:00
TCK-0443-02,CUST-0443,Billing,Medium,In Progress,False,-1.0,1.0,2026-06-13 00:00:00
TCK-0443-03,CUST-0443,Billing,Medium,In Progress,True,-1.0,1.0,2025-11-27 00:00:00
TCK-0443-04,CUST-0443,Technical Bug,Low,Closed,True,10.7,3.0,2026-01-08 00:00:00
TCK-0443-05,CUST-0443,Billing,Low,Escalation Pending,False,-1.0,1.0,2025-12-18 00:00:00
TCK-0443-06,CUST-0443,Feature Request,Urgent,In Progress,True,-1.0,3.0,2026-02-09 00:00:00
TCK-0444-01,CUST-0444,Technical Bug,High,In Progress,True,-1.0,1.0,2025-10-28 00:00:00
TCK-0444-02,CUST-0444,Billing,High,Resolved,False,33.4,3.0,2025-09-23 00:00:00
TCK-0444-03,CUST-0444,Billing,Low,Resolved,False,7.7,5.0,2025-09-08 00:00:00
TCK-0444-04,CUST-0444,Account Access,Urgent,In Progress,True,-1.0,3.0,2025-07-22 00:00:00
TCK-0444-05,CUST-0444,Account Access,Medium,In Progress,False,-1.0,1.0,2026-06-04 00:00:00
TCK-0444-06,CUST-0444,Feature Request,Low,In Progress,False,-1.0,3.0,2026-05-21 00:00:00
TCK-0445-01,CUST-0445,Performance Issue,Low,Resolved,False,13.7,5.0,2025-06-11 00:00:00
TCK-0445-02,CUST-0445,Billing,Medium,Closed,True,11.4,1.0,2026-01-17 00:00:00
TCK-0445-03,CUST-0445,Feature Request,Medium,Resolved,False,9.8,4.0,2025-12-31 00:00:00
TCK-0445-04,CUST-0445,Performance Issue,Urgent,In Progress,True,-1.0,3.0,2025-12-08 00:00:00
TCK-0445-05,CUST-0445,Technical Bug,High,In Progress,False,-1.0,1.0,2025-07-01 00:00:00
TCK-0445-06,CUST-0445,Feature Request,High,Closed,False,66.9,4.0,2026-01-02 00:00:00
TCK-0445-07,CUST-0445,Performance Issue,Low,Resolved,False,9.8,5.0,2025-08-04 00:00:00
TCK-0445-08,CUST-0445,Account Access,High,Escalation Pending,False,-1.0,1.0,2026-05-11 00:00:00
TCK-0445-09,CUST-0445,Feature Request,Urgent,Closed,False,43.5,5.0,2026-02-25 00:00:00
TCK-0446-01,CUST-0446,Feature Request,Urgent,In Progress,True,-1.0,1.0,2026-04-03 00:00:00
TCK-0446-02,CUST-0446,Performance Issue,Low,Resolved,False,3.1,5.0,2026-02-28 00:00:00
TCK-0446-03,CUST-0446,Technical Bug,Low,Closed,False,20.3,5.0,2025-12-09 00:00:00
TCK-0446-04,CUST-0446,Billing,Low,Escalation Pending,False,-1.0,3.0,2026-03-11 00:00:00
TCK-0446-05,CUST-0446,Account Access,High,In Progress,True,-1.0,2.0,2026-01-07 00:00:00
TCK-0446-06,CUST-0446,Performance Issue,High,Escalation Pending,False,-1.0,3.0,2026-01-31 00:00:00
TCK-0447-01,CUST-0447,Performance Issue,Medium,Resolved,False,20.5,3.0,2025-12-05 00:00:00
TCK-0447-02,CUST-0447,Technical Bug,Low,Escalation Pending,False,-1.0,3.0,2026-03-07 00:00:00
TCK-0447-03,CUST-0447,Performance Issue,Low,In Progress,False,-1.0,3.0,2026-03-08 00:00:00
TCK-0447-04,CUST-0447,Technical Bug,Urgent,Escalation Pending,False,-1.0,1.0,2026-06-15 00:00:00
TCK-0447-05,CUST-0447,Account Access,High,In Progress,False,-1.0,2.0,2026-05-16 00:00:00
TCK-0447-06,CUST-0447,Billing,High,Closed,False,31.8,4.0,2026-03-03 00:00:00
TCK-0447-07,CUST-0447,Feature Request,Low,Closed,True,16.0,1.0,2026-03-05 00:00:00
TCK-0448-01,CUST-0448,Performance Issue,Urgent,Resolved,False,21.3,5.0,2026-03-20 00:00:00
TCK-0448-02,CUST-0448,Billing,Low,Closed,False,20.3,5.0,2026-02-20 00:00:00
TCK-0448-03,CUST-0448,Performance Issue,Low,Closed,False,14.3,5.0,2026-06-17 00:00:00
TCK-0448-04,CUST-0448,Feature Request,Medium,In Progress,False,-1.0,1.0,2026-04-02 00:00:00
TCK-0448-05,CUST-0448,Account Access,Low,Escalation Pending,False,-1.0,3.0,2025-10-27 00:00:00
TCK-0449-01,CUST-0449,Billing,Low,Resolved,False,2.2,4.0,2026-05-12 00:00:00
TCK-0449-02,CUST-0449,Feature Request,High,In Progress,True,-1.0,2.0,2025-09-23 00:00:00
TCK-0450-01,CUST-0450,Performance Issue,Low,Resolved,False,2.9,5.0,2025-10-31 00:00:00
TCK-0450-02,CUST-0450,Technical Bug,High,Escalation Pending,True,-1.0,1.0,2026-04-23 00:00:00
TCK-0450-03,CUST-0450,Billing,High,Escalation Pending,False,-1.0,1.0,2026-04-12 00:00:00
TCK-0450-04,CUST-0450,Feature Request,Medium,Resolved,False,6.8,5.0,2026-06-17 00:00:00
TCK-0450-05,CUST-0450,Performance Issue,Urgent,Closed,False,26.7,3.0,2025-10-03 00:00:00
TCK-0450-06,CUST-0450,Account Access,High,Escalation Pending,False,-1.0,1.0,2026-04-05 00:00:00
TCK-0450-07,CUST-0450,Account Access,Urgent,Resolved,False,47.5,5.0,2026-04-10 00:00:00
TCK-0451-01,CUST-0451,Feature Request,High,Resolved,True,48.2,3.0,2026-06-11 00:00:00
TCK-0451-02,CUST-0451,Technical Bug,Urgent,Escalation Pending,False,-1.0,1.0,2026-05-13 00:00:00
TCK-0451-03,CUST-0451,Technical Bug,Urgent,Escalation Pending,False,-1.0,2.0,2025-03-04 00:00:00
TCK-0452-01,CUST-0452,Account Access,Low,Escalation Pending,False,-1.0,1.0,2025-07-31 00:00:00
TCK-0452-02,CUST-0452,Billing,Urgent,In Progress,False,-1.0,3.0,2025-10-26 00:00:00
TCK-0452-03,CUST-0452,Account Access,High,In Progress,False,-1.0,1.0,2026-01-21 00:00:00
TCK-0452-04,CUST-0452,Billing,Low,Resolved,True,5.0,1.0,2025-07-18 00:00:00
TCK-0452-05,CUST-0452,Account Access,Medium,Closed,False,11.3,3.0,2025-11-25 00:00:00
TCK-0452-06,CUST-0452,Account Access,High,Closed,False,43.4,4.0,2025-07-25 00:00:00
TCK-0453-01,CUST-0453,Performance Issue,Medium,In Progress,False,-1.0,3.0,2026-01-30 00:00:00
TCK-0453-02,CUST-0453,Feature Request,High,In Progress,False,-1.0,1.0,2026-05-11 00:00:00
TCK-0454-01,CUST-0454,Billing,Urgent,Closed,True,3.5,2.0,2026-04-28 00:00:00
TCK-0454-02,CUST-0454,Performance Issue,Low,Escalation Pending,False,-1.0,2.0,2026-04-13 00:00:00
TCK-0454-03,CUST-0454,Billing,Medium,Closed,True,15.0,3.0,2026-06-16 00:00:00
TCK-0454-04,CUST-0454,Billing,Urgent,Escalation Pending,True,-1.0,2.0,2026-02-08 00:00:00
TCK-0454-05,CUST-0454,Account Access,Medium,Closed,False,10.9,5.0,2025-10-28 00:00:00
TCK-0454-06,CUST-0454,Billing,High,Resolved,True,44.4,3.0,2026-06-22 00:00:00
TCK-0454-07,CUST-0454,Billing,High,Escalation Pending,True,-1.0,1.0,2025-06-15 00:00:00
TCK-0454-08,CUST-0454,Performance Issue,Medium,In Progress,False,-1.0,2.0,2026-04-19 00:00:00
TCK-0454-09,CUST-0454,Technical Bug,Low,Resolved,False,16.4,4.0,2026-05-27 00:00:00
TCK-0455-01,CUST-0455,Account Access,Low,Escalation Pending,True,-1.0,3.0,2025-10-10 00:00:00
TCK-0455-02,CUST-0455,Billing,Medium,In Progress,True,-1.0,1.0,2025-03-23 00:00:00
TCK-0455-03,CUST-0455,Billing,Urgent,In Progress,False,-1.0,1.0,2025-06-01 00:00:00
TCK-0455-04,CUST-0455,Technical Bug,High,Escalation Pending,False,-1.0,1.0,2026-05-06 00:00:00
TCK-0455-05,CUST-0455,Technical Bug,Urgent,Escalation Pending,False,-1.0,1.0,2025-07-11 00:00:00
TCK-0455-06,CUST-0455,Technical Bug,High,Escalation Pending,True,-1.0,2.0,2025-06-01 00:00:00
TCK-0456-01,CUST-0456,Performance Issue,Low,In Progress,True,-1.0,2.0,2025-11-22 00:00:00
TCK-0456-02,CUST-0456,Feature Request,Low,Closed,False,3.1,3.0,2025-05-13 00:00:00
TCK-0456-03,CUST-0456,Performance Issue,Urgent,Closed,False,5.9,4.0,2026-03-31 00:00:00
TCK-0456-04,CUST-0456,Billing,Low,Closed,False,10.6,5.0,2026-03-02 00:00:00
TCK-0456-05,CUST-0456,Technical Bug,Low,Closed,False,11.0,3.0,2025-03-03 00:00:00
TCK-0456-06,CUST-0456,Account Access,Urgent,In Progress,False,-1.0,1.0,2025-03-28 00:00:00
TCK-0456-07,CUST-0456,Billing,Urgent,In Progress,True,-1.0,3.0,2025-03-04 00:00:00
TCK-0456-08,CUST-0456,Billing,Urgent,Escalation Pending,True,-1.0,1.0,2025-06-03 00:00:00
TCK-0456-09,CUST-0456,Billing,Urgent,Resolved,True,9.6,3.0,2026-04-18 00:00:00
TCK-0456-10,CUST-0456,Feature Request,Low,Escalation Pending,False,-1.0,1.0,2026-01-27 00:00:00
TCK-0457-01,CUST-0457,Billing,Urgent,Closed,True,40.3,1.0,2026-01-22 00:00:00
TCK-0457-02,CUST-0457,Billing,Urgent,Closed,True,30.5,1.0,2025-09-17 00:00:00
TCK-0457-03,CUST-0457,Account Access,High,Closed,False,14.9,4.0,2025-07-11 00:00:00
TCK-0457-04,CUST-0457,Feature Request,Low,Closed,False,6.7,5.0,2026-06-15 00:00:00
TCK-0457-05,CUST-0457,Billing,Medium,Resolved,False,14.8,5.0,2026-06-08 00:00:00
TCK-0457-06,CUST-0457,Feature Request,Urgent,Escalation Pending,False,-1.0,3.0,2025-06-05 00:00:00
TCK-0457-07,CUST-0457,Technical Bug,Medium,In Progress,False,-1.0,2.0,2025-07-12 00:00:00
TCK-0457-08,CUST-0457,Technical Bug,Medium,Resolved,False,16.3,5.0,2026-05-28 00:00:00
TCK-0458-01,CUST-0458,Account Access,Low,Closed,False,4.3,3.0,2025-12-14 00:00:00
TCK-0458-02,CUST-0458,Performance Issue,Low,Escalation Pending,False,-1.0,3.0,2026-01-27 00:00:00
TCK-0458-03,CUST-0458,Account Access,Urgent,Escalation Pending,True,-1.0,3.0,2026-06-14 00:00:00
TCK-0458-04,CUST-0458,Feature Request,Medium,Escalation Pending,False,-1.0,1.0,2025-07-08 00:00:00
TCK-0458-05,CUST-0458,Performance Issue,High,In Progress,True,-1.0,1.0,2026-03-22 00:00:00
TCK-0458-06,CUST-0458,Technical Bug,Urgent,Resolved,False,70.4,3.0,2026-04-22 00:00:00
TCK-0458-07,CUST-0458,Billing,Urgent,Closed,True,8.0,2.0,2025-07-26 00:00:00
TCK-0458-08,CUST-0458,Billing,Urgent,Closed,False,29.5,4.0,2025-10-13 00:00:00
TCK-0458-09,CUST-0458,Account Access,Medium,In Progress,False,-1.0,3.0,2026-02-12 00:00:00
TCK-0458-10,CUST-0458,Account Access,Urgent,Resolved,False,37.3,3.0,2025-10-26 00:00:00
TCK-0459-01,CUST-0459,Feature Request,Medium,In Progress,False,-1.0,2.0,2025-03-28 00:00:00
TCK-0459-02,CUST-0459,Technical Bug,Medium,Resolved,True,2.4,3.0,2025-10-06 00:00:00
TCK-0459-03,CUST-0459,Technical Bug,High,Escalation Pending,False,-1.0,2.0,2025-07-28 00:00:00
TCK-0459-04,CUST-0459,Performance Issue,Low,Resolved,False,13.4,3.0,2025-05-29 00:00:00
TCK-0459-05,CUST-0459,Account Access,Low,Resolved,False,2.5,3.0,2025-10-10 00:00:00
TCK-0460-01,CUST-0460,Performance Issue,Urgent,Resolved,False,29.2,5.0,2026-01-10 00:00:00
TCK-0460-02,CUST-0460,Performance Issue,Low,Escalation Pending,False,-1.0,2.0,2025-12-31 00:00:00
TCK-0460-03,CUST-0460,Feature Request,Medium,Resolved,True,22.3,3.0,2026-03-06 00:00:00
TCK-0460-04,CUST-0460,Account Access,Medium,Resolved,False,21.6,4.0,2026-06-26 00:00:00
TCK-0460-05,CUST-0460,Feature Request,Low,Resolved,False,9.0,5.0,2026-04-21 00:00:00
TCK-0460-06,CUST-0460,Account Access,High,In Progress,False,-1.0,1.0,2025-10-30 00:00:00
TCK-0460-07,CUST-0460,Technical Bug,High,Resolved,False,6.8,4.0,2026-01-16 00:00:00
TCK-0460-08,CUST-0460,Technical Bug,High,Resolved,False,33.3,5.0,2026-06-24 00:00:00
TCK-0460-09,CUST-0460,Performance Issue,High,In Progress,True,-1.0,2.0,2026-02-13 00:00:00
TCK-0460-10,CUST-0460,Feature Request,Medium,Resolved,False,3.3,4.0,2026-01-02 00:00:00
TCK-0461-01,CUST-0461,Technical Bug,Urgent,In Progress,False,-1.0,1.0,2025-06-04 00:00:00
TCK-0461-02,CUST-0461,Feature Request,Medium,In Progress,True,-1.0,3.0,2026-06-17 00:00:00
TCK-0461-03,CUST-0461,Billing,Urgent,In Progress,True,-1.0,1.0,2025-11-14 00:00:00
TCK-0461-04,CUST-0461,Technical Bug,High,Closed,False,30.8,4.0,2025-07-11 00:00:00
TCK-0462-01,CUST-0462,Performance Issue,Medium,In Progress,False,-1.0,1.0,2025-12-30 00:00:00
TCK-0462-02,CUST-0462,Billing,Urgent,Closed,False,57.0,5.0,2025-09-17 00:00:00
TCK-0462-03,CUST-0462,Performance Issue,Low,Escalation Pending,False,-1.0,1.0,2026-06-19 00:00:00
TCK-0463-01,CUST-0463,Feature Request,Low,Closed,True,14.4,3.0,2025-07-29 00:00:00
TCK-0463-02,CUST-0463,Feature Request,Low,Closed,True,6.4,1.0,2026-03-03 00:00:00
TCK-0463-03,CUST-0463,Feature Request,Low,Closed,False,2.6,5.0,2026-02-13 00:00:00
TCK-0463-04,CUST-0463,Account Access,Low,Escalation Pending,False,-1.0,2.0,2026-06-05 00:00:00
TCK-0463-05,CUST-0463,Account Access,Medium,In Progress,False,-1.0,2.0,2025-11-28 00:00:00
TCK-0463-06,CUST-0463,Billing,High,Closed,False,70.5,5.0,2025-09-06 00:00:00
TCK-0463-07,CUST-0463,Account Access,Urgent,Resolved,False,9.5,3.0,2025-11-03 00:00:00
TCK-0463-08,CUST-0463,Technical Bug,Low,Closed,False,23.2,5.0,2026-01-23 00:00:00
TCK-0464-01,CUST-0464,Performance Issue,Medium,In Progress,False,-1.0,1.0,2025-11-13 00:00:00
TCK-0464-02,CUST-0464,Feature Request,Medium,Resolved,False,13.2,5.0,2026-03-27 00:00:00
TCK-0464-03,CUST-0464,Account Access,Urgent,Closed,False,21.3,3.0,2026-04-24 00:00:00
TCK-0464-04,CUST-0464,Feature Request,Urgent,In Progress,False,-1.0,3.0,2026-02-07 00:00:00
TCK-0464-05,CUST-0464,Feature Request,Urgent,Closed,False,42.5,4.0,2026-03-14 00:00:00
TCK-0464-06,CUST-0464,Billing,Low,Resolved,False,19.7,5.0,2026-05-24 00:00:00
TCK-0464-07,CUST-0464,Performance Issue,Urgent,Closed,False,10.8,5.0,2026-01-27 00:00:00
TCK-0464-08,CUST-0464,Technical Bug,High,Escalation Pending,True,-1.0,3.0,2026-03-22 00:00:00
TCK-0465-01,CUST-0465,Performance Issue,High,In Progress,True,-1.0,3.0,2025-11-07 00:00:00
TCK-0465-02,CUST-0465,Billing,Urgent,In Progress,False,-1.0,2.0,2025-09-25 00:00:00
TCK-0465-03,CUST-0465,Billing,Low,Escalation Pending,False,-1.0,1.0,2026-05-17 00:00:00
TCK-0465-04,CUST-0465,Performance Issue,Low,Escalation Pending,False,-1.0,1.0,2025-08-12 00:00:00
TCK-0465-05,CUST-0465,Feature Request,Medium,In Progress,False,-1.0,3.0,2026-06-07 00:00:00
TCK-0465-06,CUST-0465,Account Access,Medium,In Progress,False,-1.0,3.0,2026-03-13 00:00:00
TCK-0466-01,CUST-0466,Billing,Low,Closed,True,19.9,2.0,2025-12-04 00:00:00
TCK-0466-02,CUST-0466,Technical Bug,High,Closed,True,19.3,1.0,2025-08-27 00:00:00
TCK-0466-03,CUST-0466,Feature Request,Low,Escalation Pending,False,-1.0,1.0,2025-10-28 00:00:00
TCK-0467-01,CUST-0467,Billing,Medium,Escalation Pending,True,-1.0,3.0,2026-06-12 00:00:00
TCK-0467-02,CUST-0467,Performance Issue,Low,In Progress,True,-1.0,1.0,2025-04-21 00:00:00
TCK-0467-03,CUST-0467,Technical Bug,High,Escalation Pending,False,-1.0,1.0,2025-08-16 00:00:00
TCK-0467-04,CUST-0467,Billing,Urgent,Escalation Pending,False,-1.0,3.0,2026-01-24 00:00:00
TCK-0468-01,CUST-0468,Account Access,Low,In Progress,False,-1.0,3.0,2026-05-20 00:00:00
TCK-0468-02,CUST-0468,Performance Issue,High,Resolved,False,46.0,3.0,2025-08-26 00:00:00
TCK-0468-03,CUST-0468,Feature Request,High,Closed,True,51.4,1.0,2026-05-26 00:00:00
TCK-0468-04,CUST-0468,Technical Bug,Urgent,Resolved,False,35.0,5.0,2025-03-26 00:00:00
TCK-0468-05,CUST-0468,Technical Bug,Urgent,Escalation Pending,True,-1.0,1.0,2026-04-09 00:00:00
TCK-0468-06,CUST-0468,Billing,Low,Escalation Pending,False,-1.0,1.0,2025-06-09 00:00:00
TCK-0468-07,CUST-0468,Technical Bug,Urgent,Escalation Pending,True,-1.0,1.0,2025-08-18 00:00:00
TCK-0468-08,CUST-0468,Feature Request,High,Resolved,False,33.3,5.0,2025-05-16 00:00:00
TCK-0468-09,CUST-0468,Billing,Medium,Resolved,False,16.8,5.0,2026-01-23 00:00:00
TCK-0468-10,CUST-0468,Feature Request,Low,In Progress,True,-1.0,3.0,2025-11-24 00:00:00
TCK-0469-01,CUST-0469,Feature Request,Urgent,Escalation Pending,False,-1.0,2.0,2026-02-09 00:00:00
TCK-0469-02,CUST-0469,Feature Request,Low,Escalation Pending,False,-1.0,3.0,2026-01-19 00:00:00
TCK-0470-01,CUST-0470,Billing,High,Resolved,True,60.7,2.0,2025-09-19 00:00:00
TCK-0470-02,CUST-0470,Feature Request,Low,Resolved,True,6.8,2.0,2025-07-30 00:00:00
TCK-0470-03,CUST-0470,Performance Issue,High,Closed,False,21.7,4.0,2026-07-01 00:00:00
TCK-0470-04,CUST-0470,Billing,Medium,In Progress,False,-1.0,3.0,2025-12-03 00:00:00
TCK-0471-01,CUST-0471,Billing,High,Resolved,False,12.3,5.0,2025-09-12 00:00:00
TCK-0471-02,CUST-0471,Feature Request,Urgent,Escalation Pending,False,-1.0,3.0,2026-01-02 00:00:00
TCK-0471-03,CUST-0471,Feature Request,Medium,In Progress,False,-1.0,1.0,2026-01-12 00:00:00
TCK-0472-01,CUST-0472,Feature Request,Urgent,Closed,True,36.3,3.0,2026-04-10 00:00:00
TCK-0472-02,CUST-0472,Feature Request,Low,Closed,False,14.1,5.0,2026-03-19 00:00:00
TCK-0472-03,CUST-0472,Billing,Medium,Resolved,False,21.9,5.0,2025-08-18 00:00:00
TCK-0472-04,CUST-0472,Billing,Medium,In Progress,True,-1.0,3.0,2025-11-12 00:00:00
TCK-0472-05,CUST-0472,Performance Issue,Low,In Progress,False,-1.0,1.0,2025-09-11 00:00:00
TCK-0472-06,CUST-0472,Billing,Urgent,Escalation Pending,True,-1.0,1.0,2025-05-20 00:00:00
TCK-0473-01,CUST-0473,Feature Request,Medium,Resolved,True,11.7,1.0,2026-03-29 00:00:00
TCK-0473-02,CUST-0473,Technical Bug,Low,Escalation Pending,False,-1.0,1.0,2026-02-07 00:00:00
TCK-0473-03,CUST-0473,Feature Request,High,Escalation Pending,False,-1.0,3.0,2026-06-30 00:00:00
TCK-0473-04,CUST-0473,Technical Bug,Urgent,Resolved,False,17.2,5.0,2026-01-15 00:00:00
TCK-0473-05,CUST-0473,Account Access,Medium,Closed,False,21.6,5.0,2025-09-12 00:00:00
TCK-0473-06,CUST-0473,Account Access,High,Closed,False,28.8,4.0,2026-05-21 00:00:00
TCK-0473-07,CUST-0473,Technical Bug,High,Escalation Pending,True,-1.0,3.0,2026-05-03 00:00:00
TCK-0473-08,CUST-0473,Feature Request,Medium,Closed,False,14.2,5.0,2025-08-29 00:00:00
TCK-0473-09,CUST-0473,Feature Request,Urgent,Closed,False,2.7,5.0,2025-11-19 00:00:00
TCK-0474-01,CUST-0474,Feature Request,Urgent,In Progress,False,-1.0,3.0,2025-12-12 00:00:00
TCK-0474-02,CUST-0474,Technical Bug,Urgent,Escalation Pending,False,-1.0,3.0,2025-11-04 00:00:00
TCK-0474-03,CUST-0474,Feature Request,Low,Escalation Pending,False,-1.0,3.0,2026-02-05 00:00:00
TCK-0474-04,CUST-0474,Technical Bug,Low,In Progress,False,-1.0,1.0,2026-02-18 00:00:00
TCK-0474-05,CUST-0474,Billing,High,Closed,False,35.2,5.0,2025-11-20 00:00:00
TCK-0474-06,CUST-0474,Account Access,Urgent,In Progress,False,-1.0,1.0,2026-03-18 00:00:00
TCK-0474-07,CUST-0474,Technical Bug,High,Resolved,False,53.6,5.0,2026-06-21 00:00:00
TCK-0474-08,CUST-0474,Account Access,High,Escalation Pending,True,-1.0,1.0,2025-10-23 00:00:00
TCK-0475-01,CUST-0475,Feature Request,Medium,Closed,False,6.0,4.0,2025-12-01 00:00:00
TCK-0475-02,CUST-0475,Technical Bug,Urgent,Resolved,True,60.5,2.0,2026-05-11 00:00:00
TCK-0475-03,CUST-0475,Feature Request,Low,Resolved,False,11.3,3.0,2026-01-31 00:00:00
TCK-0475-04,CUST-0475,Technical Bug,High,In Progress,True,-1.0,3.0,2026-03-28 00:00:00
TCK-0475-05,CUST-0475,Performance Issue,Medium,Closed,True,22.7,2.0,2026-06-26 00:00:00
TCK-0476-01,CUST-0476,Billing,Low,In Progress,False,-1.0,1.0,2026-02-20 00:00:00
TCK-0476-02,CUST-0476,Account Access,Urgent,Resolved,False,31.6,3.0,2025-09-06 00:00:00
TCK-0476-03,CUST-0476,Feature Request,Urgent,Resolved,False,66.5,3.0,2026-02-21 00:00:00
TCK-0476-04,CUST-0476,Technical Bug,Urgent,Resolved,False,64.2,3.0,2025-08-17 00:00:00
TCK-0476-05,CUST-0476,Account Access,Medium,Escalation Pending,False,-1.0,2.0,2025-11-02 00:00:00
TCK-0476-06,CUST-0476,Account Access,High,Closed,False,61.7,5.0,2025-10-21 00:00:00
TCK-0476-07,CUST-0476,Performance Issue,High,Escalation Pending,False,-1.0,1.0,2026-05-12 00:00:00
TCK-0476-08,CUST-0476,Billing,Medium,Resolved,False,18.3,5.0,2025-12-12 00:00:00
TCK-0476-09,CUST-0476,Billing,Medium,In Progress,False,-1.0,1.0,2026-06-06 00:00:00
TCK-0476-10,CUST-0476,Technical Bug,Medium,Closed,False,23.8,5.0,2025-11-01 00:00:00
TCK-0477-01,CUST-0477,Account Access,Low,Escalation Pending,False,-1.0,1.0,2025-09-21 00:00:00
TCK-0477-02,CUST-0477,Feature Request,Urgent,In Progress,False,-1.0,1.0,2026-03-08 00:00:00
TCK-0477-03,CUST-0477,Technical Bug,High,Closed,False,43.2,5.0,2026-06-03 00:00:00
TCK-0477-04,CUST-0477,Performance Issue,High,Resolved,True,37.4,3.0,2026-02-26 00:00:00
TCK-0477-05,CUST-0477,Account Access,Low,Escalation Pending,False,-1.0,2.0,2026-02-15 00:00:00
TCK-0478-01,CUST-0478,Performance Issue,Low,Resolved,False,21.9,5.0,2026-05-20 00:00:00
TCK-0478-02,CUST-0478,Technical Bug,Low,Resolved,False,14.9,4.0,2026-05-29 00:00:00
TCK-0478-03,CUST-0478,Technical Bug,High,Closed,False,16.4,3.0,2026-06-28 00:00:00
TCK-0478-04,CUST-0478,Technical Bug,Medium,Resolved,False,5.4,5.0,2026-06-01 00:00:00
TCK-0479-01,CUST-0479,Account Access,High,Resolved,False,17.8,5.0,2026-02-18 00:00:00
TCK-0479-02,CUST-0479,Performance Issue,High,Closed,False,45.7,4.0,2025-08-03 00:00:00
TCK-0479-03,CUST-0479,Technical Bug,High,Escalation Pending,False,-1.0,1.0,2026-02-24 00:00:00
TCK-0479-04,CUST-0479,Feature Request,Medium,Resolved,True,9.6,3.0,2026-05-11 00:00:00
TCK-0479-05,CUST-0479,Performance Issue,Medium,In Progress,False,-1.0,2.0,2025-06-12 00:00:00
TCK-0479-06,CUST-0479,Technical Bug,Low,In Progress,False,-1.0,3.0,2025-11-14 00:00:00
TCK-0479-07,CUST-0479,Account Access,Medium,Resolved,False,5.1,5.0,2025-11-18 00:00:00
TCK-0480-01,CUST-0480,Billing,Low,In Progress,False,-1.0,3.0,2025-07-10 00:00:00
TCK-0480-02,CUST-0480,Performance Issue,Medium,In Progress,False,-1.0,3.0,2025-07-13 00:00:00
TCK-0480-03,CUST-0480,Performance Issue,Medium,Escalation Pending,False,-1.0,1.0,2026-05-18 00:00:00
TCK-0480-04,CUST-0480,Technical Bug,Low,Closed,False,17.9,4.0,2025-12-26 00:00:00
TCK-0481-01,CUST-0481,Account Access,Urgent,Closed,True,51.1,3.0,2026-04-24 00:00:00
TCK-0481-02,CUST-0481,Billing,Urgent,Closed,False,3.9,4.0,2026-06-18 00:00:00
TCK-0481-03,CUST-0481,Account Access,High,In Progress,False,-1.0,1.0,2025-12-25 00:00:00
TCK-0481-04,CUST-0481,Technical Bug,Low,Closed,True,20.9,2.0,2025-09-24 00:00:00
TCK-0481-05,CUST-0481,Account Access,Low,Closed,False,4.2,3.0,2026-02-19 00:00:00
TCK-0481-06,CUST-0481,Technical Bug,Low,Escalation Pending,False,-1.0,2.0,2026-05-13 00:00:00
TCK-0481-07,CUST-0481,Technical Bug,High,Closed,False,28.2,5.0,2025-11-25 00:00:00
TCK-0481-08,CUST-0481,Technical Bug,Low,Closed,False,17.6,5.0,2026-03-02 00:00:00
TCK-0482-01,CUST-0482,Billing,Urgent,Escalation Pending,False,-1.0,3.0,2025-12-16 00:00:00
TCK-0482-02,CUST-0482,Technical Bug,Medium,Escalation Pending,False,-1.0,2.0,2025-10-24 00:00:00
TCK-0482-03,CUST-0482,Account Access,Low,Escalation Pending,False,-1.0,3.0,2026-06-10 00:00:00
TCK-0482-04,CUST-0482,Account Access,Urgent,In Progress,True,-1.0,3.0,2026-05-21 00:00:00
TCK-0482-05,CUST-0482,Account Access,Medium,Closed,False,23.4,5.0,2026-04-17 00:00:00
TCK-0482-06,CUST-0482,Feature Request,Medium,Closed,False,2.4,5.0,2026-03-28 00:00:00
TCK-0482-07,CUST-0482,Feature Request,Medium,Closed,False,10.0,4.0,2026-02-16 00:00:00
TCK-0482-08,CUST-0482,Account Access,Low,Escalation Pending,False,-1.0,1.0,2026-06-17 00:00:00
TCK-0482-09,CUST-0482,Technical Bug,Medium,In Progress,False,-1.0,1.0,2025-10-30 00:00:00
TCK-0483-01,CUST-0483,Performance Issue,Urgent,In Progress,True,-1.0,1.0,2025-08-24 00:00:00
TCK-0483-02,CUST-0483,Billing,Medium,Closed,False,22.3,3.0,2026-01-12 00:00:00
TCK-0483-03,CUST-0483,Performance Issue,Medium,Resolved,False,15.3,5.0,2026-03-07 00:00:00
TCK-0483-04,CUST-0483,Technical Bug,Urgent,Escalation Pending,True,-1.0,2.0,2025-08-18 00:00:00
TCK-0484-01,CUST-0484,Technical Bug,Low,In Progress,False,-1.0,3.0,2025-08-30 00:00:00
TCK-0484-02,CUST-0484,Billing,Medium,Resolved,False,18.2,3.0,2026-05-31 00:00:00
TCK-0484-03,CUST-0484,Technical Bug,Medium,Closed,False,13.9,4.0,2025-10-17 00:00:00
TCK-0484-04,CUST-0484,Technical Bug,High,Resolved,False,8.1,4.0,2026-02-21 00:00:00
TCK-0484-05,CUST-0484,Billing,Low,Resolved,False,22.5,4.0,2026-04-03 00:00:00
TCK-0485-01,CUST-0485,Feature Request,Low,Escalation Pending,False,-1.0,1.0,2026-02-10 00:00:00
TCK-0485-02,CUST-0485,Account Access,Medium,In Progress,False,-1.0,1.0,2025-08-01 00:00:00
TCK-0485-03,CUST-0485,Performance Issue,High,Closed,True,16.0,2.0,2025-09-09 00:00:00
TCK-0486-01,CUST-0486,Feature Request,Low,In Progress,True,-1.0,2.0,2026-04-16 00:00:00
TCK-0486-02,CUST-0486,Billing,Urgent,Closed,True,52.1,2.0,2025-10-12 00:00:00
TCK-0486-03,CUST-0486,Account Access,High,Closed,True,34.2,2.0,2025-12-13 00:00:00
TCK-0486-04,CUST-0486,Feature Request,High,Escalation Pending,False,-1.0,1.0,2025-11-19 00:00:00
TCK-0486-05,CUST-0486,Technical Bug,High,Closed,False,45.7,3.0,2026-06-10 00:00:00
TCK-0487-01,CUST-0487,Performance Issue,Urgent,Resolved,True,60.5,2.0,2026-01-05 00:00:00
TCK-0487-02,CUST-0487,Performance Issue,Medium,Closed,False,2.9,4.0,2025-07-18 00:00:00
TCK-0487-03,CUST-0487,Performance Issue,Medium,In Progress,False,-1.0,2.0,2025-04-02 00:00:00
TCK-0487-04,CUST-0487,Feature Request,Medium,In Progress,False,-1.0,2.0,2026-03-28 00:00:00
TCK-0487-05,CUST-0487,Account Access,Medium,Escalation Pending,False,-1.0,3.0,2025-07-02 00:00:00
TCK-0487-06,CUST-0487,Feature Request,Low,In Progress,False,-1.0,3.0,2025-08-30 00:00:00
TCK-0487-07,CUST-0487,Technical Bug,Urgent,Closed,False,31.3,3.0,2025-07-15 00:00:00
TCK-0487-08,CUST-0487,Feature Request,Medium,Escalation Pending,False,-1.0,3.0,2026-02-18 00:00:00
TCK-0487-09,CUST-0487,Account Access,Low,Resolved,False,15.1,4.0,2025-11-05 00:00:00
TCK-0487-10,CUST-0487,Account Access,High,In Progress,False,-1.0,1.0,2025-04-09 00:00:00
TCK-0488-01,CUST-0488,Feature Request,Low,Escalation Pending,False,-1.0,1.0,2026-01-12 00:00:00
TCK-0488-02,CUST-0488,Feature Request,Urgent,In Progress,False,-1.0,1.0,2026-02-19 00:00:00
TCK-0488-03,CUST-0488,Performance Issue,High,Escalation Pending,True,-1.0,1.0,2026-02-04 00:00:00
TCK-0488-04,CUST-0488,Feature Request,Low,Escalation Pending,False,-1.0,3.0,2026-06-29 00:00:00
TCK-0488-05,CUST-0488,Account Access,Urgent,Escalation Pending,True,-1.0,2.0,2025-11-28 00:00:00
TCK-0489-01,CUST-0489,Account Access,Low,Closed,False,12.0,4.0,2025-12-07 00:00:00
TCK-0489-02,CUST-0489,Billing,Low,In Progress,False,-1.0,2.0,2025-03-07 00:00:00
TCK-0489-03,CUST-0489,Feature Request,Urgent,Closed,True,27.4,2.0,2025-03-04 00:00:00
TCK-0489-04,CUST-0489,Account Access,Low,Closed,False,11.8,5.0,2025-12-15 00:00:00
TCK-0489-05,CUST-0489,Performance Issue,Medium,Escalation Pending,False,-1.0,2.0,2026-01-11 00:00:00
TCK-0489-06,CUST-0489,Feature Request,Medium,Escalation Pending,True,-1.0,2.0,2026-02-08 00:00:00
TCK-0489-07,CUST-0489,Billing,Medium,Closed,True,11.3,2.0,2026-05-27 00:00:00
TCK-0489-08,CUST-0489,Performance Issue,High,Resolved,False,56.0,5.0,2025-11-02 00:00:00
TCK-0489-09,CUST-0489,Performance Issue,Urgent,In Progress,True,-1.0,3.0,2025-12-18 00:00:00
TCK-0489-10,CUST-0489,Billing,Urgent,Closed,False,42.1,4.0,2025-07-20 00:00:00
TCK-0490-01,CUST-0490,Billing,High,Closed,False,60.0,5.0,2025-07-12 00:00:00
TCK-0490-02,CUST-0490,Account Access,Urgent,Resolved,False,40.2,5.0,2026-05-27 00:00:00
TCK-0490-03,CUST-0490,Feature Request,Low,Closed,False,6.1,3.0,2025-07-17 00:00:00
TCK-0490-04,CUST-0490,Feature Request,Medium,Resolved,False,12.4,4.0,2026-02-27 00:00:00
TCK-0490-05,CUST-0490,Performance Issue,Low,Closed,False,12.8,4.0,2026-01-12 00:00:00
TCK-0490-06,CUST-0490,Account Access,Medium,Closed,False,12.2,5.0,2026-06-24 00:00:00
TCK-0490-07,CUST-0490,Billing,Urgent,In Progress,False,-1.0,3.0,2025-10-24 00:00:00
TCK-0491-01,CUST-0491,Technical Bug,Low,Closed,False,23.1,5.0,2026-04-03 00:00:00
TCK-0491-02,CUST-0491,Performance Issue,Low,In Progress,False,-1.0,3.0,2026-02-23 00:00:00
TCK-0491-03,CUST-0491,Feature Request,Urgent,Escalation Pending,True,-1.0,3.0,2025-07-17 00:00:00
TCK-0491-04,CUST-0491,Billing,High,Escalation Pending,False,-1.0,1.0,2025-04-18 00:00:00
TCK-0491-05,CUST-0491,Account Access,High,Closed,False,69.1,5.0,2025-08-13 00:00:00
TCK-0491-06,CUST-0491,Performance Issue,High,Closed,False,58.8,4.0,2026-05-22 00:00:00
TCK-0491-07,CUST-0491,Billing,Urgent,Resolved,False,31.0,3.0,2025-10-31 00:00:00
TCK-0491-08,CUST-0491,Feature Request,High,Resolved,False,26.1,3.0,2025-06-08 00:00:00
TCK-0491-09,CUST-0491,Feature Request,High,Closed,False,65.1,3.0,2025-10-02 00:00:00
TCK-0491-10,CUST-0491,Billing,Medium,Resolved,False,4.5,3.0,2026-02-17 00:00:00
TCK-0492-01,CUST-0492,Performance Issue,Low,Resolved,False,12.0,5.0,2025-07-01 00:00:00
TCK-0492-02,CUST-0492,Performance Issue,Medium,Escalation Pending,False,-1.0,3.0,2025-07-14 00:00:00
TCK-0493-01,CUST-0493,Feature Request,Medium,In Progress,False,-1.0,3.0,2025-07-24 00:00:00
TCK-0493-02,CUST-0493,Feature Request,High,Escalation Pending,True,-1.0,3.0,2025-01-19 00:00:00
TCK-0494-01,CUST-0494,Feature Request,Medium,Resolved,True,13.7,1.0,2025-12-31 00:00:00
TCK-0494-02,CUST-0494,Performance Issue,Low,Closed,False,23.9,5.0,2025-12-08 00:00:00
TCK-0494-03,CUST-0494,Account Access,High,In Progress,True,-1.0,3.0,2026-03-14 00:00:00
TCK-0494-04,CUST-0494,Technical Bug,High,Escalation Pending,True,-1.0,1.0,2025-10-11 00:00:00
TCK-0494-05,CUST-0494,Technical Bug,Low,In Progress,False,-1.0,3.0,2025-11-12 00:00:00
TCK-0494-06,CUST-0494,Account Access,Medium,In Progress,False,-1.0,1.0,2026-03-27 00:00:00
TCK-0494-07,CUST-0494,Performance Issue,Low,Closed,False,23.1,5.0,2026-03-05 00:00:00
TCK-0494-08,CUST-0494,Technical Bug,Low,In Progress,False,-1.0,3.0,2026-04-19 00:00:00
TCK-0495-01,CUST-0495,Technical Bug,High,In Progress,True,-1.0,1.0,2026-01-23 00:00:00
TCK-0495-02,CUST-0495,Billing,High,Escalation Pending,False,-1.0,2.0,2026-05-02 00:00:00
TCK-0496-01,CUST-0496,Feature Request,High,Closed,False,10.3,5.0,2026-06-04 00:00:00
TCK-0496-02,CUST-0496,Technical Bug,High,Escalation Pending,True,-1.0,2.0,2025-06-14 00:00:00
TCK-0496-03,CUST-0496,Technical Bug,Medium,Resolved,False,10.4,5.0,2026-03-03 00:00:00
TCK-0496-04,CUST-0496,Account Access,Low,In Progress,False,-1.0,3.0,2026-05-21 00:00:00
TCK-0496-05,CUST-0496,Technical Bug,Medium,In Progress,False,-1.0,1.0,2026-07-01 00:00:00
TCK-0497-01,CUST-0497,Feature Request,Urgent,Escalation Pending,True,-1.0,3.0,2026-02-28 00:00:00
TCK-0497-02,CUST-0497,Technical Bug,Medium,Escalation Pending,False,-1.0,3.0,2025-06-14 00:00:00
TCK-0497-03,CUST-0497,Performance Issue,Medium,Escalation Pending,False,-1.0,2.0,2026-06-18 00:00:00
TCK-0497-04,CUST-0497,Feature Request,Urgent,Closed,False,28.1,5.0,2025-01-19 00:00:00
TCK-0497-05,CUST-0497,Account Access,Low,Closed,False,3.1,5.0,2025-09-16 00:00:00
TCK-0497-06,CUST-0497,Billing,High,Closed,True,70.3,3.0,2025-04-03 00:00:00
TCK-0497-07,CUST-0497,Technical Bug,Medium,Resolved,False,2.1,3.0,2025-10-30 00:00:00
TCK-0497-08,CUST-0497,Account Access,Low,Escalation Pending,False,-1.0,2.0,2025-06-06 00:00:00
TCK-0498-01,CUST-0498,Technical Bug,High,Closed,True,38.2,3.0,2026-06-27 00:00:00
TCK-0498-02,CUST-0498,Account Access,Medium,Escalation Pending,False,-1.0,1.0,2025-11-02 00:00:00
TCK-0498-03,CUST-0498,Performance Issue,Urgent,Escalation Pending,False,-1.0,2.0,2026-01-06 00:00:00
TCK-0499-01,CUST-0499,Performance Issue,Medium,Closed,False,2.7,5.0,2025-10-24 00:00:00
TCK-0499-02,CUST-0499,Feature Request,Low,In Progress,False,-1.0,3.0,2026-06-26 00:00:00
TCK-0500-01,CUST-0500,Feature Request,Medium,Resolved,False,12.4,5.0,2025-09-27 00:00:00
TCK-0500-02,CUST-0500,Billing,Urgent,Escalation Pending,False,-1.0,1.0,2026-04-04 00:00:00
TCK-0500-03,CUST-0500,Performance Issue,High,Closed,False,55.0,5.0,2025-01-25 00:00:00
TCK-0500-04,CUST-0500,Account Access,Medium,In Progress,False,-1.0,2.0,2025-10-09 00:00:00
TCK-0500-05,CUST-0500,Billing,Medium,Resolved,True,16.4,2.0,2025-12-08 00:00:00
TCK-0500-06,CUST-0500,Feature Request,Low,Escalation Pending,True,-1.0,2.0,2026-06-10 00:00:00
TCK-0500-07,CUST-0500,Technical Bug,Medium,In Progress,True,-1.0,1.0,2025-09-07 00:00:00
TCK-0501-01,CUST-0501,Performance Issue,Medium,Closed,False,6.6,3.0,2025-09-26 00:00:00
TCK-0501-02,CUST-0501,Account Access,Medium,In Progress,False,-1.0,2.0,2026-02-05 00:00:00
TCK-0501-03,CUST-0501,Account Access,Low,Escalation Pending,False,-1.0,2.0,2025-07-04 00:00:00
TCK-0502-01,CUST-0502,Billing,Urgent,Resolved,False,56.4,3.0,2026-02-08 00:00:00
TCK-0502-02,CUST-0502,Billing,High,Closed,True,69.3,1.0,2026-03-14 00:00:00
TCK-0502-03,CUST-0502,Performance Issue,High,In Progress,True,-1.0,2.0,2025-09-18 00:00:00
TCK-0503-01,CUST-0503,Account Access,High,Resolved,False,53.0,3.0,2026-03-02 00:00:00
TCK-0503-02,CUST-0503,Feature Request,High,Escalation Pending,True,-1.0,3.0,2026-03-25 00:00:00
TCK-0504-01,CUST-0504,Billing,Low,Closed,True,21.6,1.0,2026-02-16 00:00:00
TCK-0504-02,CUST-0504,Account Access,High,In Progress,True,-1.0,1.0,2026-01-15 00:00:00
TCK-0504-03,CUST-0504,Performance Issue,Medium,Resolved,False,17.0,5.0,2026-03-30 00:00:00
TCK-0504-04,CUST-0504,Technical Bug,Low,In Progress,False,-1.0,3.0,2026-06-20 00:00:00
TCK-0504-05,CUST-0504,Feature Request,High,Resolved,False,48.2,3.0,2025-11-26 00:00:00
TCK-0504-06,CUST-0504,Feature Request,High,In Progress,True,-1.0,1.0,2026-03-24 00:00:00
TCK-0504-07,CUST-0504,Account Access,Urgent,Closed,False,62.7,4.0,2026-03-04 00:00:00
TCK-0504-08,CUST-0504,Feature Request,Medium,Closed,False,15.3,5.0,2026-02-10 00:00:00
TCK-0504-09,CUST-0504,Account Access,Low,Resolved,False,18.8,5.0,2026-05-17 00:00:00
TCK-0505-01,CUST-0505,Billing,Low,In Progress,False,-1.0,1.0,2025-05-08 00:00:00
TCK-0505-02,CUST-0505,Billing,Medium,Closed,False,19.8,5.0,2025-05-19 00:00:00
TCK-0506-01,CUST-0506,Account Access,Medium,Closed,False,6.1,3.0,2025-12-12 00:00:00
TCK-0506-02,CUST-0506,Performance Issue,Urgent,Escalation Pending,True,-1.0,3.0,2026-01-05 00:00:00
TCK-0507-01,CUST-0507,Account Access,High,In Progress,False,-1.0,2.0,2025-10-01 00:00:00
TCK-0507-02,CUST-0507,Performance Issue,Medium,Closed,False,3.8,3.0,2026-01-28 00:00:00
TCK-0507-03,CUST-0507,Feature Request,Low,In Progress,False,-1.0,3.0,2026-01-04 00:00:00
TCK-0507-04,CUST-0507,Performance Issue,High,Escalation Pending,False,-1.0,2.0,2026-03-29 00:00:00
TCK-0507-05,CUST-0507,Technical Bug,Urgent,In Progress,True,-1.0,3.0,2026-06-24 00:00:00
TCK-0507-06,CUST-0507,Feature Request,Low,Resolved,False,5.0,5.0,2025-10-09 00:00:00
TCK-0507-07,CUST-0507,Performance Issue,High,In Progress,True,-1.0,2.0,2026-06-13 00:00:00
TCK-0507-08,CUST-0507,Feature Request,Low,Escalation Pending,False,-1.0,3.0,2026-03-26 00:00:00
TCK-0507-09,CUST-0507,Billing,High,Resolved,False,29.5,3.0,2026-03-23 00:00:00
TCK-0508-01,CUST-0508,Feature Request,High,Resolved,False,2.8,4.0,2025-10-22 00:00:00
TCK-0508-02,CUST-0508,Performance Issue,Low,Resolved,False,19.7,4.0,2025-10-14 00:00:00
TCK-0508-03,CUST-0508,Technical Bug,High,In Progress,True,-1.0,2.0,2025-12-19 00:00:00
TCK-0509-01,CUST-0509,Billing,Medium,Resolved,False,3.1,5.0,2025-07-30 00:00:00
TCK-0509-02,CUST-0509,Technical Bug,Urgent,Escalation Pending,True,-1.0,2.0,2026-06-11 00:00:00
TCK-0509-03,CUST-0509,Account Access,High,Closed,False,5.1,5.0,2026-04-19 00:00:00
TCK-0509-04,CUST-0509,Performance Issue,High,In Progress,False,-1.0,1.0,2026-03-28 00:00:00
TCK-0509-05,CUST-0509,Billing,Low,Resolved,False,17.8,5.0,2026-01-02 00:00:00
TCK-0510-01,CUST-0510,Technical Bug,Medium,In Progress,False,-1.0,1.0,2025-09-25 00:00:00
TCK-0510-02,CUST-0510,Feature Request,Urgent,Escalation Pending,True,-1.0,2.0,2025-07-30 00:00:00
TCK-0510-03,CUST-0510,Technical Bug,Urgent,Escalation Pending,True,-1.0,1.0,2025-12-29 00:00:00
TCK-0510-04,CUST-0510,Performance Issue,Urgent,Resolved,True,22.7,3.0,2025-10-10 00:00:00
TCK-0510-05,CUST-0510,Feature Request,Urgent,Closed,True,26.7,1.0,2026-01-27 00:00:00
TCK-0510-06,CUST-0510,Performance Issue,High,In Progress,True,-1.0,1.0,2025-07-26 00:00:00
TCK-0510-07,CUST-0510,Billing,Urgent,Resolved,True,31.6,1.0,2026-01-01 00:00:00
TCK-0510-08,CUST-0510,Feature Request,Low,Escalation Pending,False,-1.0,3.0,2025-08-24 00:00:00
TCK-0511-01,CUST-0511,Feature Request,High,Escalation Pending,True,-1.0,2.0,2026-06-27 00:00:00
TCK-0511-02,CUST-0511,Account Access,Medium,In Progress,True,-1.0,3.0,2026-02-12 00:00:00
TCK-0511-03,CUST-0511,Performance Issue,Low,Escalation Pending,False,-1.0,1.0,2026-04-07 00:00:00
TCK-0511-04,CUST-0511,Billing,Urgent,In Progress,False,-1.0,3.0,2026-01-11 00:00:00
TCK-0511-05,CUST-0511,Performance Issue,Medium,Escalation Pending,False,-1.0,1.0,2026-03-28 00:00:00
TCK-0511-06,CUST-0511,Technical Bug,Medium,Escalation Pending,False,-1.0,2.0,2026-05-05 00:00:00
TCK-0512-01,CUST-0512,Feature Request,Low,Closed,False,20.8,3.0,2026-02-18 00:00:00
TCK-0512-02,CUST-0512,Technical Bug,Medium,In Progress,True,-1.0,2.0,2026-01-11 00:00:00
TCK-0512-03,CUST-0512,Technical Bug,Medium,Closed,False,17.2,5.0,2025-08-22 00:00:00
TCK-0512-04,CUST-0512,Technical Bug,Medium,Escalation Pending,False,-1.0,2.0,2025-09-15 00:00:00
TCK-0512-05,CUST-0512,Billing,Medium,Closed,False,9.1,4.0,2026-06-27 00:00:00
TCK-0512-06,CUST-0512,Feature Request,Urgent,Closed,False,20.1,5.0,2026-01-03 00:00:00
TCK-0512-07,CUST-0512,Technical Bug,Medium,In Progress,False,-1.0,3.0,2025-07-17 00:00:00
TCK-0512-08,CUST-0512,Billing,Medium,Closed,True,2.5,1.0,2025-09-11 00:00:00
TCK-0512-09,CUST-0512,Billing,Low,Closed,False,7.0,4.0,2026-01-25 00:00:00
TCK-0513-01,CUST-0513,Technical Bug,Low,Escalation Pending,False,-1.0,2.0,2026-04-02 00:00:00
TCK-0513-02,CUST-0513,Account Access,Low,In Progress,False,-1.0,3.0,2025-08-01 00:00:00
TCK-0513-03,CUST-0513,Technical Bug,Urgent,Escalation Pending,True,-1.0,2.0,2025-09-18 00:00:00
TCK-0513-04,CUST-0513,Performance Issue,Low,Closed,False,4.7,3.0,2026-02-08 00:00:00
TCK-0513-05,CUST-0513,Feature Request,High,Closed,False,49.1,4.0,2026-03-10 00:00:00
TCK-0513-06,CUST-0513,Feature Request,Medium,Escalation Pending,False,-1.0,2.0,2025-10-04 00:00:00
TCK-0513-07,CUST-0513,Feature Request,Medium,Resolved,False,11.1,3.0,2026-06-10 00:00:00
TCK-0513-08,CUST-0513,Feature Request,Urgent,Escalation Pending,False,-1.0,1.0,2026-05-26 00:00:00
TCK-0513-09,CUST-0513,Feature Request,Low,In Progress,False,-1.0,1.0,2025-06-08 00:00:00
TCK-0513-10,CUST-0513,Feature Request,Low,In Progress,False,-1.0,1.0,2025-12-23 00:00:00
TCK-0514-01,CUST-0514,Technical Bug,Urgent,Escalation Pending,True,-1.0,2.0,2026-06-26 00:00:00
TCK-0514-02,CUST-0514,Account Access,Medium,Escalation Pending,False,-1.0,1.0,2025-12-10 00:00:00
TCK-0515-01,CUST-0515,Technical Bug,High,Escalation Pending,False,-1.0,2.0,2025-12-03 00:00:00
TCK-0515-02,CUST-0515,Billing,High,In Progress,False,-1.0,2.0,2026-03-07 00:00:00
TCK-0515-03,CUST-0515,Feature Request,Medium,Closed,False,23.6,5.0,2026-05-25 00:00:00
TCK-0515-04,CUST-0515,Performance Issue,High,Resolved,False,20.0,5.0,2025-05-24 00:00:00
TCK-0515-05,CUST-0515,Performance Issue,High,Resolved,False,62.7,4.0,2025-07-19 00:00:00
TCK-0515-06,CUST-0515,Feature Request,Urgent,Closed,True,11.2,1.0,2026-03-05 00:00:00
TCK-0515-07,CUST-0515,Account Access,Urgent,Resolved,True,13.0,3.0,2026-03-02 00:00:00
TCK-0515-08,CUST-0515,Performance Issue,Low,Resolved,False,9.2,5.0,2026-02-18 00:00:00
TCK-0516-01,CUST-0516,Feature Request,Medium,Closed,False,20.0,5.0,2025-12-15 00:00:00
TCK-0516-02,CUST-0516,Account Access,Medium,Closed,False,9.5,5.0,2026-04-22 00:00:00
TCK-0516-03,CUST-0516,Performance Issue,Urgent,Closed,True,65.6,1.0,2025-07-18 00:00:00
TCK-0516-04,CUST-0516,Feature Request,Urgent,In Progress,True,-1.0,1.0,2025-10-20 00:00:00
TCK-0516-05,CUST-0516,Performance Issue,Low,Resolved,False,23.7,4.0,2026-03-28 00:00:00
TCK-0516-06,CUST-0516,Account Access,High,Escalation Pending,False,-1.0,3.0,2026-01-24 00:00:00
TCK-0516-07,CUST-0516,Performance Issue,High,In Progress,False,-1.0,3.0,2025-11-10 00:00:00
TCK-0516-08,CUST-0516,Feature Request,High,Escalation Pending,False,-1.0,1.0,2026-07-01 00:00:00
TCK-0516-09,CUST-0516,Performance Issue,Medium,Escalation Pending,False,-1.0,1.0,2025-07-17 00:00:00
TCK-0517-01,CUST-0517,Feature Request,Urgent,Resolved,True,31.3,2.0,2026-01-13 00:00:00
TCK-0517-02,CUST-0517,Feature Request,Urgent,In Progress,False,-1.0,2.0,2026-04-27 00:00:00
TCK-0517-03,CUST-0517,Feature Request,High,In Progress,True,-1.0,2.0,2026-01-30 00:00:00
TCK-0518-01,CUST-0518,Billing,Low,Escalation Pending,False,-1.0,2.0,2026-02-12 00:00:00
TCK-0518-02,CUST-0518,Feature Request,Medium,Resolved,False,9.9,5.0,2025-12-03 00:00:00
TCK-0519-01,CUST-0519,Account Access,Low,Escalation Pending,False,-1.0,2.0,2025-05-15 00:00:00
TCK-0519-02,CUST-0519,Technical Bug,Medium,Escalation Pending,False,-1.0,3.0,2025-12-17 00:00:00
TCK-0519-03,CUST-0519,Billing,Medium,Escalation Pending,False,-1.0,1.0,2026-05-21 00:00:00
TCK-0519-04,CUST-0519,Billing,Urgent,Closed,True,30.6,1.0,2026-03-27 00:00:00
TCK-0519-05,CUST-0519,Account Access,High,Closed,True,37.9,2.0,2025-06-13 00:00:00
TCK-0519-06,CUST-0519,Technical Bug,Low,In Progress,False,-1.0,3.0,2025-06-06 00:00:00
TCK-0520-01,CUST-0520,Performance Issue,Urgent,Escalation Pending,False,-1.0,3.0,2026-02-26 00:00:00
TCK-0520-02,CUST-0520,Performance Issue,Urgent,In Progress,True,-1.0,2.0,2025-12-03 00:00:00
TCK-0521-01,CUST-0521,Account Access,High,Escalation Pending,False,-1.0,1.0,2026-03-28 00:00:00
TCK-0521-02,CUST-0521,Feature Request,Urgent,Resolved,True,42.1,2.0,2026-01-20 00:00:00
TCK-0522-01,CUST-0522,Feature Request,Low,In Progress,False,-1.0,2.0,2025-06-24 00:00:00
TCK-0522-02,CUST-0522,Billing,Medium,In Progress,False,-1.0,3.0,2025-06-17 00:00:00
TCK-0522-03,CUST-0522,Account Access,High,Resolved,False,34.8,5.0,2025-07-01 00:00:00
TCK-0522-04,CUST-0522,Billing,Medium,Escalation Pending,True,-1.0,3.0,2026-05-10 00:00:00
TCK-0523-01,CUST-0523,Account Access,Low,Escalation Pending,False,-1.0,3.0,2025-11-21 00:00:00
TCK-0523-02,CUST-0523,Performance Issue,Medium,Closed,False,20.5,5.0,2026-06-01 00:00:00
TCK-0523-03,CUST-0523,Performance Issue,Urgent,In Progress,False,-1.0,1.0,2026-04-26 00:00:00
TCK-0524-01,CUST-0524,Performance Issue,Urgent,In Progress,False,-1.0,1.0,2026-05-02 00:00:00
TCK-0524-02,CUST-0524,Feature Request,Urgent,Closed,True,8.9,2.0,2025-08-02 00:00:00
TCK-0524-03,CUST-0524,Billing,Urgent,Closed,False,48.0,3.0,2026-02-01 00:00:00
TCK-0524-04,CUST-0524,Billing,Low,Closed,False,8.5,4.0,2026-02-11 00:00:00
TCK-0524-05,CUST-0524,Account Access,High,Escalation Pending,False,-1.0,3.0,2025-02-09 00:00:00
TCK-0524-06,CUST-0524,Feature Request,Medium,Escalation Pending,False,-1.0,3.0,2025-06-13 00:00:00
TCK-0524-07,CUST-0524,Technical Bug,Urgent,Resolved,True,70.6,1.0,2025-09-07 00:00:00
TCK-0525-01,CUST-0525,Billing,High,Escalation Pending,False,-1.0,3.0,2026-03-20 00:00:00
TCK-0525-02,CUST-0525,Account Access,Low,Escalation Pending,False,-1.0,2.0,2026-06-17 00:00:00
TCK-0525-03,CUST-0525,Account Access,High,Resolved,True,71.2,3.0,2025-10-26 00:00:00
TCK-0525-04,CUST-0525,Feature Request,Medium,Resolved,False,9.8,3.0,2026-03-19 00:00:00
TCK-0525-05,CUST-0525,Feature Request,Low,In Progress,False,-1.0,2.0,2026-06-24 00:00:00
TCK-0525-06,CUST-0525,Performance Issue,Urgent,Closed,True,37.4,3.0,2026-06-25 00:00:00
TCK-0525-07,CUST-0525,Feature Request,Urgent,Resolved,True,62.3,1.0,2026-06-08 00:00:00
TCK-0525-08,CUST-0525,Feature Request,Low,Escalation Pending,False,-1.0,3.0,2025-11-30 00:00:00
TCK-0525-09,CUST-0525,Technical Bug,Low,Resolved,False,15.9,5.0,2025-11-20 00:00:00
TCK-0526-01,CUST-0526,Technical Bug,Low,Escalation Pending,False,-1.0,1.0,2026-06-04 00:00:00
TCK-0526-02,CUST-0526,Feature Request,Urgent,Resolved,False,63.1,3.0,2025-10-11 00:00:00
TCK-0526-03,CUST-0526,Performance Issue,Medium,Closed,False,15.0,4.0,2025-09-07 00:00:00
TCK-0526-04,CUST-0526,Performance Issue,Medium,Escalation Pending,False,-1.0,3.0,2025-07-26 00:00:00
TCK-0526-05,CUST-0526,Performance Issue,Urgent,Closed,False,52.0,3.0,2025-09-24 00:00:00
TCK-0526-06,CUST-0526,Feature Request,High,Escalation Pending,False,-1.0,3.0,2026-03-28 00:00:00
TCK-0526-07,CUST-0526,Technical Bug,Medium,Escalation Pending,False,-1.0,1.0,2026-04-06 00:00:00
TCK-0526-08,CUST-0526,Feature Request,Urgent,Resolved,True,55.6,3.0,2026-05-27 00:00:00
TCK-0526-09,CUST-0526,Technical Bug,Low,In Progress,False,-1.0,3.0,2025-03-14 00:00:00
TCK-0526-10,CUST-0526,Account Access,Urgent,Resolved,False,27.0,3.0,2025-11-16 00:00:00
TCK-0527-01,CUST-0527,Billing,High,Closed,False,9.3,3.0,2025-10-31 00:00:00
TCK-0527-02,CUST-0527,Billing,High,Resolved,False,47.6,3.0,2026-06-14 00:00:00
TCK-0527-03,CUST-0527,Technical Bug,Medium,In Progress,False,-1.0,1.0,2025-09-03 00:00:00
TCK-0527-04,CUST-0527,Feature Request,Urgent,Escalation Pending,True,-1.0,3.0,2026-03-29 00:00:00
TCK-0527-05,CUST-0527,Billing,Low,Escalation Pending,False,-1.0,2.0,2026-04-06 00:00:00
TCK-0527-06,CUST-0527,Feature Request,Low,Closed,False,7.1,5.0,2026-06-27 00:00:00
TCK-0528-01,CUST-0528,Billing,Medium,Escalation Pending,False,-1.0,3.0,2026-04-07 00:00:00
TCK-0528-02,CUST-0528,Account Access,Low,Closed,True,22.6,3.0,2026-02-11 00:00:00
TCK-0528-03,CUST-0528,Feature Request,Medium,Closed,False,21.1,5.0,2026-06-26 00:00:00
TCK-0528-04,CUST-0528,Feature Request,High,Closed,False,44.1,4.0,2026-04-13 00:00:00
TCK-0528-05,CUST-0528,Technical Bug,Low,Closed,False,17.6,4.0,2026-06-17 00:00:00
TCK-0528-06,CUST-0528,Billing,High,In Progress,False,-1.0,3.0,2025-11-23 00:00:00
TCK-0529-01,CUST-0529,Performance Issue,High,In Progress,False,-1.0,3.0,2025-11-14 00:00:00
TCK-0529-02,CUST-0529,Performance Issue,Urgent,Resolved,False,68.3,4.0,2025-12-11 00:00:00
TCK-0529-03,CUST-0529,Account Access,Urgent,In Progress,False,-1.0,2.0,2025-10-09 00:00:00
TCK-0530-01,CUST-0530,Feature Request,High,Resolved,False,31.7,5.0,2025-05-28 00:00:00
TCK-0530-02,CUST-0530,Account Access,Low,Closed,False,3.7,3.0,2025-12-20 00:00:00
TCK-0530-03,CUST-0530,Performance Issue,Low,In Progress,False,-1.0,1.0,2025-09-20 00:00:00
TCK-0531-01,CUST-0531,Performance Issue,High,Closed,False,50.6,5.0,2025-12-12 00:00:00
TCK-0531-02,CUST-0531,Billing,Medium,Closed,False,13.8,5.0,2026-06-23 00:00:00
TCK-0532-01,CUST-0532,Account Access,Low,Escalation Pending,False,-1.0,3.0,2026-05-13 00:00:00
TCK-0532-02,CUST-0532,Technical Bug,Low,Closed,False,11.1,5.0,2025-11-10 00:00:00
TCK-0532-03,CUST-0532,Billing,Urgent,Escalation Pending,False,-1.0,2.0,2025-04-28 00:00:00
TCK-0532-04,CUST-0532,Billing,Medium,Escalation Pending,False,-1.0,1.0,2025-08-09 00:00:00
TCK-0532-05,CUST-0532,Technical Bug,Low,Closed,False,4.9,4.0,2025-08-04 00:00:00
TCK-0532-06,CUST-0532,Performance Issue,Low,Closed,True,18.0,2.0,2025-12-28 00:00:00
TCK-0532-07,CUST-0532,Technical Bug,Urgent,Resolved,False,8.6,5.0,2026-01-28 00:00:00
TCK-0532-08,CUST-0532,Billing,High,In Progress,True,-1.0,2.0,2026-05-10 00:00:00
TCK-0533-01,CUST-0533,Feature Request,High,In Progress,False,-1.0,2.0,2025-12-04 00:00:00
TCK-0533-02,CUST-0533,Technical Bug,Urgent,Resolved,False,40.5,4.0,2026-03-07 00:00:00
TCK-0533-03,CUST-0533,Technical Bug,Urgent,In Progress,True,-1.0,3.0,2026-05-25 00:00:00
TCK-0534-01,CUST-0534,Feature Request,Urgent,In Progress,False,-1.0,1.0,2025-09-04 00:00:00
TCK-0534-02,CUST-0534,Performance Issue,Low,In Progress,True,-1.0,1.0,2025-07-05 00:00:00
TCK-0534-03,CUST-0534,Account Access,High,Closed,True,60.2,2.0,2026-05-09 00:00:00
TCK-0534-04,CUST-0534,Account Access,High,Escalation Pending,False,-1.0,2.0,2025-06-16 00:00:00
TCK-0534-05,CUST-0534,Technical Bug,Medium,In Progress,False,-1.0,2.0,2026-04-26 00:00:00
TCK-0534-06,CUST-0534,Technical Bug,Medium,In Progress,True,-1.0,2.0,2025-10-15 00:00:00
TCK-0534-07,CUST-0534,Billing,High,In Progress,False,-1.0,3.0,2026-06-03 00:00:00
TCK-0534-08,CUST-0534,Technical Bug,Medium,Resolved,False,7.7,5.0,2025-12-30 00:00:00
TCK-0534-09,CUST-0534,Performance Issue,Urgent,In Progress,False,-1.0,1.0,2025-05-07 00:00:00
TCK-0535-01,CUST-0535,Feature Request,Urgent,Closed,False,5.6,5.0,2026-01-18 00:00:00
TCK-0535-02,CUST-0535,Billing,Low,Escalation Pending,True,-1.0,1.0,2025-06-18 00:00:00
TCK-0535-03,CUST-0535,Account Access,Medium,In Progress,False,-1.0,1.0,2025-06-08 00:00:00
TCK-0535-04,CUST-0535,Account Access,Medium,Escalation Pending,False,-1.0,1.0,2026-03-25 00:00:00
TCK-0535-05,CUST-0535,Billing,Low,Resolved,False,14.1,3.0,2025-05-29 00:00:00
TCK-0535-06,CUST-0535,Performance Issue,Urgent,In Progress,False,-1.0,2.0,2025-10-07 00:00:00
TCK-0535-07,CUST-0535,Technical Bug,High,Resolved,False,30.5,3.0,2025-07-18 00:00:00
TCK-0535-08,CUST-0535,Feature Request,Medium,Resolved,False,10.2,5.0,2025-08-05 00:00:00
TCK-0535-09,CUST-0535,Technical Bug,Low,Resolved,False,6.1,3.0,2025-08-08 00:00:00
TCK-0536-01,CUST-0536,Account Access,Low,Closed,True,2.6,2.0,2025-11-13 00:00:00
TCK-0536-02,CUST-0536,Billing,Low,In Progress,True,-1.0,2.0,2026-03-26 00:00:00
TCK-0536-03,CUST-0536,Performance Issue,Medium,Escalation Pending,True,-1.0,2.0,2026-06-13 00:00:00
TCK-0536-04,CUST-0536,Technical Bug,Medium,Closed,False,4.8,4.0,2025-08-02 00:00:00
TCK-0537-01,CUST-0537,Billing,High,Resolved,False,8.7,3.0,2026-06-15 00:00:00
TCK-0537-02,CUST-0537,Billing,Low,In Progress,False,-1.0,3.0,2025-09-10 00:00:00
TCK-0537-03,CUST-0537,Technical Bug,Medium,Closed,False,7.0,4.0,2025-10-09 00:00:00
TCK-0537-04,CUST-0537,Technical Bug,Urgent,Resolved,False,57.8,4.0,2025-08-08 00:00:00
TCK-0538-01,CUST-0538,Technical Bug,Medium,Escalation Pending,False,-1.0,2.0,2026-06-26 00:00:00
TCK-0538-02,CUST-0538,Account Access,Urgent,Resolved,False,14.1,5.0,2026-01-01 00:00:00
TCK-0538-03,CUST-0538,Technical Bug,High,Resolved,True,53.1,3.0,2025-11-25 00:00:00
TCK-0538-04,CUST-0538,Technical Bug,Urgent,Escalation Pending,False,-1.0,3.0,2025-09-28 00:00:00
TCK-0538-05,CUST-0538,Account Access,High,Escalation Pending,True,-1.0,1.0,2025-11-25 00:00:00
TCK-0538-06,CUST-0538,Feature Request,Low,Closed,False,23.9,5.0,2025-12-02 00:00:00
TCK-0538-07,CUST-0538,Account Access,Low,Escalation Pending,False,-1.0,1.0,2025-12-02 00:00:00
TCK-0539-01,CUST-0539,Billing,High,In Progress,False,-1.0,1.0,2025-12-08 00:00:00
TCK-0539-02,CUST-0539,Feature Request,High,Escalation Pending,True,-1.0,2.0,2026-02-20 00:00:00
TCK-0539-03,CUST-0539,Feature Request,High,In Progress,False,-1.0,1.0,2026-05-17 00:00:00
TCK-0539-04,CUST-0539,Performance Issue,Urgent,In Progress,True,-1.0,3.0,2025-12-08 00:00:00
TCK-0539-05,CUST-0539,Technical Bug,High,Escalation Pending,True,-1.0,2.0,2026-06-02 00:00:00
TCK-0539-06,CUST-0539,Technical Bug,High,Escalation Pending,True,-1.0,1.0,2025-10-22 00:00:00
TCK-0540-01,CUST-0540,Account Access,High,In Progress,True,-1.0,2.0,2026-03-26 00:00:00
TCK-0540-02,CUST-0540,Performance Issue,Urgent,Resolved,True,30.9,1.0,2026-04-28 00:00:00
TCK-0540-03,CUST-0540,Performance Issue,Medium,Escalation Pending,False,-1.0,3.0,2026-02-07 00:00:00
TCK-0540-04,CUST-0540,Performance Issue,Low,In Progress,False,-1.0,1.0,2026-06-22 00:00:00
TCK-0540-05,CUST-0540,Billing,Low,Closed,False,17.3,3.0,2025-10-23 00:00:00
TCK-0541-01,CUST-0541,Technical Bug,Low,In Progress,False,-1.0,3.0,2026-04-10 00:00:00
TCK-0541-02,CUST-0541,Feature Request,Low,Closed,False,10.5,5.0,2025-09-01 00:00:00
TCK-0541-03,CUST-0541,Billing,Medium,In Progress,False,-1.0,2.0,2025-08-21 00:00:00
TCK-0541-04,CUST-0541,Performance Issue,High,Escalation Pending,False,-1.0,2.0,2025-08-08 00:00:00
TCK-0541-05,CUST-0541,Account Access,High,Closed,False,29.2,5.0,2026-01-19 00:00:00
TCK-0541-06,CUST-0541,Feature Request,Medium,Closed,False,15.2,5.0,2025-06-23 00:00:00
TCK-0541-07,CUST-0541,Performance Issue,High,Escalation Pending,True,-1.0,3.0,2025-10-27 00:00:00
TCK-0541-08,CUST-0541,Performance Issue,Low,Resolved,False,6.0,5.0,2026-02-28 00:00:00
TCK-0541-09,CUST-0541,Account Access,Urgent,Escalation Pending,True,-1.0,2.0,2025-02-27 00:00:00
TCK-0542-01,CUST-0542,Billing,Urgent,In Progress,True,-1.0,3.0,2025-03-13 00:00:00
TCK-0542-02,CUST-0542,Billing,Urgent,Closed,False,41.7,5.0,2026-03-08 00:00:00
TCK-0543-01,CUST-0543,Technical Bug,Urgent,Escalation Pending,False,-1.0,2.0,2026-04-22 00:00:00
TCK-0543-02,CUST-0543,Technical Bug,High,Resolved,False,21.7,5.0,2025-07-05 00:00:00
TCK-0543-03,CUST-0543,Billing,Low,Escalation Pending,False,-1.0,3.0,2025-09-08 00:00:00
TCK-0543-04,CUST-0543,Billing,Low,Resolved,False,4.3,3.0,2025-10-12 00:00:00
TCK-0543-05,CUST-0543,Performance Issue,Low,Resolved,False,20.7,4.0,2025-06-09 00:00:00
TCK-0543-06,CUST-0543,Technical Bug,Urgent,Resolved,False,30.3,3.0,2026-06-07 00:00:00
TCK-0544-01,CUST-0544,Technical Bug,High,In Progress,False,-1.0,2.0,2025-12-24 00:00:00
TCK-0544-02,CUST-0544,Account Access,Medium,Closed,False,9.0,3.0,2025-10-19 00:00:00
TCK-0544-03,CUST-0544,Billing,Urgent,Resolved,False,36.0,3.0,2025-06-29 00:00:00
TCK-0545-01,CUST-0545,Billing,Urgent,Closed,True,56.8,1.0,2026-06-30 00:00:00
TCK-0545-02,CUST-0545,Account Access,Low,In Progress,False,-1.0,2.0,2025-09-07 00:00:00
TCK-0545-03,CUST-0545,Technical Bug,Low,Resolved,False,4.9,5.0,2026-02-05 00:00:00
TCK-0546-01,CUST-0546,Feature Request,High,In Progress,False,-1.0,2.0,2025-07-26 00:00:00
TCK-0546-02,CUST-0546,Performance Issue,Low,Resolved,False,2.8,5.0,2025-09-22 00:00:00
TCK-0546-03,CUST-0546,Performance Issue,Low,Escalation Pending,False,-1.0,1.0,2026-05-26 00:00:00
TCK-0546-04,CUST-0546,Performance Issue,High,Closed,True,10.3,2.0,2025-05-15 00:00:00
TCK-0546-05,CUST-0546,Billing,Medium,In Progress,True,-1.0,1.0,2025-10-07 00:00:00
TCK-0546-06,CUST-0546,Billing,Urgent,Escalation Pending,False,-1.0,3.0,2025-07-24 00:00:00
TCK-0546-07,CUST-0546,Feature Request,Low,In Progress,False,-1.0,2.0,2025-10-10 00:00:00
TCK-0546-08,CUST-0546,Technical Bug,High,Escalation Pending,True,-1.0,3.0,2025-09-27 00:00:00
TCK-0547-01,CUST-0547,Performance Issue,High,In Progress,False,-1.0,2.0,2026-03-15 00:00:00
TCK-0547-02,CUST-0547,Performance Issue,High,Closed,False,70.7,3.0,2026-03-05 00:00:00
TCK-0547-03,CUST-0547,Billing,High,In Progress,False,-1.0,3.0,2026-03-21 00:00:00
TCK-0547-04,CUST-0547,Technical Bug,High,In Progress,False,-1.0,1.0,2025-11-30 00:00:00
TCK-0547-05,CUST-0547,Feature Request,Low,Escalation Pending,False,-1.0,2.0,2025-11-04 00:00:00
TCK-0547-06,CUST-0547,Account Access,Urgent,In Progress,False,-1.0,2.0,2025-09-01 00:00:00
TCK-0547-07,CUST-0547,Feature Request,Low,Resolved,False,8.5,5.0,2025-10-23 00:00:00
TCK-0547-08,CUST-0547,Technical Bug,Low,Escalation Pending,False,-1.0,3.0,2026-03-31 00:00:00
TCK-0547-09,CUST-0547,Technical Bug,High,Escalation Pending,True,-1.0,1.0,2025-08-30 00:00:00
TCK-0547-10,CUST-0547,Billing,Urgent,Resolved,False,49.1,3.0,2026-05-03 00:00:00
TCK-0548-01,CUST-0548,Account Access,Medium,Closed,False,14.1,4.0,2025-05-27 00:00:00
TCK-0548-02,CUST-0548,Performance Issue,Medium,In Progress,False,-1.0,2.0,2025-08-13 00:00:00
TCK-0548-03,CUST-0548,Technical Bug,Medium,In Progress,False,-1.0,1.0,2025-02-27 00:00:00
TCK-0549-01,CUST-0549,Account Access,Low,Closed,False,9.6,3.0,2026-04-28 00:00:00
TCK-0549-02,CUST-0549,Account Access,Medium,Escalation Pending,False,-1.0,1.0,2025-05-25 00:00:00
TCK-0549-03,CUST-0549,Performance Issue,Medium,Resolved,False,19.4,5.0,2025-07-28 00:00:00
TCK-0549-04,CUST-0549,Billing,High,Resolved,False,43.9,5.0,2025-11-25 00:00:00
TCK-0549-05,CUST-0549,Technical Bug,Low,Resolved,False,20.7,3.0,2026-06-03 00:00:00
TCK-0550-01,CUST-0550,Billing,High,Closed,False,57.1,3.0,2026-04-06 00:00:00
TCK-0550-02,CUST-0550,Account Access,High,Escalation Pending,False,-1.0,2.0,2025-09-30 00:00:00
TCK-0550-03,CUST-0550,Technical Bug,Low,Closed,False,2.5,4.0,2026-05-28 00:00:00
TCK-0550-04,CUST-0550,Account Access,Urgent,Resolved,False,49.2,4.0,2025-12-29 00:00:00
TCK-0550-05,CUST-0550,Performance Issue,Low,Resolved,False,6.9,5.0,2025-09-11 00:00:00
TCK-0550-06,CUST-0550,Technical Bug,Urgent,Resolved,False,24.3,5.0,2026-02-12 00:00:00
TCK-0551-01,CUST-0551,Billing,High,Resolved,True,60.4,3.0,2026-06-24 00:00:00
TCK-0551-02,CUST-0551,Feature Request,Low,In Progress,False,-1.0,1.0,2026-03-03 00:00:00
TCK-0551-03,CUST-0551,Performance Issue,Urgent,Resolved,True,53.0,2.0,2026-01-13 00:00:00
TCK-0551-04,CUST-0551,Feature Request,Urgent,Escalation Pending,True,-1.0,2.0,2026-01-24 00:00:00
TCK-0551-05,CUST-0551,Feature Request,Low,In Progress,True,-1.0,1.0,2026-02-11 00:00:00
TCK-0551-06,CUST-0551,Feature Request,Low,Escalation Pending,False,-1.0,3.0,2026-03-13 00:00:00
TCK-0552-01,CUST-0552,Account Access,Medium,Escalation Pending,False,-1.0,3.0,2025-06-25 00:00:00
TCK-0552-02,CUST-0552,Performance Issue,Urgent,In Progress,True,-1.0,2.0,2026-06-06 00:00:00
TCK-0552-03,CUST-0552,Technical Bug,High,Resolved,False,39.2,4.0,2025-09-15 00:00:00
TCK-0552-04,CUST-0552,Technical Bug,High,In Progress,True,-1.0,3.0,2025-01-16 00:00:00
TCK-0552-05,CUST-0552,Billing,High,Closed,True,23.5,3.0,2025-12-16 00:00:00
TCK-0552-06,CUST-0552,Account Access,Medium,Escalation Pending,False,-1.0,3.0,2025-05-02 00:00:00
TCK-0552-07,CUST-0552,Account Access,High,In Progress,True,-1.0,3.0,2025-02-10 00:00:00
TCK-0552-08,CUST-0552,Feature Request,Medium,Escalation Pending,False,-1.0,1.0,2025-06-27 00:00:00
TCK-0552-09,CUST-0552,Account Access,Medium,Resolved,False,7.3,4.0,2025-08-26 00:00:00
TCK-0552-10,CUST-0552,Technical Bug,High,In Progress,False,-1.0,2.0,2025-07-16 00:00:00
TCK-0553-01,CUST-0553,Account Access,Low,Closed,False,15.3,5.0,2025-07-30 00:00:00
TCK-0553-02,CUST-0553,Performance Issue,Low,Resolved,False,12.7,4.0,2026-02-28 00:00:00
TCK-0554-01,CUST-0554,Performance Issue,Medium,In Progress,False,-1.0,3.0,2025-11-29 00:00:00
TCK-0554-02,CUST-0554,Performance Issue,Medium,Escalation Pending,False,-1.0,3.0,2025-11-13 00:00:00
TCK-0554-03,CUST-0554,Feature Request,Low,Closed,False,20.0,3.0,2025-11-16 00:00:00
TCK-0554-04,CUST-0554,Billing,Medium,Resolved,False,8.6,5.0,2025-08-01 00:00:00
TCK-0554-05,CUST-0554,Technical Bug,Medium,Resolved,True,16.8,1.0,2025-09-21 00:00:00
TCK-0554-06,CUST-0554,Performance Issue,Medium,Closed,False,10.2,4.0,2026-04-05 00:00:00
TCK-0554-07,CUST-0554,Performance Issue,Urgent,Resolved,True,2.1,3.0,2025-08-09 00:00:00
TCK-0554-08,CUST-0554,Technical Bug,High,Escalation Pending,False,-1.0,1.0,2025-10-31 00:00:00
TCK-0554-09,CUST-0554,Account Access,Urgent,In Progress,False,-1.0,3.0,2026-04-07 00:00:00
TCK-0555-01,CUST-0555,Performance Issue,Medium,In Progress,False,-1.0,2.0,2025-08-13 00:00:00
TCK-0555-02,CUST-0555,Technical Bug,Medium,Escalation Pending,True,-1.0,3.0,2026-04-27 00:00:00
TCK-0555-03,CUST-0555,Feature Request,Low,Escalation Pending,False,-1.0,2.0,2026-03-30 00:00:00
TCK-0555-04,CUST-0555,Account Access,Medium,Resolved,False,15.5,5.0,2025-07-22 00:00:00
TCK-0555-05,CUST-0555,Performance Issue,Low,Escalation Pending,False,-1.0,2.0,2026-03-17 00:00:00
TCK-0555-06,CUST-0555,Feature Request,Urgent,In Progress,True,-1.0,1.0,2026-04-30 00:00:00
TCK-0555-07,CUST-0555,Feature Request,Low,Closed,False,14.2,5.0,2026-05-06 00:00:00
TCK-0555-08,CUST-0555,Performance Issue,Low,Resolved,False,19.5,3.0,2025-06-11 00:00:00
TCK-0555-09,CUST-0555,Technical Bug,Medium,Resolved,True,10.6,3.0,2026-03-31 00:00:00
TCK-0556-01,CUST-0556,Technical Bug,Urgent,In Progress,True,-1.0,3.0,2025-05-30 00:00:00
TCK-0556-02,CUST-0556,Billing,Medium,In Progress,False,-1.0,3.0,2025-11-29 00:00:00
TCK-0556-03,CUST-0556,Account Access,Urgent,Escalation Pending,True,-1.0,1.0,2025-04-23 00:00:00
TCK-0556-04,CUST-0556,Account Access,Medium,Closed,False,2.5,3.0,2026-03-29 00:00:00
TCK-0557-01,CUST-0557,Technical Bug,Low,In Progress,False,-1.0,2.0,2026-04-12 00:00:00
TCK-0557-02,CUST-0557,Performance Issue,Urgent,Closed,False,10.9,5.0,2026-02-27 00:00:00
TCK-0557-03,CUST-0557,Billing,Urgent,Closed,False,58.1,5.0,2026-05-17 00:00:00
TCK-0557-04,CUST-0557,Account Access,Low,In Progress,False,-1.0,1.0,2025-12-28 00:00:00
TCK-0558-01,CUST-0558,Technical Bug,Urgent,Closed,False,32.2,4.0,2026-01-23 00:00:00
TCK-0558-02,CUST-0558,Billing,Medium,In Progress,False,-1.0,2.0,2026-01-11 00:00:00
TCK-0558-03,CUST-0558,Technical Bug,Medium,In Progress,False,-1.0,3.0,2026-02-04 00:00:00
TCK-0558-04,CUST-0558,Account Access,Urgent,Escalation Pending,False,-1.0,2.0,2026-04-15 00:00:00
TCK-0558-05,CUST-0558,Feature Request,High,Closed,False,13.5,5.0,2026-01-23 00:00:00
TCK-0558-06,CUST-0558,Billing,Low,Closed,True,8.9,2.0,2026-05-11 00:00:00
TCK-0558-07,CUST-0558,Technical Bug,Urgent,In Progress,True,-1.0,1.0,2025-09-30 00:00:00
TCK-0559-01,CUST-0559,Performance Issue,Medium,Resolved,False,15.5,4.0,2026-01-20 00:00:00
TCK-0559-02,CUST-0559,Account Access,Medium,Resolved,True,8.6,3.0,2026-03-20 00:00:00
TCK-0559-03,CUST-0559,Billing,Medium,Closed,True,8.4,2.0,2026-05-05 00:00:00
TCK-0559-04,CUST-0559,Performance Issue,Low,In Progress,False,-1.0,2.0,2026-06-28 00:00:00
TCK-0560-01,CUST-0560,Feature Request,Low,Closed,False,4.1,5.0,2026-03-11 00:00:00
TCK-0560-02,CUST-0560,Technical Bug,Medium,Closed,False,17.3,5.0,2025-11-09 00:00:00
TCK-0561-01,CUST-0561,Feature Request,Medium,Closed,False,16.8,5.0,2025-11-27 00:00:00
TCK-0561-02,CUST-0561,Billing,Low,Closed,True,21.4,1.0,2025-08-30 00:00:00
TCK-0562-01,CUST-0562,Account Access,Medium,Closed,False,11.3,5.0,2026-02-15 00:00:00
TCK-0562-02,CUST-0562,Performance Issue,Urgent,Closed,True,67.7,3.0,2025-12-08 00:00:00
TCK-0562-03,CUST-0562,Performance Issue,Urgent,Resolved,False,50.8,5.0,2025-03-11 00:00:00
TCK-0562-04,CUST-0562,Account Access,High,In Progress,False,-1.0,2.0,2026-05-29 00:00:00
TCK-0562-05,CUST-0562,Performance Issue,Medium,In Progress,True,-1.0,2.0,2025-07-28 00:00:00
TCK-0562-06,CUST-0562,Performance Issue,Low,Closed,False,5.2,5.0,2026-04-01 00:00:00
TCK-0562-07,CUST-0562,Billing,Medium,Resolved,False,3.7,5.0,2025-08-03 00:00:00
TCK-0562-08,CUST-0562,Feature Request,Low,Resolved,False,13.9,3.0,2025-06-25 00:00:00
TCK-0563-01,CUST-0563,Billing,High,In Progress,False,-1.0,1.0,2026-05-07 00:00:00
TCK-0563-02,CUST-0563,Technical Bug,High,Resolved,True,21.2,3.0,2025-09-09 00:00:00
TCK-0563-03,CUST-0563,Feature Request,High,In Progress,False,-1.0,3.0,2025-06-15 00:00:00
TCK-0563-04,CUST-0563,Technical Bug,Low,Resolved,False,4.3,5.0,2026-02-09 00:00:00
TCK-0563-05,CUST-0563,Account Access,Urgent,Resolved,True,36.1,2.0,2026-02-26 00:00:00
TCK-0564-01,CUST-0564,Performance Issue,Medium,Resolved,False,11.6,3.0,2025-08-29 00:00:00
TCK-0564-02,CUST-0564,Performance Issue,Urgent,Escalation Pending,False,-1.0,1.0,2025-04-07 00:00:00
TCK-0564-03,CUST-0564,Performance Issue,Urgent,Escalation Pending,False,-1.0,2.0,2025-08-24 00:00:00
TCK-0564-04,CUST-0564,Performance Issue,Medium,Closed,False,11.1,5.0,2026-05-14 00:00:00
TCK-0564-05,CUST-0564,Billing,High,In Progress,False,-1.0,3.0,2025-06-09 00:00:00
TCK-0564-06,CUST-0564,Account Access,Medium,Resolved,False,14.9,5.0,2025-08-09 00:00:00
TCK-0564-07,CUST-0564,Feature Request,Medium,Closed,False,10.0,4.0,2025-06-29 00:00:00
TCK-0564-08,CUST-0564,Performance Issue,Medium,Escalation Pending,False,-1.0,2.0,2026-01-26 00:00:00
TCK-0565-01,CUST-0565,Account Access,High,Escalation Pending,False,-1.0,3.0,2026-06-04 00:00:00
TCK-0565-02,CUST-0565,Performance Issue,Medium,Closed,True,2.1,3.0,2026-01-08 00:00:00
TCK-0565-03,CUST-0565,Technical Bug,Medium,Escalation Pending,False,-1.0,1.0,2026-05-29 00:00:00
TCK-0566-01,CUST-0566,Billing,Medium,In Progress,True,-1.0,2.0,2025-09-12 00:00:00
TCK-0566-02,CUST-0566,Billing,Medium,Escalation Pending,True,-1.0,1.0,2026-06-02 00:00:00
TCK-0566-03,CUST-0566,Billing,Urgent,Resolved,True,46.7,1.0,2025-11-17 00:00:00
TCK-0566-04,CUST-0566,Technical Bug,Urgent,Escalation Pending,False,-1.0,2.0,2026-05-22 00:00:00
TCK-0566-05,CUST-0566,Billing,Low,In Progress,False,-1.0,1.0,2025-07-19 00:00:00
TCK-0566-06,CUST-0566,Technical Bug,Urgent,Escalation Pending,False,-1.0,1.0,2025-02-06 00:00:00
TCK-0566-07,CUST-0566,Performance Issue,Low,Resolved,True,5.2,1.0,2026-04-05 00:00:00
TCK-0567-01,CUST-0567,Billing,High,Escalation Pending,False,-1.0,3.0,2026-04-25 00:00:00
TCK-0567-02,CUST-0567,Feature Request,Low,Escalation Pending,False,-1.0,1.0,2026-05-10 00:00:00
TCK-0567-03,CUST-0567,Billing,Urgent,Escalation Pending,False,-1.0,2.0,2026-04-01 00:00:00
TCK-0567-04,CUST-0567,Feature Request,Urgent,Resolved,False,44.5,5.0,2026-06-04 00:00:00
TCK-0567-05,CUST-0567,Technical Bug,Medium,In Progress,False,-1.0,1.0,2025-09-17 00:00:00
TCK-0568-01,CUST-0568,Account Access,Medium,Closed,False,23.1,4.0,2025-05-17 00:00:00
TCK-0568-02,CUST-0568,Billing,Low,Closed,False,23.6,3.0,2025-11-02 00:00:00
TCK-0568-03,CUST-0568,Billing,High,Escalation Pending,False,-1.0,3.0,2025-07-15 00:00:00
TCK-0568-04,CUST-0568,Feature Request,Low,In Progress,False,-1.0,2.0,2026-04-20 00:00:00
TCK-0568-05,CUST-0568,Performance Issue,Low,In Progress,True,-1.0,1.0,2026-03-29 00:00:00
TCK-0568-06,CUST-0568,Billing,Low,Closed,True,11.2,1.0,2025-11-26 00:00:00
TCK-0568-07,CUST-0568,Billing,Medium,Closed,False,16.7,5.0,2026-06-21 00:00:00
TCK-0568-08,CUST-0568,Account Access,Urgent,Closed,False,17.4,5.0,2025-11-27 00:00:00
TCK-0569-01,CUST-0569,Feature Request,Low,Escalation Pending,False,-1.0,1.0,2026-06-26 00:00:00
TCK-0569-02,CUST-0569,Performance Issue,Urgent,Escalation Pending,False,-1.0,2.0,2026-04-12 00:00:00
TCK-0569-03,CUST-0569,Technical Bug,Medium,Closed,True,4.0,2.0,2026-04-16 00:00:00
TCK-0569-04,CUST-0569,Technical Bug,Urgent,Closed,False,56.5,4.0,2026-01-08 00:00:00
TCK-0569-05,CUST-0569,Feature Request,High,Closed,True,71.2,2.0,2026-04-10 00:00:00
TCK-0569-06,CUST-0569,Technical Bug,High,Resolved,True,50.2,3.0,2026-04-11 00:00:00
TCK-0569-07,CUST-0569,Technical Bug,Low,Resolved,False,3.9,5.0,2026-05-11 00:00:00
TCK-0569-08,CUST-0569,Billing,High,Resolved,True,41.2,2.0,2025-12-31 00:00:00
TCK-0570-01,CUST-0570,Technical Bug,Medium,Escalation Pending,False,-1.0,3.0,2025-08-04 00:00:00
TCK-0570-02,CUST-0570,Feature Request,Medium,Resolved,False,22.0,3.0,2026-04-19 00:00:00
TCK-0571-01,CUST-0571,Performance Issue,Urgent,Resolved,False,58.7,5.0,2026-06-27 00:00:00
TCK-0571-02,CUST-0571,Performance Issue,Low,Closed,False,9.4,5.0,2025-06-04 00:00:00
TCK-0571-03,CUST-0571,Account Access,Medium,Resolved,False,15.7,4.0,2025-05-27 00:00:00
TCK-0572-01,CUST-0572,Feature Request,Urgent,Resolved,True,37.8,1.0,2025-04-28 00:00:00
TCK-0572-02,CUST-0572,Technical Bug,Urgent,In Progress,False,-1.0,3.0,2025-07-21 00:00:00
TCK-0572-03,CUST-0572,Feature Request,High,Resolved,False,63.0,4.0,2025-03-25 00:00:00
TCK-0572-04,CUST-0572,Billing,Low,Closed,False,16.8,4.0,2025-02-20 00:00:00
TCK-0572-05,CUST-0572,Performance Issue,Urgent,Closed,False,44.3,5.0,2025-04-28 00:00:00
TCK-0573-01,CUST-0573,Feature Request,Urgent,In Progress,False,-1.0,3.0,2025-08-20 00:00:00
TCK-0573-02,CUST-0573,Billing,Urgent,Escalation Pending,False,-1.0,2.0,2025-09-25 00:00:00
TCK-0573-03,CUST-0573,Performance Issue,Urgent,Closed,False,48.1,4.0,2026-03-03 00:00:00
TCK-0573-04,CUST-0573,Technical Bug,Urgent,In Progress,False,-1.0,1.0,2025-09-19 00:00:00
TCK-0573-05,CUST-0573,Feature Request,Medium,Escalation Pending,False,-1.0,1.0,2026-06-05 00:00:00
TCK-0574-01,CUST-0574,Billing,Medium,Escalation Pending,False,-1.0,1.0,2026-04-12 00:00:00
TCK-0574-02,CUST-0574,Account Access,Medium,Resolved,False,12.2,4.0,2026-03-03 00:00:00
TCK-0574-03,CUST-0574,Performance Issue,Low,In Progress,False,-1.0,3.0,2026-05-24 00:00:00
TCK-0574-04,CUST-0574,Feature Request,Urgent,In Progress,True,-1.0,3.0,2026-06-02 00:00:00
TCK-0574-05,CUST-0574,Feature Request,High,Closed,True,65.8,2.0,2026-06-21 00:00:00
TCK-0574-06,CUST-0574,Billing,High,Resolved,True,66.3,2.0,2025-11-24 00:00:00
TCK-0574-07,CUST-0574,Feature Request,Low,Escalation Pending,False,-1.0,2.0,2026-05-27 00:00:00
TCK-0574-08,CUST-0574,Performance Issue,Medium,Closed,False,15.0,5.0,2026-04-12 00:00:00
TCK-0574-09,CUST-0574,Account Access,Low,Escalation Pending,False,-1.0,1.0,2025-11-19 00:00:00
TCK-0574-10,CUST-0574,Account Access,Urgent,In Progress,True,-1.0,1.0,2025-09-24 00:00:00
TCK-0575-01,CUST-0575,Feature Request,Low,Resolved,False,19.0,4.0,2025-09-19 00:00:00
TCK-0575-02,CUST-0575,Billing,Low,Closed,False,9.5,3.0,2025-10-12 00:00:00
TCK-0575-03,CUST-0575,Performance Issue,Urgent,Resolved,False,36.5,4.0,2026-06-29 00:00:00
TCK-0575-04,CUST-0575,Billing,Urgent,In Progress,False,-1.0,1.0,2025-12-11 00:00:00
TCK-0575-05,CUST-0575,Technical Bug,Medium,Escalation Pending,False,-1.0,3.0,2025-12-26 00:00:00
TCK-0575-06,CUST-0575,Billing,Low,Resolved,False,2.3,5.0,2025-12-19 00:00:00
TCK-0575-07,CUST-0575,Billing,Medium,Closed,False,21.9,5.0,2025-11-20 00:00:00
TCK-0576-01,CUST-0576,Billing,High,Resolved,False,58.5,5.0,2026-02-02 00:00:00
TCK-0576-02,CUST-0576,Feature Request,High,Escalation Pending,False,-1.0,2.0,2025-09-24 00:00:00
TCK-0576-03,CUST-0576,Feature Request,Urgent,In Progress,False,-1.0,3.0,2026-02-01 00:00:00
TCK-0576-04,CUST-0576,Account Access,High,In Progress,True,-1.0,3.0,2025-10-02 00:00:00
TCK-0576-05,CUST-0576,Account Access,Urgent,Escalation Pending,False,-1.0,2.0,2026-05-20 00:00:00
TCK-0576-06,CUST-0576,Technical Bug,High,In Progress,False,-1.0,3.0,2025-12-25 00:00:00
TCK-0577-01,CUST-0577,Feature Request,High,Closed,False,12.8,5.0,2025-12-20 00:00:00
TCK-0577-02,CUST-0577,Account Access,Urgent,In Progress,True,-1.0,1.0,2025-07-12 00:00:00
TCK-0577-03,CUST-0577,Feature Request,Medium,In Progress,False,-1.0,2.0,2025-08-24 00:00:00
TCK-0577-04,CUST-0577,Feature Request,High,Resolved,False,26.9,5.0,2025-10-02 00:00:00
TCK-0577-05,CUST-0577,Billing,High,Resolved,False,43.7,5.0,2025-11-13 00:00:00
TCK-0577-06,CUST-0577,Feature Request,Medium,Resolved,False,3.1,4.0,2025-09-12 00:00:00
TCK-0577-07,CUST-0577,Technical Bug,Medium,Escalation Pending,False,-1.0,2.0,2025-08-16 00:00:00
TCK-0577-08,CUST-0577,Feature Request,Medium,In Progress,False,-1.0,2.0,2026-03-13 00:00:00
TCK-0578-01,CUST-0578,Technical Bug,High,In Progress,False,-1.0,1.0,2026-01-31 00:00:00
TCK-0578-02,CUST-0578,Billing,Medium,Resolved,False,8.6,5.0,2025-02-26 00:00:00
TCK-0578-03,CUST-0578,Technical Bug,Low,In Progress,False,-1.0,1.0,2025-04-10 00:00:00
TCK-0578-04,CUST-0578,Technical Bug,Urgent,Closed,False,59.7,5.0,2026-01-07 00:00:00
TCK-0578-05,CUST-0578,Technical Bug,Low,Resolved,False,4.5,4.0,2026-01-30 00:00:00
TCK-0578-06,CUST-0578,Performance Issue,Low,Closed,False,10.8,4.0,2026-05-20 00:00:00
TCK-0578-07,CUST-0578,Account Access,Medium,Escalation Pending,False,-1.0,1.0,2026-01-21 00:00:00
TCK-0578-08,CUST-0578,Billing,Low,Escalation Pending,False,-1.0,1.0,2025-08-19 00:00:00
TCK-0579-01,CUST-0579,Feature Request,Low,Resolved,False,14.9,5.0,2025-04-01 00:00:00
TCK-0579-02,CUST-0579,Billing,Urgent,In Progress,False,-1.0,2.0,2026-04-12 00:00:00
TCK-0579-03,CUST-0579,Account Access,High,Closed,False,50.2,3.0,2026-05-30 00:00:00
TCK-0579-04,CUST-0579,Feature Request,Medium,Resolved,False,11.1,4.0,2025-06-18 00:00:00
TCK-0579-05,CUST-0579,Feature Request,High,Closed,False,61.2,5.0,2026-04-13 00:00:00
TCK-0579-06,CUST-0579,Feature Request,High,Closed,False,55.3,5.0,2026-05-10 00:00:00
TCK-0580-01,CUST-0580,Performance Issue,Urgent,Resolved,False,43.2,3.0,2026-05-03 00:00:00
TCK-0580-02,CUST-0580,Performance Issue,Medium,Escalation Pending,True,-1.0,1.0,2025-10-08 00:00:00
TCK-0580-03,CUST-0580,Technical Bug,High,Escalation Pending,False,-1.0,3.0,2026-06-07 00:00:00
TCK-0581-01,CUST-0581,Technical Bug,Urgent,Resolved,False,68.3,4.0,2026-02-25 00:00:00
TCK-0581-02,CUST-0581,Technical Bug,Low,In Progress,False,-1.0,1.0,2026-03-03 00:00:00
TCK-0581-03,CUST-0581,Technical Bug,Low,Closed,False,10.8,5.0,2025-10-28 00:00:00
TCK-0581-04,CUST-0581,Technical Bug,Medium,Closed,False,4.4,5.0,2025-12-11 00:00:00
TCK-0582-01,CUST-0582,Billing,High,Resolved,True,54.4,3.0,2025-08-16 00:00:00
TCK-0582-02,CUST-0582,Technical Bug,Low,Closed,False,16.2,4.0,2025-11-15 00:00:00
TCK-0582-03,CUST-0582,Performance Issue,High,Resolved,True,64.1,3.0,2026-03-06 00:00:00
TCK-0583-01,CUST-0583,Billing,Urgent,Resolved,True,68.4,2.0,2025-12-31 00:00:00
TCK-0583-02,CUST-0583,Technical Bug,Urgent,In Progress,False,-1.0,1.0,2026-06-05 00:00:00
TCK-0583-03,CUST-0583,Feature Request,Medium,Resolved,False,20.5,4.0,2026-02-10 00:00:00
TCK-0583-04,CUST-0583,Performance Issue,Low,Escalation Pending,False,-1.0,1.0,2026-04-20 00:00:00
TCK-0583-05,CUST-0583,Performance Issue,Medium,Closed,False,10.7,3.0,2026-04-03 00:00:00
TCK-0583-06,CUST-0583,Account Access,Urgent,Escalation Pending,True,-1.0,2.0,2026-03-30 00:00:00
TCK-0583-07,CUST-0583,Feature Request,Low,In Progress,False,-1.0,1.0,2025-12-11 00:00:00
TCK-0584-01,CUST-0584,Technical Bug,Low,In Progress,False,-1.0,1.0,2025-02-17 00:00:00
TCK-0584-02,CUST-0584,Technical Bug,Low,Escalation Pending,False,-1.0,3.0,2026-04-01 00:00:00
TCK-0584-03,CUST-0584,Performance Issue,Medium,Resolved,False,21.5,5.0,2026-01-04 00:00:00
TCK-0584-04,CUST-0584,Account Access,Low,In Progress,False,-1.0,3.0,2025-09-04 00:00:00
TCK-0584-05,CUST-0584,Feature Request,Urgent,Resolved,True,21.1,3.0,2026-03-18 00:00:00
TCK-0584-06,CUST-0584,Technical Bug,High,Escalation Pending,False,-1.0,3.0,2025-08-09 00:00:00
TCK-0584-07,CUST-0584,Account Access,Low,Closed,False,7.3,5.0,2025-11-16 00:00:00
TCK-0585-01,CUST-0585,Billing,Low,In Progress,False,-1.0,1.0,2025-12-20 00:00:00
TCK-0585-02,CUST-0585,Technical Bug,High,Resolved,False,40.2,4.0,2025-11-02 00:00:00
TCK-0585-03,CUST-0585,Billing,Low,Closed,True,10.0,1.0,2025-11-14 00:00:00
TCK-0585-04,CUST-0585,Billing,Medium,Resolved,False,21.4,5.0,2026-05-12 00:00:00
TCK-0586-01,CUST-0586,Performance Issue,Low,Escalation Pending,False,-1.0,1.0,2026-05-15 00:00:00
TCK-0586-02,CUST-0586,Feature Request,Low,In Progress,False,-1.0,3.0,2026-01-06 00:00:00
TCK-0586-03,CUST-0586,Feature Request,Urgent,Resolved,True,3.6,1.0,2025-06-13 00:00:00
TCK-0586-04,CUST-0586,Account Access,Low,Escalation Pending,False,-1.0,1.0,2025-12-22 00:00:00
TCK-0586-05,CUST-0586,Billing,Urgent,In Progress,True,-1.0,1.0,2026-06-13 00:00:00
TCK-0586-06,CUST-0586,Performance Issue,High,Closed,True,34.1,3.0,2025-11-09 00:00:00
TCK-0586-07,CUST-0586,Billing,Low,Resolved,False,15.7,5.0,2025-11-04 00:00:00
TCK-0586-08,CUST-0586,Account Access,High,Escalation Pending,False,-1.0,1.0,2026-03-14 00:00:00
TCK-0586-09,CUST-0586,Feature Request,High,Resolved,True,44.0,2.0,2025-12-08 00:00:00
TCK-0586-10,CUST-0586,Feature Request,Low,Escalation Pending,False,-1.0,3.0,2026-04-18 00:00:00
TCK-0587-01,CUST-0587,Performance Issue,High,Closed,False,54.0,5.0,2026-03-20 00:00:00
TCK-0587-02,CUST-0587,Performance Issue,Medium,In Progress,False,-1.0,2.0,2026-04-17 00:00:00
TCK-0587-03,CUST-0587,Technical Bug,Urgent,Escalation Pending,True,-1.0,3.0,2025-12-31 00:00:00
TCK-0587-04,CUST-0587,Billing,Medium,Closed,False,17.1,5.0,2026-02-17 00:00:00
TCK-0587-05,CUST-0587,Billing,High,Escalation Pending,True,-1.0,2.0,2025-11-05 00:00:00
TCK-0588-01,CUST-0588,Feature Request,Urgent,In Progress,False,-1.0,1.0,2026-01-13 00:00:00
TCK-0588-02,CUST-0588,Billing,High,Closed,True,9.9,2.0,2025-11-26 00:00:00
TCK-0588-03,CUST-0588,Feature Request,Medium,Escalation Pending,False,-1.0,2.0,2025-10-30 00:00:00
TCK-0589-01,CUST-0589,Performance Issue,Urgent,Closed,False,28.4,4.0,2025-10-19 00:00:00
TCK-0589-02,CUST-0589,Billing,High,Escalation Pending,False,-1.0,3.0,2026-02-11 00:00:00
TCK-0589-03,CUST-0589,Feature Request,Medium,Resolved,False,18.8,4.0,2025-12-31 00:00:00
TCK-0589-04,CUST-0589,Performance Issue,Low,Closed,False,12.6,3.0,2026-05-02 00:00:00
TCK-0589-05,CUST-0589,Account Access,Medium,Resolved,False,22.0,3.0,2026-04-29 00:00:00
TCK-0589-06,CUST-0589,Technical Bug,Low,Escalation Pending,True,-1.0,1.0,2025-12-22 00:00:00
TCK-0589-07,CUST-0589,Performance Issue,Medium,Resolved,False,13.4,3.0,2025-12-01 00:00:00
TCK-0589-08,CUST-0589,Performance Issue,Low,Escalation Pending,False,-1.0,3.0,2025-11-14 00:00:00
TCK-0590-01,CUST-0590,Performance Issue,Urgent,Escalation Pending,False,-1.0,3.0,2025-10-24 00:00:00
TCK-0590-02,CUST-0590,Account Access,Medium,Closed,False,4.3,3.0,2025-11-20 00:00:00
TCK-0590-03,CUST-0590,Account Access,Urgent,Escalation Pending,False,-1.0,2.0,2026-06-16 00:00:00
TCK-0590-04,CUST-0590,Billing,Low,Resolved,False,11.5,5.0,2026-01-11 00:00:00
TCK-0590-05,CUST-0590,Account Access,Urgent,Resolved,False,71.5,4.0,2025-11-12 00:00:00
TCK-0590-06,CUST-0590,Technical Bug,Urgent,In Progress,False,-1.0,2.0,2026-05-12 00:00:00
TCK-0591-01,CUST-0591,Technical Bug,Urgent,Resolved,False,8.2,4.0,2026-03-03 00:00:00
TCK-0591-02,CUST-0591,Performance Issue,Low,Closed,False,17.3,3.0,2025-09-21 00:00:00
TCK-0591-03,CUST-0591,Billing,Urgent,Escalation Pending,True,-1.0,2.0,2025-09-11 00:00:00
TCK-0591-04,CUST-0591,Technical Bug,Low,Closed,False,11.3,3.0,2025-10-08 00:00:00
TCK-0591-05,CUST-0591,Billing,Urgent,In Progress,False,-1.0,2.0,2026-03-30 00:00:00
TCK-0591-06,CUST-0591,Billing,Low,Resolved,True,7.3,3.0,2025-08-29 00:00:00
TCK-0591-07,CUST-0591,Performance Issue,High,In Progress,False,-1.0,3.0,2025-11-24 00:00:00
TCK-0591-08,CUST-0591,Performance Issue,Medium,Escalation Pending,False,-1.0,1.0,2026-05-21 00:00:00
TCK-0592-01,CUST-0592,Account Access,High,In Progress,True,-1.0,1.0,2026-05-21 00:00:00
TCK-0592-02,CUST-0592,Performance Issue,Medium,Resolved,False,15.8,5.0,2026-05-21 00:00:00
TCK-0592-03,CUST-0592,Feature Request,Urgent,Resolved,False,59.3,4.0,2026-03-17 00:00:00
TCK-0592-04,CUST-0592,Technical Bug,Urgent,Resolved,False,50.7,5.0,2025-07-18 00:00:00
TCK-0593-01,CUST-0593,Technical Bug,Low,Closed,False,19.1,4.0,2025-05-14 00:00:00
TCK-0593-02,CUST-0593,Feature Request,Urgent,In Progress,False,-1.0,3.0,2025-06-02 00:00:00
TCK-0593-03,CUST-0593,Performance Issue,Urgent,In Progress,False,-1.0,2.0,2026-06-17 00:00:00
TCK-0593-04,CUST-0593,Performance Issue,Urgent,In Progress,True,-1.0,3.0,2025-05-26 00:00:00
TCK-0593-05,CUST-0593,Performance Issue,Medium,Escalation Pending,False,-1.0,2.0,2026-03-31 00:00:00
TCK-0593-06,CUST-0593,Technical Bug,High,Resolved,False,31.3,3.0,2025-06-13 00:00:00
TCK-0593-07,CUST-0593,Technical Bug,Medium,Escalation Pending,False,-1.0,1.0,2025-12-15 00:00:00
TCK-0594-01,CUST-0594,Technical Bug,High,Closed,True,47.2,3.0,2025-10-17 00:00:00
TCK-0594-02,CUST-0594,Billing,Medium,Resolved,False,11.1,4.0,2025-09-03 00:00:00
TCK-0595-01,CUST-0595,Account Access,High,In Progress,True,-1.0,1.0,2026-01-30 00:00:00
TCK-0595-02,CUST-0595,Billing,Medium,Closed,False,19.8,5.0,2025-02-25 00:00:00
TCK-0595-03,CUST-0595,Performance Issue,High,In Progress,False,-1.0,3.0,2026-05-25 00:00:00
TCK-0595-04,CUST-0595,Billing,Low,Escalation Pending,False,-1.0,3.0,2025-03-27 00:00:00
TCK-0595-05,CUST-0595,Account Access,Urgent,Resolved,False,44.9,5.0,2025-04-15 00:00:00
TCK-0595-06,CUST-0595,Account Access,Urgent,Resolved,False,64.8,5.0,2025-03-13 00:00:00
TCK-0596-01,CUST-0596,Technical Bug,Urgent,Resolved,False,3.9,4.0,2025-12-21 00:00:00
TCK-0596-02,CUST-0596,Feature Request,High,Closed,False,54.5,4.0,2025-03-07 00:00:00
TCK-0596-03,CUST-0596,Technical Bug,Medium,Escalation Pending,False,-1.0,2.0,2026-04-08 00:00:00
TCK-0596-04,CUST-0596,Performance Issue,Medium,In Progress,False,-1.0,1.0,2025-09-24 00:00:00
TCK-0596-05,CUST-0596,Performance Issue,Urgent,In Progress,True,-1.0,1.0,2025-04-06 00:00:00
TCK-0596-06,CUST-0596,Performance Issue,Medium,Resolved,False,20.4,4.0,2025-12-08 00:00:00
TCK-0596-07,CUST-0596,Technical Bug,High,Closed,False,22.6,5.0,2026-04-09 00:00:00
TCK-0596-08,CUST-0596,Technical Bug,Medium,Closed,False,6.4,5.0,2025-09-22 00:00:00
TCK-0596-09,CUST-0596,Technical Bug,High,In Progress,True,-1.0,1.0,2026-02-24 00:00:00
TCK-0596-10,CUST-0596,Feature Request,High,Escalation Pending,False,-1.0,2.0,2025-11-20 00:00:00
TCK-0597-01,CUST-0597,Account Access,Low,Closed,False,9.5,3.0,2026-04-07 00:00:00
TCK-0597-02,CUST-0597,Technical Bug,High,Escalation Pending,False,-1.0,3.0,2025-10-16 00:00:00
TCK-0597-03,CUST-0597,Technical Bug,Urgent,Escalation Pending,False,-1.0,2.0,2026-03-28 00:00:00
TCK-0597-04,CUST-0597,Technical Bug,High,Escalation Pending,False,-1.0,2.0,2026-03-29 00:00:00
TCK-0597-05,CUST-0597,Billing,High,Closed,False,2.3,5.0,2026-03-01 00:00:00
TCK-0597-06,CUST-0597,Technical Bug,Urgent,In Progress,True,-1.0,2.0,2026-05-05 00:00:00
TCK-0597-07,CUST-0597,Feature Request,Urgent,In Progress,False,-1.0,2.0,2025-10-20 00:00:00
TCK-0598-01,CUST-0598,Account Access,Urgent,Resolved,False,3.8,4.0,2025-10-21 00:00:00
TCK-0598-02,CUST-0598,Feature Request,Low,Escalation Pending,False,-1.0,2.0,2026-04-01 00:00:00
TCK-0598-03,CUST-0598,Feature Request,High,In Progress,True,-1.0,1.0,2026-06-29 00:00:00
TCK-0599-01,CUST-0599,Performance Issue,Medium,Closed,False,23.3,5.0,2026-04-08 00:00:00
TCK-0599-02,CUST-0599,Feature Request,High,In Progress,True,-1.0,2.0,2026-06-23 00:00:00
TCK-0599-03,CUST-0599,Billing,High,Escalation Pending,False,-1.0,3.0,2026-03-22 00:00:00
TCK-0599-04,CUST-0599,Technical Bug,Urgent,Resolved,True,11.5,3.0,2026-06-18 00:00:00
TCK-0599-05,CUST-0599,Account Access,Medium,Escalation Pending,False,-1.0,1.0,2026-01-27 00:00:00
TCK-0599-06,CUST-0599,Performance Issue,Medium,Escalation Pending,False,-1.0,1.0,2025-10-31 00:00:00
TCK-0600-01,CUST-0600,Feature Request,Urgent,Escalation Pending,False,-1.0,2.0,2026-06-24 00:00:00
TCK-0600-02,CUST-0600,Billing,Urgent,Closed,False,38.2,5.0,2026-02-06 00:00:00
TCK-0600-03,CUST-0600,Feature Request,Low,Closed,False,9.1,5.0,2026-01-25 00:00:00
TCK-0600-04,CUST-0600,Billing,Low,Resolved,True,20.7,1.0,2026-05-16 00:00:00
TCK-0600-05,CUST-0600,Performance Issue,Urgent,Resolved,False,69.7,4.0,2025-10-04 00:00:00
TCK-0600-06,CUST-0600,Account Access,High,Escalation Pending,True,-1.0,2.0,2026-04-01 00:00:00
TCK-0600-07,CUST-0600,Performance Issue,Urgent,Resolved,False,64.4,5.0,2026-03-20 00:00:00
TCK-0601-01,CUST-0601,Technical Bug,High,Escalation Pending,False,-1.0,3.0,2026-06-19 00:00:00
TCK-0601-02,CUST-0601,Technical Bug,Medium,Resolved,False,16.8,4.0,2025-09-14 00:00:00
TCK-0601-03,CUST-0601,Technical Bug,High,Escalation Pending,False,-1.0,1.0,2026-02-05 00:00:00
TCK-0601-04,CUST-0601,Billing,Urgent,Resolved,False,64.0,5.0,2025-10-27 00:00:00
TCK-0601-05,CUST-0601,Account Access,Urgent,Escalation Pending,False,-1.0,1.0,2026-05-17 00:00:00
TCK-0601-06,CUST-0601,Feature Request,Medium,Escalation Pending,False,-1.0,2.0,2026-03-08 00:00:00
TCK-0602-01,CUST-0602,Account Access,Urgent,In Progress,False,-1.0,3.0,2026-01-26 00:00:00
TCK-0602-02,CUST-0602,Account Access,Medium,In Progress,False,-1.0,1.0,2026-03-09 00:00:00
TCK-0602-03,CUST-0602,Technical Bug,Urgent,In Progress,False,-1.0,1.0,2026-01-09 00:00:00
TCK-0602-04,CUST-0602,Feature Request,Urgent,Escalation Pending,False,-1.0,2.0,2025-09-21 00:00:00
TCK-0602-05,CUST-0602,Account Access,Medium,Escalation Pending,True,-1.0,2.0,2026-05-06 00:00:00
TCK-0602-06,CUST-0602,Account Access,Low,Escalation Pending,False,-1.0,2.0,2025-12-20 00:00:00
TCK-0602-07,CUST-0602,Account Access,Low,Escalation Pending,True,-1.0,1.0,2025-12-24 00:00:00
TCK-0602-08,CUST-0602,Billing,Low,Resolved,False,14.6,5.0,2025-09-26 00:00:00
TCK-0602-09,CUST-0602,Feature Request,High,Closed,False,19.0,5.0,2026-01-21 00:00:00
TCK-0603-01,CUST-0603,Technical Bug,Medium,Escalation Pending,False,-1.0,1.0,2026-05-15 00:00:00
TCK-0603-02,CUST-0603,Billing,Low,Resolved,True,20.8,3.0,2025-08-05 00:00:00
TCK-0603-03,CUST-0603,Billing,Low,In Progress,False,-1.0,3.0,2026-06-01 00:00:00
TCK-0603-04,CUST-0603,Account Access,Urgent,Escalation Pending,True,-1.0,2.0,2025-08-06 00:00:00
TCK-0604-01,CUST-0604,Feature Request,Urgent,In Progress,True,-1.0,2.0,2026-04-05 00:00:00
TCK-0604-02,CUST-0604,Feature Request,Low,Escalation Pending,False,-1.0,3.0,2026-04-25 00:00:00
TCK-0604-03,CUST-0604,Billing,High,Escalation Pending,False,-1.0,2.0,2026-03-03 00:00:00
TCK-0604-04,CUST-0604,Performance Issue,Medium,Resolved,False,18.3,4.0,2026-02-23 00:00:00
TCK-0604-05,CUST-0604,Feature Request,High,In Progress,False,-1.0,1.0,2026-05-15 00:00:00
TCK-0604-06,CUST-0604,Performance Issue,Low,Closed,False,17.4,4.0,2025-08-20 00:00:00
TCK-0605-01,CUST-0605,Account Access,Urgent,Escalation Pending,False,-1.0,1.0,2025-06-18 00:00:00
TCK-0605-02,CUST-0605,Billing,High,Resolved,True,17.1,1.0,2026-02-11 00:00:00
TCK-0605-03,CUST-0605,Feature Request,Low,In Progress,False,-1.0,2.0,2025-09-16 00:00:00
TCK-0605-04,CUST-0605,Technical Bug,Low,In Progress,False,-1.0,1.0,2025-10-04 00:00:00
TCK-0605-05,CUST-0605,Feature Request,High,Closed,False,2.2,5.0,2025-10-05 00:00:00
TCK-0605-06,CUST-0605,Account Access,Low,Closed,True,22.2,1.0,2026-06-10 00:00:00
TCK-0605-07,CUST-0605,Feature Request,Medium,Resolved,False,13.8,5.0,2026-03-09 00:00:00
TCK-0606-01,CUST-0606,Technical Bug,High,Closed,True,2.6,2.0,2026-01-04 00:00:00
TCK-0606-02,CUST-0606,Account Access,Medium,Escalation Pending,False,-1.0,2.0,2026-01-14 00:00:00
TCK-0606-03,CUST-0606,Billing,High,In Progress,True,-1.0,3.0,2025-07-10 00:00:00
TCK-0607-01,CUST-0607,Account Access,Low,Escalation Pending,False,-1.0,2.0,2026-02-04 00:00:00
TCK-0607-02,CUST-0607,Performance Issue,Low,In Progress,False,-1.0,3.0,2025-08-01 00:00:00
TCK-0607-03,CUST-0607,Technical Bug,Medium,Resolved,False,14.9,5.0,2025-05-04 00:00:00
TCK-0607-04,CUST-0607,Performance Issue,Low,Closed,False,23.1,3.0,2025-10-22 00:00:00
TCK-0607-05,CUST-0607,Feature Request,Medium,Closed,False,8.9,4.0,2025-05-16 00:00:00
TCK-0607-06,CUST-0607,Performance Issue,High,Closed,False,70.5,3.0,2025-05-15 00:00:00
TCK-0607-07,CUST-0607,Technical Bug,Low,Closed,False,12.4,4.0,2025-11-29 00:00:00
TCK-0607-08,CUST-0607,Billing,Low,Escalation Pending,True,-1.0,1.0,2025-08-20 00:00:00
TCK-0607-09,CUST-0607,Technical Bug,Low,In Progress,False,-1.0,2.0,2025-08-19 00:00:00
TCK-0607-10,CUST-0607,Billing,Low,Resolved,True,6.2,2.0,2025-11-30 00:00:00
TCK-0608-01,CUST-0608,Performance Issue,Urgent,In Progress,False,-1.0,3.0,2026-03-22 00:00:00
TCK-0608-02,CUST-0608,Account Access,High,Escalation Pending,False,-1.0,1.0,2026-03-12 00:00:00
TCK-0609-01,CUST-0609,Technical Bug,Urgent,In Progress,False,-1.0,2.0,2025-06-23 00:00:00
TCK-0609-02,CUST-0609,Billing,Urgent,Resolved,True,67.4,3.0,2026-05-22 00:00:00
TCK-0609-03,CUST-0609,Billing,Low,Resolved,False,22.2,5.0,2026-02-28 00:00:00
TCK-0610-01,CUST-0610,Technical Bug,High,Resolved,True,30.3,1.0,2026-04-29 00:00:00
TCK-0610-02,CUST-0610,Performance Issue,Medium,Resolved,False,15.9,5.0,2026-03-29 00:00:00
TCK-0610-03,CUST-0610,Feature Request,Medium,Escalation Pending,False,-1.0,3.0,2026-04-11 00:00:00
TCK-0610-04,CUST-0610,Technical Bug,Low,In Progress,False,-1.0,2.0,2025-11-11 00:00:00
TCK-0611-01,CUST-0611,Technical Bug,Medium,Escalation Pending,False,-1.0,1.0,2026-06-26 00:00:00
TCK-0611-02,CUST-0611,Technical Bug,Medium,Resolved,False,23.1,5.0,2025-11-14 00:00:00
TCK-0611-03,CUST-0611,Performance Issue,High,Closed,False,19.8,4.0,2026-04-11 00:00:00
TCK-0611-04,CUST-0611,Feature Request,Low,In Progress,False,-1.0,1.0,2025-11-29 00:00:00
TCK-0611-05,CUST-0611,Account Access,Medium,Resolved,False,9.3,3.0,2026-06-27 00:00:00
TCK-0611-06,CUST-0611,Technical Bug,Urgent,Escalation Pending,True,-1.0,1.0,2025-11-25 00:00:00
TCK-0611-07,CUST-0611,Performance Issue,Low,Closed,False,7.8,5.0,2025-12-31 00:00:00
TCK-0611-08,CUST-0611,Account Access,Urgent,Escalation Pending,True,-1.0,3.0,2026-05-07 00:00:00
TCK-0611-09,CUST-0611,Account Access,Low,Resolved,False,7.7,3.0,2026-05-21 00:00:00
TCK-0612-01,CUST-0612,Account Access,Urgent,Closed,False,38.0,5.0,2026-04-17 00:00:00
TCK-0612-02,CUST-0612,Performance Issue,Urgent,Escalation Pending,False,-1.0,2.0,2026-02-22 00:00:00
TCK-0612-03,CUST-0612,Performance Issue,Medium,Escalation Pending,True,-1.0,3.0,2025-08-15 00:00:00
TCK-0612-04,CUST-0612,Feature Request,Medium,Closed,False,20.6,3.0,2025-09-03 00:00:00
TCK-0612-05,CUST-0612,Billing,Medium,Resolved,False,22.3,5.0,2026-05-17 00:00:00
TCK-0612-06,CUST-0612,Account Access,Urgent,Resolved,False,54.8,3.0,2025-11-06 00:00:00
TCK-0612-07,CUST-0612,Performance Issue,Low,Resolved,False,18.7,5.0,2026-04-12 00:00:00
TCK-0613-01,CUST-0613,Billing,Low,Resolved,True,23.1,1.0,2025-11-03 00:00:00
TCK-0613-02,CUST-0613,Feature Request,Medium,In Progress,False,-1.0,1.0,2026-06-10 00:00:00
TCK-0613-03,CUST-0613,Feature Request,Urgent,Resolved,True,59.4,2.0,2026-06-07 00:00:00
TCK-0613-04,CUST-0613,Technical Bug,Medium,Escalation Pending,False,-1.0,2.0,2025-06-03 00:00:00
TCK-0613-05,CUST-0613,Performance Issue,High,Escalation Pending,False,-1.0,3.0,2026-02-24 00:00:00
TCK-0613-06,CUST-0613,Feature Request,High,Closed,False,43.5,4.0,2025-12-04 00:00:00
TCK-0614-01,CUST-0614,Billing,Medium,In Progress,True,-1.0,1.0,2025-10-24 00:00:00
TCK-0614-02,CUST-0614,Feature Request,High,In Progress,False,-1.0,3.0,2026-05-07 00:00:00
TCK-0615-01,CUST-0615,Account Access,Medium,In Progress,False,-1.0,3.0,2025-12-15 00:00:00
TCK-0615-02,CUST-0615,Performance Issue,High,Escalation Pending,False,-1.0,2.0,2025-10-08 00:00:00
TCK-0615-03,CUST-0615,Billing,Medium,Closed,False,3.8,5.0,2026-01-06 00:00:00
TCK-0615-04,CUST-0615,Account Access,High,Closed,False,66.7,5.0,2025-12-12 00:00:00
TCK-0615-05,CUST-0615,Performance Issue,Urgent,Resolved,False,69.7,3.0,2026-06-15 00:00:00
TCK-0615-06,CUST-0615,Account Access,Urgent,Closed,False,32.0,5.0,2025-09-24 00:00:00
TCK-0616-01,CUST-0616,Account Access,Urgent,In Progress,False,-1.0,1.0,2025-12-22 00:00:00
TCK-0616-02,CUST-0616,Feature Request,High,Escalation Pending,False,-1.0,2.0,2026-03-20 00:00:00
TCK-0616-03,CUST-0616,Performance Issue,Urgent,Resolved,True,65.9,1.0,2026-04-07 00:00:00
TCK-0616-04,CUST-0616,Technical Bug,High,Closed,False,6.3,3.0,2026-01-10 00:00:00
TCK-0616-05,CUST-0616,Technical Bug,Low,In Progress,True,-1.0,3.0,2026-02-20 00:00:00
TCK-0617-01,CUST-0617,Technical Bug,High,Closed,False,35.6,5.0,2026-03-04 00:00:00
TCK-0617-02,CUST-0617,Billing,High,Resolved,False,68.8,3.0,2025-10-12 00:00:00
TCK-0617-03,CUST-0617,Billing,Medium,In Progress,True,-1.0,3.0,2025-05-27 00:00:00
TCK-0617-04,CUST-0617,Billing,High,Escalation Pending,False,-1.0,3.0,2025-09-25 00:00:00
TCK-0617-05,CUST-0617,Account Access,Urgent,Escalation Pending,False,-1.0,1.0,2025-11-18 00:00:00
TCK-0617-06,CUST-0617,Account Access,High,Resolved,True,26.2,3.0,2025-08-11 00:00:00
TCK-0617-07,CUST-0617,Feature Request,Low,Escalation Pending,False,-1.0,2.0,2025-10-08 00:00:00
TCK-0617-08,CUST-0617,Feature Request,Medium,Resolved,False,15.8,4.0,2025-12-13 00:00:00
TCK-0617-09,CUST-0617,Account Access,Low,Closed,False,17.6,5.0,2025-12-20 00:00:00
TCK-0617-10,CUST-0617,Feature Request,Medium,In Progress,False,-1.0,3.0,2025-06-15 00:00:00
TCK-0618-01,CUST-0618,Technical Bug,Low,Escalation Pending,False,-1.0,2.0,2025-10-03 00:00:00
TCK-0618-02,CUST-0618,Performance Issue,Medium,Closed,True,10.5,2.0,2025-09-03 00:00:00
TCK-0618-03,CUST-0618,Technical Bug,High,In Progress,False,-1.0,2.0,2026-05-11 00:00:00
TCK-0618-04,CUST-0618,Feature Request,Low,Resolved,False,20.3,5.0,2025-06-04 00:00:00
TCK-0618-05,CUST-0618,Performance Issue,Low,Resolved,False,12.0,5.0,2025-10-29 00:00:00
TCK-0618-06,CUST-0618,Billing,Medium,In Progress,False,-1.0,2.0,2025-06-11 00:00:00
TCK-0618-07,CUST-0618,Account Access,Medium,Resolved,False,11.4,5.0,2026-03-06 00:00:00
TCK-0618-08,CUST-0618,Performance Issue,Medium,Closed,False,13.4,5.0,2026-03-28 00:00:00
TCK-0618-09,CUST-0618,Performance Issue,Urgent,Escalation Pending,True,-1.0,2.0,2025-10-19 00:00:00
TCK-0618-10,CUST-0618,Feature Request,High,Resolved,False,35.7,5.0,2025-10-06 00:00:00
TCK-0619-01,CUST-0619,Performance Issue,Urgent,Resolved,False,25.5,5.0,2026-06-08 00:00:00
TCK-0619-02,CUST-0619,Performance Issue,Medium,Resolved,False,20.3,5.0,2026-05-23 00:00:00
TCK-0619-03,CUST-0619,Performance Issue,Low,Closed,False,8.6,3.0,2025-10-19 00:00:00
TCK-0619-04,CUST-0619,Technical Bug,High,Escalation Pending,False,-1.0,1.0,2025-05-21 00:00:00
TCK-0619-05,CUST-0619,Billing,Low,In Progress,True,-1.0,3.0,2025-09-01 00:00:00
TCK-0619-06,CUST-0619,Feature Request,Urgent,In Progress,False,-1.0,3.0,2025-09-06 00:00:00
TCK-0619-07,CUST-0619,Technical Bug,Low,In Progress,False,-1.0,3.0,2026-01-24 00:00:00
TCK-0619-08,CUST-0619,Feature Request,Medium,In Progress,False,-1.0,2.0,2026-01-06 00:00:00
TCK-0620-01,CUST-0620,Billing,Urgent,In Progress,False,-1.0,2.0,2025-12-26 00:00:00
TCK-0620-02,CUST-0620,Performance Issue,High,Closed,True,39.5,2.0,2026-03-05 00:00:00
TCK-0620-03,CUST-0620,Performance Issue,Low,In Progress,False,-1.0,2.0,2026-02-09 00:00:00
TCK-0620-04,CUST-0620,Feature Request,High,Resolved,False,47.8,5.0,2025-09-30 00:00:00
TCK-0620-05,CUST-0620,Technical Bug,High,Resolved,False,56.4,5.0,2025-12-02 00:00:00
TCK-0620-06,CUST-0620,Technical Bug,Medium,In Progress,False,-1.0,2.0,2025-09-08 00:00:00
TCK-0621-01,CUST-0621,Account Access,Urgent,Escalation Pending,False,-1.0,3.0,2025-12-20 00:00:00
TCK-0621-02,CUST-0621,Account Access,Low,In Progress,False,-1.0,3.0,2026-02-07 00:00:00
TCK-0621-03,CUST-0621,Billing,Medium,In Progress,False,-1.0,2.0,2026-03-11 00:00:00
TCK-0622-01,CUST-0622,Billing,Low,Resolved,False,16.5,3.0,2025-09-10 00:00:00
TCK-0622-02,CUST-0622,Feature Request,Low,Escalation Pending,False,-1.0,3.0,2026-06-14 00:00:00
TCK-0622-03,CUST-0622,Account Access,Low,Escalation Pending,False,-1.0,3.0,2026-05-20 00:00:00
TCK-0623-01,CUST-0623,Technical Bug,Low,In Progress,False,-1.0,3.0,2026-04-11 00:00:00
TCK-0623-02,CUST-0623,Technical Bug,Urgent,Closed,False,26.7,4.0,2026-04-01 00:00:00
TCK-0623-03,CUST-0623,Feature Request,Urgent,In Progress,False,-1.0,3.0,2026-04-04 00:00:00
TCK-0623-04,CUST-0623,Account Access,Urgent,Resolved,True,33.8,1.0,2025-11-21 00:00:00
TCK-0623-05,CUST-0623,Performance Issue,Medium,Resolved,False,23.3,4.0,2026-04-07 00:00:00
TCK-0623-06,CUST-0623,Account Access,Low,Resolved,False,3.6,4.0,2025-03-17 00:00:00
TCK-0623-07,CUST-0623,Performance Issue,Urgent,In Progress,False,-1.0,1.0,2025-10-31 00:00:00
TCK-0623-08,CUST-0623,Account Access,Medium,Closed,False,8.9,5.0,2025-10-05 00:00:00
TCK-0624-01,CUST-0624,Feature Request,Medium,Escalation Pending,False,-1.0,2.0,2025-06-13 00:00:00
TCK-0624-02,CUST-0624,Feature Request,Low,In Progress,False,-1.0,1.0,2026-03-08 00:00:00
TCK-0625-01,CUST-0625,Performance Issue,Urgent,Resolved,False,8.2,4.0,2025-06-16 00:00:00
TCK-0625-02,CUST-0625,Technical Bug,Medium,Closed,True,9.1,1.0,2026-02-26 00:00:00
TCK-0625-03,CUST-0625,Billing,Low,Closed,False,20.5,5.0,2026-03-15 00:00:00
TCK-0625-04,CUST-0625,Account Access,Urgent,In Progress,False,-1.0,2.0,2026-02-21 00:00:00
TCK-0626-01,CUST-0626,Billing,High,Escalation Pending,True,-1.0,2.0,2025-06-03 00:00:00
TCK-0626-02,CUST-0626,Performance Issue,Low,Closed,False,3.3,3.0,2026-02-15 00:00:00
TCK-0626-03,CUST-0626,Performance Issue,Medium,Escalation Pending,False,-1.0,3.0,2025-07-31 00:00:00
TCK-0626-04,CUST-0626,Billing,High,Resolved,False,20.2,4.0,2025-05-22 00:00:00
TCK-0626-05,CUST-0626,Billing,Low,Closed,True,6.4,2.0,2025-07-13 00:00:00
TCK-0626-06,CUST-0626,Billing,Low,Escalation Pending,True,-1.0,1.0,2025-12-01 00:00:00
TCK-0626-07,CUST-0626,Technical Bug,Urgent,Resolved,True,37.6,2.0,2026-06-13 00:00:00
TCK-0626-08,CUST-0626,Account Access,Urgent,Resolved,False,53.3,3.0,2025-09-30 00:00:00
TCK-0626-09,CUST-0626,Feature Request,Urgent,Closed,True,56.3,2.0,2025-05-11 00:00:00
TCK-0626-10,CUST-0626,Performance Issue,High,Escalation Pending,True,-1.0,3.0,2025-11-01 00:00:00
TCK-0627-01,CUST-0627,Performance Issue,Urgent,In Progress,False,-1.0,1.0,2026-02-06 00:00:00
TCK-0627-02,CUST-0627,Feature Request,Medium,Closed,True,10.5,2.0,2026-04-26 00:00:00
TCK-0627-03,CUST-0627,Account Access,Urgent,Escalation Pending,True,-1.0,2.0,2025-10-25 00:00:00
TCK-0627-04,CUST-0627,Billing,Low,In Progress,False,-1.0,3.0,2026-05-11 00:00:00
TCK-0627-05,CUST-0627,Technical Bug,Low,In Progress,False,-1.0,3.0,2025-06-11 00:00:00
TCK-0627-06,CUST-0627,Performance Issue,Urgent,Closed,False,22.9,5.0,2026-04-29 00:00:00
TCK-0627-07,CUST-0627,Billing,Urgent,Resolved,False,40.7,5.0,2026-03-08 00:00:00
TCK-0627-08,CUST-0627,Performance Issue,Low,Closed,False,14.8,5.0,2025-05-31 00:00:00
TCK-0627-09,CUST-0627,Feature Request,High,In Progress,True,-1.0,1.0,2025-06-29 00:00:00
TCK-0627-10,CUST-0627,Performance Issue,Medium,Escalation Pending,False,-1.0,3.0,2025-08-04 00:00:00
TCK-0628-01,CUST-0628,Performance Issue,Urgent,In Progress,False,-1.0,3.0,2025-08-11 00:00:00
TCK-0628-02,CUST-0628,Technical Bug,Medium,In Progress,False,-1.0,3.0,2025-12-02 00:00:00
TCK-0629-01,CUST-0629,Feature Request,High,In Progress,False,-1.0,1.0,2025-10-16 00:00:00
TCK-0629-02,CUST-0629,Account Access,High,Escalation Pending,False,-1.0,3.0,2025-06-04 00:00:00
TCK-0630-01,CUST-0630,Billing,Low,Closed,True,6.2,3.0,2025-07-31 00:00:00
TCK-0630-02,CUST-0630,Account Access,Urgent,Resolved,False,67.2,5.0,2026-04-01 00:00:00
TCK-0630-03,CUST-0630,Performance Issue,Urgent,Escalation Pending,True,-1.0,1.0,2026-04-26 00:00:00
TCK-0630-04,CUST-0630,Feature Request,Low,In Progress,False,-1.0,2.0,2025-10-26 00:00:00
TCK-0630-05,CUST-0630,Feature Request,Low,In Progress,False,-1.0,1.0,2025-04-19 00:00:00
TCK-0630-06,CUST-0630,Account Access,Urgent,Resolved,True,69.4,2.0,2025-11-15 00:00:00
TCK-0631-01,CUST-0631,Feature Request,High,Escalation Pending,True,-1.0,2.0,2025-12-24 00:00:00
TCK-0631-02,CUST-0631,Feature Request,Urgent,Resolved,False,29.1,4.0,2025-10-09 00:00:00
TCK-0631-03,CUST-0631,Account Access,Urgent,Closed,False,61.0,5.0,2026-05-28 00:00:00
TCK-0631-04,CUST-0631,Technical Bug,Low,Closed,False,7.8,5.0,2026-05-22 00:00:00
TCK-0631-05,CUST-0631,Feature Request,High,Escalation Pending,False,-1.0,2.0,2025-10-25 00:00:00
TCK-0631-06,CUST-0631,Billing,Low,In Progress,True,-1.0,3.0,2025-05-26 00:00:00
TCK-0631-07,CUST-0631,Performance Issue,High,Escalation Pending,False,-1.0,3.0,2026-06-18 00:00:00
TCK-0631-08,CUST-0631,Technical Bug,Low,In Progress,False,-1.0,2.0,2025-05-14 00:00:00
TCK-0631-09,CUST-0631,Account Access,High,Resolved,True,33.9,3.0,2025-11-04 00:00:00
TCK-0632-01,CUST-0632,Feature Request,High,In Progress,False,-1.0,2.0,2026-03-04 00:00:00
TCK-0632-02,CUST-0632,Feature Request,High,Escalation Pending,False,-1.0,1.0,2025-11-30 00:00:00
TCK-0632-03,CUST-0632,Feature Request,Medium,In Progress,False,-1.0,2.0,2025-09-18 00:00:00
TCK-0632-04,CUST-0632,Technical Bug,Low,In Progress,False,-1.0,3.0,2026-03-19 00:00:00
TCK-0632-05,CUST-0632,Performance Issue,High,Resolved,False,61.0,5.0,2025-12-08 00:00:00
TCK-0632-06,CUST-0632,Feature Request,Low,Closed,False,22.5,5.0,2025-09-23 00:00:00
TCK-0632-07,CUST-0632,Performance Issue,Urgent,Escalation Pending,False,-1.0,2.0,2026-03-16 00:00:00
TCK-0632-08,CUST-0632,Feature Request,Low,Closed,False,14.5,5.0,2025-11-18 00:00:00
TCK-0632-09,CUST-0632,Feature Request,Medium,Closed,False,21.3,5.0,2025-10-11 00:00:00
TCK-0633-01,CUST-0633,Technical Bug,Urgent,Resolved,True,30.5,3.0,2025-09-27 00:00:00
TCK-0633-02,CUST-0633,Account Access,Medium,Closed,False,17.1,4.0,2025-07-30 00:00:00
TCK-0633-03,CUST-0633,Technical Bug,Medium,Closed,False,7.5,5.0,2025-07-15 00:00:00
TCK-0634-01,CUST-0634,Feature Request,High,Closed,False,25.9,5.0,2025-10-10 00:00:00
TCK-0634-02,CUST-0634,Technical Bug,High,In Progress,True,-1.0,1.0,2025-12-30 00:00:00
TCK-0635-01,CUST-0635,Account Access,Urgent,In Progress,False,-1.0,1.0,2025-12-06 00:00:00
TCK-0635-02,CUST-0635,Billing,Low,In Progress,True,-1.0,2.0,2026-03-21 00:00:00
TCK-0635-03,CUST-0635,Technical Bug,Low,Escalation Pending,False,-1.0,2.0,2026-03-16 00:00:00
TCK-0635-04,CUST-0635,Technical Bug,High,Resolved,True,35.6,2.0,2026-05-29 00:00:00
TCK-0635-05,CUST-0635,Performance Issue,Urgent,Closed,True,4.9,3.0,2025-12-18 00:00:00
TCK-0635-06,CUST-0635,Technical Bug,Low,Resolved,False,22.2,3.0,2025-11-29 00:00:00
TCK-0635-07,CUST-0635,Performance Issue,High,Escalation Pending,False,-1.0,1.0,2025-12-19 00:00:00
TCK-0636-01,CUST-0636,Technical Bug,High,Escalation Pending,False,-1.0,1.0,2025-12-02 00:00:00
TCK-0636-02,CUST-0636,Billing,Urgent,Escalation Pending,False,-1.0,2.0,2025-07-13 00:00:00
TCK-0636-03,CUST-0636,Billing,Urgent,Closed,True,55.2,3.0,2025-11-22 00:00:00
TCK-0636-04,CUST-0636,Performance Issue,Low,Resolved,False,9.1,3.0,2025-05-12 00:00:00
TCK-0636-05,CUST-0636,Performance Issue,Urgent,Resolved,True,12.5,1.0,2025-04-26 00:00:00
TCK-0636-06,CUST-0636,Technical Bug,Low,Escalation Pending,True,-1.0,2.0,2025-07-12 00:00:00
TCK-0637-01,CUST-0637,Billing,High,Closed,False,63.2,5.0,2026-02-08 00:00:00
TCK-0637-02,CUST-0637,Billing,Low,Escalation Pending,False,-1.0,3.0,2026-02-24 00:00:00
TCK-0637-03,CUST-0637,Performance Issue,Urgent,Closed,True,59.8,1.0,2026-05-31 00:00:00
TCK-0638-01,CUST-0638,Technical Bug,Low,In Progress,False,-1.0,3.0,2026-06-15 00:00:00
TCK-0638-02,CUST-0638,Technical Bug,Medium,Closed,False,10.8,3.0,2026-05-12 00:00:00
TCK-0638-03,CUST-0638,Billing,Low,In Progress,False,-1.0,2.0,2025-12-23 00:00:00
TCK-0638-04,CUST-0638,Technical Bug,Medium,Resolved,False,7.9,5.0,2026-06-19 00:00:00
TCK-0638-05,CUST-0638,Billing,Urgent,In Progress,True,-1.0,1.0,2025-11-29 00:00:00
TCK-0639-01,CUST-0639,Billing,Medium,Closed,True,14.1,3.0,2025-09-05 00:00:00
TCK-0639-02,CUST-0639,Technical Bug,Medium,Closed,False,23.3,5.0,2026-05-13 00:00:00
TCK-0639-03,CUST-0639,Billing,High,Closed,False,54.8,5.0,2025-11-22 00:00:00
TCK-0639-04,CUST-0639,Technical Bug,Low,In Progress,False,-1.0,2.0,2026-04-28 00:00:00
TCK-0639-05,CUST-0639,Billing,Low,Closed,False,19.6,5.0,2025-04-20 00:00:00
TCK-0639-06,CUST-0639,Account Access,Medium,Escalation Pending,False,-1.0,2.0,2026-05-08 00:00:00
TCK-0639-07,CUST-0639,Feature Request,High,Resolved,False,71.6,5.0,2026-06-20 00:00:00
TCK-0640-01,CUST-0640,Technical Bug,High,Closed,False,50.5,4.0,2025-08-24 00:00:00
TCK-0640-02,CUST-0640,Performance Issue,Urgent,Closed,False,55.2,5.0,2026-03-21 00:00:00
TCK-0640-03,CUST-0640,Feature Request,Urgent,In Progress,True,-1.0,2.0,2025-06-29 00:00:00
TCK-0640-04,CUST-0640,Account Access,Medium,In Progress,False,-1.0,2.0,2026-02-05 00:00:00
TCK-0640-05,CUST-0640,Feature Request,Urgent,Escalation Pending,True,-1.0,2.0,2025-11-22 00:00:00
TCK-0640-06,CUST-0640,Billing,High,In Progress,False,-1.0,1.0,2026-06-24 00:00:00
TCK-0640-07,CUST-0640,Performance Issue,Low,Resolved,False,18.8,4.0,2025-08-09 00:00:00
TCK-0640-08,CUST-0640,Performance Issue,Low,Closed,False,8.4,5.0,2025-04-18 00:00:00
TCK-0641-01,CUST-0641,Account Access,Urgent,Escalation Pending,True,-1.0,1.0,2025-11-25 00:00:00
TCK-0641-02,CUST-0641,Technical Bug,Urgent,Closed,False,10.8,5.0,2025-07-11 00:00:00
TCK-0641-03,CUST-0641,Billing,Medium,Closed,False,3.2,3.0,2025-11-05 00:00:00
TCK-0641-04,CUST-0641,Billing,Low,Closed,False,12.3,3.0,2025-05-31 00:00:00
TCK-0641-05,CUST-0641,Feature Request,Medium,Escalation Pending,False,-1.0,2.0,2025-04-12 00:00:00
TCK-0641-06,CUST-0641,Account Access,Urgent,In Progress,False,-1.0,2.0,2025-02-17 00:00:00
TCK-0641-07,CUST-0641,Billing,Low,Closed,False,22.2,4.0,2025-09-14 00:00:00
TCK-0641-08,CUST-0641,Account Access,High,In Progress,False,-1.0,1.0,2025-07-15 00:00:00
TCK-0642-01,CUST-0642,Billing,High,Resolved,True,57.3,1.0,2026-04-13 00:00:00
TCK-0642-02,CUST-0642,Technical Bug,High,Closed,False,30.2,3.0,2025-09-26 00:00:00
TCK-0642-03,CUST-0642,Technical Bug,Medium,Resolved,False,14.6,3.0,2026-04-14 00:00:00
TCK-0642-04,CUST-0642,Account Access,Urgent,In Progress,False,-1.0,2.0,2025-11-18 00:00:00
TCK-0642-05,CUST-0642,Feature Request,Urgent,In Progress,True,-1.0,2.0,2026-01-16 00:00:00
TCK-0642-06,CUST-0642,Billing,High,Closed,True,10.7,3.0,2026-05-15 00:00:00
TCK-0642-07,CUST-0642,Performance Issue,Medium,Resolved,False,18.2,5.0,2026-03-10 00:00:00
TCK-0642-08,CUST-0642,Account Access,Medium,In Progress,False,-1.0,1.0,2026-06-26 00:00:00
TCK-0642-09,CUST-0642,Feature Request,Low,Closed,False,18.3,4.0,2026-03-01 00:00:00
TCK-0643-01,CUST-0643,Performance Issue,Low,Closed,False,2.4,5.0,2025-08-10 00:00:00
TCK-0643-02,CUST-0643,Account Access,High,Closed,True,5.5,1.0,2025-11-15 00:00:00
TCK-0643-03,CUST-0643,Account Access,Low,Closed,False,8.4,5.0,2025-08-20 00:00:00
TCK-0643-04,CUST-0643,Billing,High,Escalation Pending,True,-1.0,1.0,2025-05-11 00:00:00
TCK-0643-05,CUST-0643,Technical Bug,Medium,In Progress,False,-1.0,1.0,2025-11-03 00:00:00
TCK-0644-01,CUST-0644,Account Access,High,Escalation Pending,True,-1.0,1.0,2026-01-22 00:00:00
TCK-0644-02,CUST-0644,Billing,High,In Progress,True,-1.0,2.0,2026-03-28 00:00:00
TCK-0644-03,CUST-0644,Account Access,Low,Closed,True,10.2,2.0,2025-10-22 00:00:00
TCK-0645-01,CUST-0645,Technical Bug,High,In Progress,False,-1.0,3.0,2026-02-24 00:00:00
TCK-0645-02,CUST-0645,Technical Bug,High,In Progress,False,-1.0,1.0,2025-12-21 00:00:00
TCK-0645-03,CUST-0645,Feature Request,Low,Escalation Pending,False,-1.0,2.0,2025-08-11 00:00:00
TCK-0646-01,CUST-0646,Technical Bug,High,Resolved,False,60.8,5.0,2025-05-31 00:00:00
TCK-0646-02,CUST-0646,Feature Request,Medium,Resolved,False,16.8,5.0,2026-06-30 00:00:00
TCK-0646-03,CUST-0646,Feature Request,Medium,Resolved,False,21.2,3.0,2025-11-20 00:00:00
TCK-0646-04,CUST-0646,Feature Request,Low,In Progress,False,-1.0,1.0,2025-04-28 00:00:00
TCK-0646-05,CUST-0646,Account Access,Urgent,In Progress,False,-1.0,3.0,2026-02-27 00:00:00
TCK-0646-06,CUST-0646,Feature Request,Urgent,Resolved,False,23.4,4.0,2026-03-20 00:00:00
TCK-0646-07,CUST-0646,Feature Request,Low,Resolved,False,18.4,3.0,2025-05-25 00:00:00
TCK-0646-08,CUST-0646,Billing,Low,Escalation Pending,False,-1.0,3.0,2025-05-19 00:00:00
TCK-0646-09,CUST-0646,Billing,Medium,Escalation Pending,False,-1.0,3.0,2025-12-24 00:00:00
TCK-0646-10,CUST-0646,Performance Issue,Low,Closed,False,2.8,5.0,2026-03-02 00:00:00
TCK-0647-01,CUST-0647,Feature Request,High,In Progress,True,-1.0,2.0,2026-05-30 00:00:00
TCK-0647-02,CUST-0647,Billing,High,Escalation Pending,False,-1.0,2.0,2026-02-18 00:00:00
TCK-0647-03,CUST-0647,Performance Issue,Medium,Closed,False,13.5,3.0,2026-03-31 00:00:00
TCK-0647-04,CUST-0647,Technical Bug,Urgent,Resolved,True,52.7,3.0,2025-09-24 00:00:00
TCK-0647-05,CUST-0647,Account Access,Urgent,Closed,True,34.1,2.0,2026-03-01 00:00:00
TCK-0647-06,CUST-0647,Account Access,Low,Closed,False,18.0,3.0,2026-04-28 00:00:00
TCK-0647-07,CUST-0647,Technical Bug,Low,Escalation Pending,False,-1.0,3.0,2026-05-31 00:00:00
TCK-0647-08,CUST-0647,Performance Issue,High,In Progress,True,-1.0,2.0,2025-12-21 00:00:00
TCK-0647-09,CUST-0647,Performance Issue,Medium,Resolved,False,7.7,5.0,2025-12-10 00:00:00
TCK-0647-10,CUST-0647,Performance Issue,Low,Escalation Pending,False,-1.0,3.0,2026-04-18 00:00:00
TCK-0648-01,CUST-0648,Feature Request,High,Resolved,False,26.6,5.0,2026-04-18 00:00:00
TCK-0648-02,CUST-0648,Feature Request,Medium,Closed,False,22.4,3.0,2025-11-06 00:00:00
TCK-0648-03,CUST-0648,Billing,Urgent,Closed,True,3.1,1.0,2025-05-01 00:00:00
TCK-0649-01,CUST-0649,Feature Request,Urgent,Resolved,False,49.4,3.0,2025-11-13 00:00:00
TCK-0649-02,CUST-0649,Feature Request,Urgent,Closed,True,60.8,1.0,2025-11-10 00:00:00
TCK-0649-03,CUST-0649,Account Access,Urgent,Resolved,False,61.6,4.0,2025-09-15 00:00:00
TCK-0649-04,CUST-0649,Billing,Medium,In Progress,False,-1.0,2.0,2025-10-15 00:00:00
TCK-0649-05,CUST-0649,Billing,Low,In Progress,False,-1.0,3.0,2025-05-20 00:00:00
TCK-0649-06,CUST-0649,Performance Issue,Low,Closed,False,14.5,5.0,2025-11-25 00:00:00
TCK-0649-07,CUST-0649,Feature Request,Medium,Escalation Pending,False,-1.0,1.0,2025-10-09 00:00:00
TCK-0649-08,CUST-0649,Feature Request,Low,Resolved,False,6.4,5.0,2025-09-08 00:00:00
TCK-0649-09,CUST-0649,Performance Issue,Medium,Resolved,False,2.6,3.0,2025-09-30 00:00:00
TCK-0650-01,CUST-0650,Account Access,Low,Escalation Pending,False,-1.0,2.0,2025-10-15 00:00:00
TCK-0650-02,CUST-0650,Feature Request,Urgent,Escalation Pending,True,-1.0,3.0,2025-07-29 00:00:00
TCK-0650-03,CUST-0650,Account Access,Low,Escalation Pending,False,-1.0,1.0,2025-06-08 00:00:00
TCK-0650-04,CUST-0650,Account Access,Medium,In Progress,False,-1.0,3.0,2026-02-28 00:00:00
TCK-0650-05,CUST-0650,Billing,Low,Closed,True,2.8,1.0,2025-10-31 00:00:00
TCK-0650-06,CUST-0650,Billing,High,Escalation Pending,False,-1.0,2.0,2025-04-25 00:00:00
TCK-0650-07,CUST-0650,Technical Bug,High,In Progress,True,-1.0,3.0,2025-02-24 00:00:00
TCK-0650-08,CUST-0650,Account Access,Low,Closed,False,19.0,3.0,2025-12-21 00:00:00
TCK-0650-09,CUST-0650,Billing,Urgent,Resolved,False,51.7,3.0,2025-07-14 00:00:00
TCK-0651-01,CUST-0651,Performance Issue,Urgent,Escalation Pending,False,-1.0,1.0,2026-02-21 00:00:00
TCK-0651-02,CUST-0651,Technical Bug,Urgent,In Progress,False,-1.0,3.0,2026-01-29 00:00:00
TCK-0652-01,CUST-0652,Technical Bug,High,Escalation Pending,False,-1.0,1.0,2026-05-19 00:00:00
TCK-0652-02,CUST-0652,Billing,Medium,Closed,False,12.2,5.0,2025-11-17 00:00:00
TCK-0652-03,CUST-0652,Billing,Medium,Resolved,False,22.1,3.0,2026-05-05 00:00:00
TCK-0652-04,CUST-0652,Technical Bug,Urgent,Resolved,False,66.4,3.0,2026-03-19 00:00:00
TCK-0652-05,CUST-0652,Technical Bug,Urgent,Resolved,True,3.7,2.0,2026-06-18 00:00:00
TCK-0652-06,CUST-0652,Billing,Low,Closed,False,18.1,5.0,2026-04-15 00:00:00
TCK-0652-07,CUST-0652,Performance Issue,Medium,Escalation Pending,False,-1.0,2.0,2026-02-24 00:00:00
TCK-0652-08,CUST-0652,Performance Issue,Medium,Resolved,False,6.8,3.0,2025-10-04 00:00:00
TCK-0652-09,CUST-0652,Billing,Medium,Resolved,False,4.4,3.0,2025-10-20 00:00:00
TCK-0652-10,CUST-0652,Billing,High,Closed,False,13.0,3.0,2025-12-27 00:00:00
TCK-0653-01,CUST-0653,Performance Issue,High,Escalation Pending,False,-1.0,2.0,2025-09-22 00:00:00
TCK-0653-02,CUST-0653,Account Access,Urgent,Resolved,False,3.5,3.0,2025-12-14 00:00:00
TCK-0654-01,CUST-0654,Technical Bug,Urgent,Escalation Pending,True,-1.0,3.0,2026-01-16 00:00:00
TCK-0654-02,CUST-0654,Billing,Urgent,Resolved,False,17.6,5.0,2026-01-14 00:00:00
TCK-0654-03,CUST-0654,Account Access,Urgent,Closed,True,19.3,1.0,2025-12-27 00:00:00
TCK-0654-04,CUST-0654,Feature Request,High,Escalation Pending,True,-1.0,2.0,2025-10-07 00:00:00
TCK-0655-01,CUST-0655,Technical Bug,Low,Resolved,False,9.6,5.0,2025-12-21 00:00:00
TCK-0655-02,CUST-0655,Billing,Low,Escalation Pending,True,-1.0,3.0,2026-02-06 00:00:00
TCK-0655-03,CUST-0655,Account Access,Urgent,Closed,False,24.5,5.0,2025-09-08 00:00:00
TCK-0655-04,CUST-0655,Feature Request,High,In Progress,True,-1.0,2.0,2026-01-15 00:00:00
TCK-0655-05,CUST-0655,Performance Issue,Urgent,In Progress,False,-1.0,3.0,2026-03-01 00:00:00
TCK-0655-06,CUST-0655,Performance Issue,High,Resolved,False,34.7,4.0,2026-03-15 00:00:00
TCK-0655-07,CUST-0655,Billing,Low,Escalation Pending,False,-1.0,2.0,2025-08-22 00:00:00
TCK-0656-01,CUST-0656,Technical Bug,Low,Resolved,False,4.4,3.0,2026-01-21 00:00:00
TCK-0656-02,CUST-0656,Billing,Urgent,Resolved,False,21.5,3.0,2025-09-04 00:00:00
TCK-0656-03,CUST-0656,Billing,High,Resolved,True,68.1,2.0,2025-11-27 00:00:00
TCK-0656-04,CUST-0656,Performance Issue,Urgent,Closed,False,18.3,5.0,2026-05-14 00:00:00
TCK-0656-05,CUST-0656,Performance Issue,Urgent,In Progress,False,-1.0,2.0,2025-08-30 00:00:00
TCK-0657-01,CUST-0657,Technical Bug,High,Resolved,True,63.4,1.0,2025-11-29 00:00:00
TCK-0657-02,CUST-0657,Performance Issue,Medium,Escalation Pending,False,-1.0,2.0,2025-08-22 00:00:00
TCK-0657-03,CUST-0657,Feature Request,Low,Escalation Pending,False,-1.0,3.0,2026-04-27 00:00:00
TCK-0657-04,CUST-0657,Technical Bug,Low,Closed,False,23.2,5.0,2026-03-28 00:00:00
TCK-0657-05,CUST-0657,Technical Bug,High,Closed,False,67.0,4.0,2026-01-07 00:00:00
TCK-0658-01,CUST-0658,Feature Request,Low,Resolved,False,23.8,4.0,2025-12-06 00:00:00
TCK-0658-02,CUST-0658,Performance Issue,Medium,Escalation Pending,False,-1.0,3.0,2026-02-03 00:00:00
TCK-0658-03,CUST-0658,Feature Request,Low,In Progress,False,-1.0,2.0,2026-05-01 00:00:00
TCK-0658-04,CUST-0658,Billing,Urgent,In Progress,False,-1.0,2.0,2026-05-26 00:00:00
TCK-0658-05,CUST-0658,Technical Bug,Low,Resolved,False,10.5,5.0,2025-07-31 00:00:00
TCK-0658-06,CUST-0658,Feature Request,Medium,In Progress,False,-1.0,2.0,2026-02-05 00:00:00
TCK-0658-07,CUST-0658,Account Access,Urgent,Escalation Pending,True,-1.0,1.0,2025-09-09 00:00:00
TCK-0658-08,CUST-0658,Account Access,High,Resolved,False,61.3,4.0,2026-05-21 00:00:00
TCK-0658-09,CUST-0658,Technical Bug,High,Escalation Pending,False,-1.0,3.0,2025-09-07 00:00:00
TCK-0658-10,CUST-0658,Performance Issue,Urgent,Closed,False,27.3,4.0,2026-05-24 00:00:00
TCK-0659-01,CUST-0659,Billing,Low,Resolved,False,3.8,5.0,2026-03-15 00:00:00
TCK-0659-02,CUST-0659,Billing,Urgent,Escalation Pending,True,-1.0,1.0,2025-09-26 00:00:00
TCK-0660-01,CUST-0660,Billing,Low,Closed,False,16.4,4.0,2025-11-13 00:00:00
TCK-0660-02,CUST-0660,Account Access,Urgent,Resolved,False,55.5,5.0,2025-10-17 00:00:00
TCK-0660-03,CUST-0660,Technical Bug,Medium,Closed,False,3.6,5.0,2026-01-21 00:00:00
TCK-0660-04,CUST-0660,Account Access,Low,Escalation Pending,False,-1.0,3.0,2025-06-20 00:00:00
TCK-0660-05,CUST-0660,Feature Request,High,Escalation Pending,False,-1.0,1.0,2025-12-22 00:00:00
TCK-0661-01,CUST-0661,Feature Request,Medium,Escalation Pending,False,-1.0,2.0,2025-05-15 00:00:00
TCK-0661-02,CUST-0661,Feature Request,Urgent,Closed,True,60.0,1.0,2025-06-19 00:00:00
TCK-0662-01,CUST-0662,Technical Bug,High,Resolved,False,31.0,5.0,2026-03-16 00:00:00
TCK-0662-02,CUST-0662,Account Access,Low,Closed,False,7.0,3.0,2026-05-25 00:00:00
TCK-0662-03,CUST-0662,Technical Bug,Medium,Closed,False,19.3,4.0,2026-06-27 00:00:00
TCK-0662-04,CUST-0662,Feature Request,Urgent,Closed,False,28.6,4.0,2026-03-30 00:00:00
TCK-0662-05,CUST-0662,Performance Issue,High,In Progress,False,-1.0,1.0,2025-11-09 00:00:00
TCK-0662-06,CUST-0662,Account Access,Medium,Escalation Pending,False,-1.0,2.0,2025-12-16 00:00:00
TCK-0662-07,CUST-0662,Account Access,High,Closed,False,58.1,5.0,2026-05-10 00:00:00
TCK-0662-08,CUST-0662,Feature Request,Low,Resolved,False,3.6,4.0,2025-11-27 00:00:00
TCK-0662-09,CUST-0662,Billing,Urgent,Resolved,True,24.4,2.0,2026-04-08 00:00:00
TCK-0662-10,CUST-0662,Billing,High,In Progress,True,-1.0,3.0,2025-09-03 00:00:00
TCK-0663-01,CUST-0663,Account Access,Low,Resolved,False,17.7,5.0,2026-03-03 00:00:00
TCK-0663-02,CUST-0663,Technical Bug,Urgent,Escalation Pending,True,-1.0,1.0,2026-03-10 00:00:00
TCK-0663-03,CUST-0663,Feature Request,Low,Closed,False,9.1,5.0,2025-04-12 00:00:00
TCK-0663-04,CUST-0663,Performance Issue,Low,In Progress,False,-1.0,2.0,2026-06-13 00:00:00
TCK-0664-01,CUST-0664,Performance Issue,High,Resolved,False,41.5,4.0,2025-11-11 00:00:00
TCK-0664-02,CUST-0664,Feature Request,High,Resolved,False,6.5,4.0,2026-01-20 00:00:00
TCK-0664-03,CUST-0664,Feature Request,Low,Escalation Pending,False,-1.0,1.0,2026-01-01 00:00:00
TCK-0664-04,CUST-0664,Feature Request,Urgent,Resolved,False,9.2,5.0,2026-04-14 00:00:00
TCK-0664-05,CUST-0664,Account Access,Medium,Resolved,False,19.5,3.0,2026-01-05 00:00:00
TCK-0664-06,CUST-0664,Feature Request,Medium,Closed,True,14.7,1.0,2026-05-21 00:00:00
TCK-0664-07,CUST-0664,Account Access,Medium,Closed,False,23.2,4.0,2025-08-29 00:00:00
TCK-0664-08,CUST-0664,Billing,Urgent,Closed,False,7.8,5.0,2025-10-29 00:00:00
TCK-0664-09,CUST-0664,Feature Request,High,In Progress,False,-1.0,3.0,2025-12-29 00:00:00
TCK-0665-01,CUST-0665,Performance Issue,High,Escalation Pending,True,-1.0,2.0,2025-09-23 00:00:00
TCK-0665-02,CUST-0665,Feature Request,Medium,Escalation Pending,False,-1.0,1.0,2026-03-09 00:00:00
TCK-0666-01,CUST-0666,Billing,High,Resolved,False,37.9,5.0,2026-02-04 00:00:00
TCK-0666-02,CUST-0666,Performance Issue,High,Closed,False,32.0,4.0,2025-06-03 00:00:00
TCK-0667-01,CUST-0667,Technical Bug,Medium,Closed,False,18.4,4.0,2025-08-22 00:00:00
TCK-0667-02,CUST-0667,Technical Bug,High,In Progress,False,-1.0,1.0,2026-04-11 00:00:00
TCK-0667-03,CUST-0667,Account Access,Medium,Escalation Pending,False,-1.0,3.0,2025-11-01 00:00:00
TCK-0667-04,CUST-0667,Performance Issue,Low,Resolved,False,21.2,5.0,2025-12-12 00:00:00
TCK-0668-01,CUST-0668,Technical Bug,Medium,In Progress,False,-1.0,2.0,2025-10-27 00:00:00
TCK-0668-02,CUST-0668,Account Access,Low,Escalation Pending,False,-1.0,1.0,2026-01-16 00:00:00
TCK-0669-01,CUST-0669,Account Access,High,Resolved,False,25.0,3.0,2026-06-15 00:00:00
TCK-0669-02,CUST-0669,Feature Request,High,Escalation Pending,True,-1.0,3.0,2026-01-03 00:00:00
TCK-0669-03,CUST-0669,Performance Issue,Low,In Progress,False,-1.0,1.0,2025-12-07 00:00:00
TCK-0669-04,CUST-0669,Account Access,Low,Resolved,False,16.4,5.0,2026-05-08 00:00:00
TCK-0669-05,CUST-0669,Billing,Medium,Closed,True,17.6,2.0,2025-12-28 00:00:00
TCK-0669-06,CUST-0669,Technical Bug,Medium,Resolved,False,9.1,4.0,2026-05-29 00:00:00
TCK-0670-01,CUST-0670,Feature Request,Urgent,In Progress,True,-1.0,3.0,2025-08-22 00:00:00
TCK-0670-02,CUST-0670,Performance Issue,High,Resolved,True,8.1,2.0,2025-07-12 00:00:00
TCK-0670-03,CUST-0670,Account Access,High,Escalation Pending,False,-1.0,1.0,2026-05-20 00:00:00
TCK-0670-04,CUST-0670,Feature Request,Medium,Closed,False,3.8,5.0,2025-11-09 00:00:00
TCK-0670-05,CUST-0670,Performance Issue,Low,Resolved,False,7.6,5.0,2025-02-07 00:00:00
TCK-0670-06,CUST-0670,Performance Issue,Urgent,Escalation Pending,True,-1.0,1.0,2025-12-13 00:00:00
TCK-0671-01,CUST-0671,Performance Issue,Medium,In Progress,True,-1.0,3.0,2025-12-27 00:00:00
TCK-0671-02,CUST-0671,Feature Request,High,Resolved,False,9.5,4.0,2026-01-17 00:00:00
TCK-0671-03,CUST-0671,Performance Issue,Medium,In Progress,True,-1.0,2.0,2026-01-27 00:00:00
TCK-0671-04,CUST-0671,Feature Request,Medium,In Progress,False,-1.0,2.0,2026-06-29 00:00:00
TCK-0671-05,CUST-0671,Billing,Low,Resolved,False,14.1,5.0,2026-02-28 00:00:00
TCK-0671-06,CUST-0671,Performance Issue,Urgent,Resolved,False,57.9,3.0,2025-11-27 00:00:00
TCK-0671-07,CUST-0671,Technical Bug,Medium,Closed,False,6.4,5.0,2025-07-03 00:00:00
TCK-0672-01,CUST-0672,Performance Issue,Medium,Escalation Pending,True,-1.0,2.0,2025-08-25 00:00:00
TCK-0672-02,CUST-0672,Billing,Low,Escalation Pending,False,-1.0,3.0,2026-05-05 00:00:00
TCK-0672-03,CUST-0672,Performance Issue,Medium,In Progress,False,-1.0,3.0,2025-08-27 00:00:00
TCK-0672-04,CUST-0672,Billing,Medium,Escalation Pending,True,-1.0,3.0,2025-11-10 00:00:00
TCK-0673-01,CUST-0673,Feature Request,Low,In Progress,False,-1.0,1.0,2026-06-12 00:00:00
TCK-0673-02,CUST-0673,Feature Request,Medium,Resolved,True,16.2,2.0,2026-02-14 00:00:00
TCK-0673-03,CUST-0673,Feature Request,High,In Progress,False,-1.0,2.0,2026-03-25 00:00:00
TCK-0673-04,CUST-0673,Feature Request,High,In Progress,False,-1.0,2.0,2025-12-11 00:00:00
TCK-0673-05,CUST-0673,Billing,Urgent,Closed,False,54.1,4.0,2026-05-01 00:00:00
TCK-0673-06,CUST-0673,Account Access,High,In Progress,False,-1.0,2.0,2026-04-15 00:00:00
TCK-0673-07,CUST-0673,Performance Issue,Low,Resolved,False,22.6,5.0,2026-02-20 00:00:00
TCK-0673-08,CUST-0673,Account Access,Medium,In Progress,False,-1.0,3.0,2025-11-12 00:00:00
TCK-0673-09,CUST-0673,Feature Request,Urgent,In Progress,False,-1.0,2.0,2026-02-07 00:00:00
TCK-0673-10,CUST-0673,Feature Request,High,Resolved,False,28.5,5.0,2026-02-04 00:00:00
TCK-0674-01,CUST-0674,Feature Request,Urgent,Closed,True,24.1,1.0,2026-01-15 00:00:00
TCK-0674-02,CUST-0674,Billing,Urgent,Closed,False,29.2,4.0,2025-05-08 00:00:00
TCK-0674-03,CUST-0674,Technical Bug,Medium,In Progress,False,-1.0,2.0,2025-02-27 00:00:00
TCK-0674-04,CUST-0674,Technical Bug,Medium,In Progress,False,-1.0,1.0,2026-06-24 00:00:00
TCK-0674-05,CUST-0674,Performance Issue,High,Resolved,False,53.0,4.0,2025-04-06 00:00:00
TCK-0674-06,CUST-0674,Technical Bug,Urgent,Closed,True,34.1,2.0,2026-02-11 00:00:00
TCK-0674-07,CUST-0674,Account Access,Low,Escalation Pending,False,-1.0,1.0,2025-07-05 00:00:00
TCK-0674-08,CUST-0674,Performance Issue,Low,Closed,False,7.4,5.0,2025-10-28 00:00:00
TCK-0674-09,CUST-0674,Billing,High,In Progress,False,-1.0,1.0,2025-12-17 00:00:00
TCK-0675-01,CUST-0675,Technical Bug,Low,Resolved,True,12.3,1.0,2025-11-28 00:00:00
TCK-0675-02,CUST-0675,Feature Request,High,In Progress,True,-1.0,3.0,2026-01-08 00:00:00
TCK-0676-01,CUST-0676,Performance Issue,Low,Closed,False,12.5,3.0,2026-05-19 00:00:00
TCK-0676-02,CUST-0676,Account Access,Low,Escalation Pending,False,-1.0,1.0,2026-01-03 00:00:00
TCK-0676-03,CUST-0676,Technical Bug,Medium,Closed,False,16.4,3.0,2026-04-21 00:00:00
TCK-0676-04,CUST-0676,Feature Request,High,In Progress,True,-1.0,1.0,2025-10-19 00:00:00
TCK-0676-05,CUST-0676,Account Access,High,In Progress,False,-1.0,3.0,2026-04-05 00:00:00
TCK-0677-01,CUST-0677,Feature Request,Urgent,In Progress,False,-1.0,1.0,2025-12-05 00:00:00
TCK-0677-02,CUST-0677,Technical Bug,Urgent,Closed,False,42.4,3.0,2025-12-21 00:00:00
TCK-0678-01,CUST-0678,Feature Request,Urgent,Closed,False,68.4,5.0,2026-01-16 00:00:00
TCK-0678-02,CUST-0678,Billing,Medium,Closed,False,5.3,5.0,2025-10-11 00:00:00
TCK-0678-03,CUST-0678,Account Access,Low,Escalation Pending,False,-1.0,3.0,2025-04-22 00:00:00
TCK-0678-04,CUST-0678,Feature Request,Urgent,Resolved,True,68.9,3.0,2025-05-28 00:00:00
TCK-0678-05,CUST-0678,Technical Bug,Low,Closed,True,7.6,3.0,2025-04-19 00:00:00
TCK-0679-01,CUST-0679,Performance Issue,Medium,Closed,False,14.9,3.0,2026-04-19 00:00:00
TCK-0679-02,CUST-0679,Performance Issue,Medium,Escalation Pending,False,-1.0,3.0,2026-02-11 00:00:00
TCK-0679-03,CUST-0679,Technical Bug,Low,In Progress,True,-1.0,1.0,2025-04-17 00:00:00
TCK-0680-01,CUST-0680,Technical Bug,Medium,Escalation Pending,False,-1.0,3.0,2026-03-07 00:00:00
TCK-0680-02,CUST-0680,Technical Bug,Urgent,In Progress,False,-1.0,2.0,2026-03-29 00:00:00
TCK-0680-03,CUST-0680,Feature Request,Urgent,Closed,False,6.3,4.0,2025-12-31 00:00:00
TCK-0680-04,CUST-0680,Technical Bug,Low,Closed,False,11.3,3.0,2026-03-13 00:00:00
TCK-0681-01,CUST-0681,Account Access,Urgent,Escalation Pending,False,-1.0,3.0,2025-06-25 00:00:00
TCK-0681-02,CUST-0681,Feature Request,High,In Progress,False,-1.0,2.0,2025-09-14 00:00:00
TCK-0681-03,CUST-0681,Account Access,Urgent,Escalation Pending,True,-1.0,3.0,2025-10-22 00:00:00
TCK-0681-04,CUST-0681,Feature Request,Urgent,In Progress,False,-1.0,1.0,2026-01-28 00:00:00
TCK-0682-01,CUST-0682,Feature Request,Low,Resolved,False,5.1,5.0,2025-11-21 00:00:00
TCK-0682-02,CUST-0682,Performance Issue,High,Resolved,True,57.7,1.0,2026-05-24 00:00:00
TCK-0682-03,CUST-0682,Technical Bug,Urgent,Resolved,False,51.5,5.0,2026-01-13 00:00:00
TCK-0682-04,CUST-0682,Billing,Urgent,In Progress,True,-1.0,1.0,2026-05-14 00:00:00
TCK-0682-05,CUST-0682,Billing,Urgent,Escalation Pending,True,-1.0,3.0,2026-03-26 00:00:00
TCK-0682-06,CUST-0682,Performance Issue,Low,Resolved,False,17.2,5.0,2026-03-16 00:00:00
TCK-0682-07,CUST-0682,Account Access,Urgent,In Progress,False,-1.0,3.0,2025-10-06 00:00:00
TCK-0682-08,CUST-0682,Technical Bug,Urgent,Closed,False,64.8,4.0,2026-01-16 00:00:00
TCK-0682-09,CUST-0682,Technical Bug,High,In Progress,True,-1.0,3.0,2026-01-20 00:00:00
TCK-0683-01,CUST-0683,Performance Issue,Low,Resolved,False,22.5,3.0,2026-06-11 00:00:00
TCK-0683-02,CUST-0683,Billing,Urgent,Resolved,False,27.7,3.0,2026-06-15 00:00:00
TCK-0683-03,CUST-0683,Feature Request,Low,Resolved,False,12.4,5.0,2025-11-11 00:00:00
TCK-0683-04,CUST-0683,Account Access,Medium,In Progress,False,-1.0,3.0,2026-05-27 00:00:00
TCK-0683-05,CUST-0683,Performance Issue,Urgent,Closed,False,47.4,5.0,2026-05-12 00:00:00
TCK-0683-06,CUST-0683,Billing,Low,Resolved,True,4.0,3.0,2025-10-13 00:00:00
TCK-0684-01,CUST-0684,Technical Bug,Low,Closed,False,9.7,5.0,2026-04-21 00:00:00
TCK-0684-02,CUST-0684,Feature Request,Medium,Closed,False,17.5,4.0,2025-07-22 00:00:00
TCK-0685-01,CUST-0685,Feature Request,High,Escalation Pending,False,-1.0,2.0,2026-04-20 00:00:00
TCK-0685-02,CUST-0685,Account Access,High,Closed,False,26.3,5.0,2026-01-11 00:00:00
TCK-0685-03,CUST-0685,Technical Bug,Low,Escalation Pending,False,-1.0,2.0,2025-10-28 00:00:00
TCK-0685-04,CUST-0685,Account Access,Medium,Resolved,False,22.7,5.0,2025-10-18 00:00:00
TCK-0685-05,CUST-0685,Technical Bug,Medium,Closed,False,21.1,5.0,2026-03-22 00:00:00
TCK-0685-06,CUST-0685,Performance Issue,Urgent,Resolved,False,54.0,5.0,2025-09-03 00:00:00
TCK-0686-01,CUST-0686,Performance Issue,Low,In Progress,False,-1.0,3.0,2026-03-12 00:00:00
TCK-0686-02,CUST-0686,Performance Issue,Low,Resolved,False,13.3,4.0,2026-02-12 00:00:00
TCK-0686-03,CUST-0686,Performance Issue,Urgent,Resolved,True,49.2,2.0,2026-01-01 00:00:00
TCK-0686-04,CUST-0686,Account Access,High,Escalation Pending,True,-1.0,1.0,2025-11-25 00:00:00
TCK-0686-05,CUST-0686,Account Access,High,In Progress,False,-1.0,1.0,2026-04-06 00:00:00
TCK-0686-06,CUST-0686,Performance Issue,Low,Resolved,True,4.0,1.0,2026-05-16 00:00:00
TCK-0687-01,CUST-0687,Performance Issue,High,Closed,False,7.3,5.0,2026-05-29 00:00:00
TCK-0687-02,CUST-0687,Feature Request,Low,Closed,False,3.2,5.0,2025-11-16 00:00:00
TCK-0687-03,CUST-0687,Account Access,Low,Resolved,False,21.5,4.0,2026-03-09 00:00:00
TCK-0687-04,CUST-0687,Account Access,Medium,Escalation Pending,False,-1.0,3.0,2025-10-14 00:00:00
TCK-0687-05,CUST-0687,Billing,High,In Progress,False,-1.0,3.0,2025-10-29 00:00:00
TCK-0687-06,CUST-0687,Performance Issue,Urgent,Resolved,False,52.3,4.0,2025-09-08 00:00:00
TCK-0687-07,CUST-0687,Account Access,Urgent,In Progress,False,-1.0,3.0,2026-05-10 00:00:00
TCK-0687-08,CUST-0687,Account Access,Urgent,Resolved,True,22.6,3.0,2025-12-11 00:00:00
TCK-0687-09,CUST-0687,Feature Request,Low,In Progress,False,-1.0,3.0,2026-04-06 00:00:00
TCK-0687-10,CUST-0687,Technical Bug,Low,Resolved,False,12.1,5.0,2026-01-26 00:00:00
TCK-0688-01,CUST-0688,Feature Request,Urgent,Escalation Pending,False,-1.0,2.0,2026-01-22 00:00:00
TCK-0688-02,CUST-0688,Account Access,High,In Progress,True,-1.0,2.0,2026-01-03 00:00:00
TCK-0688-03,CUST-0688,Billing,Medium,Resolved,True,22.2,1.0,2026-05-30 00:00:00
TCK-0688-04,CUST-0688,Technical Bug,Urgent,Resolved,False,50.4,5.0,2025-11-07 00:00:00
TCK-0688-05,CUST-0688,Feature Request,High,Resolved,False,71.2,4.0,2025-12-12 00:00:00
TCK-0688-06,CUST-0688,Feature Request,Medium,Resolved,False,4.4,5.0,2026-05-03 00:00:00
TCK-0688-07,CUST-0688,Account Access,High,Closed,False,31.5,5.0,2026-03-02 00:00:00
TCK-0688-08,CUST-0688,Billing,Low,Escalation Pending,False,-1.0,3.0,2026-02-27 00:00:00
TCK-0688-09,CUST-0688,Technical Bug,Medium,Closed,False,21.1,3.0,2026-04-01 00:00:00
TCK-0689-01,CUST-0689,Billing,Urgent,Closed,True,33.5,2.0,2025-10-13 00:00:00
TCK-0689-02,CUST-0689,Technical Bug,Low,Escalation Pending,False,-1.0,3.0,2025-09-10 00:00:00
TCK-0689-03,CUST-0689,Feature Request,Low,Closed,False,8.3,5.0,2025-12-09 00:00:00
TCK-0689-04,CUST-0689,Feature Request,Medium,Resolved,False,4.9,3.0,2025-09-27 00:00:00
TCK-0689-05,CUST-0689,Performance Issue,Low,Closed,False,14.3,5.0,2026-03-15 00:00:00
TCK-0690-01,CUST-0690,Performance Issue,High,Escalation Pending,False,-1.0,1.0,2025-12-01 00:00:00
TCK-0690-02,CUST-0690,Feature Request,High,In Progress,False,-1.0,1.0,2026-02-25 00:00:00
TCK-0690-03,CUST-0690,Billing,Medium,Closed,False,9.4,3.0,2025-08-29 00:00:00
TCK-0690-04,CUST-0690,Performance Issue,Urgent,Resolved,False,65.8,5.0,2026-04-13 00:00:00
TCK-0690-05,CUST-0690,Account Access,Urgent,In Progress,False,-1.0,1.0,2026-03-04 00:00:00
TCK-0690-06,CUST-0690,Performance Issue,Medium,In Progress,False,-1.0,2.0,2025-06-21 00:00:00
TCK-0690-07,CUST-0690,Account Access,Medium,Resolved,True,16.7,3.0,2025-08-27 00:00:00
TCK-0691-01,CUST-0691,Feature Request,Urgent,In Progress,False,-1.0,1.0,2026-04-08 00:00:00
TCK-0691-02,CUST-0691,Feature Request,Urgent,In Progress,True,-1.0,1.0,2026-05-07 00:00:00
TCK-0691-03,CUST-0691,Technical Bug,Urgent,Resolved,False,52.6,4.0,2025-01-16 00:00:00
TCK-0691-04,CUST-0691,Performance Issue,Urgent,Closed,False,60.2,5.0,2025-04-01 00:00:00
TCK-0691-05,CUST-0691,Billing,Urgent,Closed,True,59.7,2.0,2025-12-31 00:00:00
TCK-0692-01,CUST-0692,Feature Request,Low,In Progress,True,-1.0,1.0,2025-08-29 00:00:00
TCK-0692-02,CUST-0692,Performance Issue,High,Escalation Pending,False,-1.0,1.0,2025-04-09 00:00:00
TCK-0692-03,CUST-0692,Technical Bug,Urgent,Closed,True,13.9,2.0,2026-04-30 00:00:00
TCK-0692-04,CUST-0692,Feature Request,Low,Closed,False,19.4,3.0,2026-04-03 00:00:00
TCK-0692-05,CUST-0692,Technical Bug,High,In Progress,True,-1.0,2.0,2025-11-30 00:00:00
TCK-0692-06,CUST-0692,Performance Issue,Medium,Escalation Pending,False,-1.0,2.0,2026-02-04 00:00:00
TCK-0692-07,CUST-0692,Billing,High,Escalation Pending,True,-1.0,2.0,2025-12-19 00:00:00
TCK-0692-08,CUST-0692,Performance Issue,Low,Escalation Pending,False,-1.0,3.0,2026-04-14 00:00:00
TCK-0692-09,CUST-0692,Account Access,Urgent,Escalation Pending,False,-1.0,1.0,2025-12-04 00:00:00
TCK-0693-01,CUST-0693,Performance Issue,High,Escalation Pending,False,-1.0,2.0,2026-06-20 00:00:00
TCK-0693-02,CUST-0693,Technical Bug,Medium,Closed,False,15.7,3.0,2026-05-22 00:00:00
TCK-0693-03,CUST-0693,Technical Bug,High,In Progress,False,-1.0,2.0,2026-03-03 00:00:00
TCK-0693-04,CUST-0693,Feature Request,Urgent,Escalation Pending,True,-1.0,1.0,2025-10-03 00:00:00
TCK-0693-05,CUST-0693,Performance Issue,High,In Progress,False,-1.0,1.0,2026-01-04 00:00:00
TCK-0693-06,CUST-0693,Account Access,Low,Resolved,False,16.0,5.0,2025-09-16 00:00:00
TCK-0694-01,CUST-0694,Billing,Medium,Escalation Pending,False,-1.0,1.0,2026-03-31 00:00:00
TCK-0694-02,CUST-0694,Technical Bug,Medium,Escalation Pending,False,-1.0,3.0,2025-10-17 00:00:00
TCK-0695-01,CUST-0695,Account Access,Medium,In Progress,False,-1.0,1.0,2025-12-09 00:00:00
TCK-0695-02,CUST-0695,Feature Request,Urgent,Escalation Pending,True,-1.0,2.0,2025-06-28 00:00:00
TCK-0695-03,CUST-0695,Performance Issue,Urgent,In Progress,True,-1.0,2.0,2026-01-19 00:00:00
TCK-0696-01,CUST-0696,Performance Issue,High,Resolved,False,64.4,5.0,2026-05-23 00:00:00
TCK-0696-02,CUST-0696,Technical Bug,Urgent,Resolved,True,33.0,2.0,2026-03-15 00:00:00
TCK-0696-03,CUST-0696,Account Access,High,Closed,False,45.7,4.0,2026-06-13 00:00:00
TCK-0696-04,CUST-0696,Account Access,Medium,In Progress,False,-1.0,1.0,2025-07-26 00:00:00
TCK-0696-05,CUST-0696,Feature Request,Medium,Resolved,False,10.7,5.0,2025-08-13 00:00:00
TCK-0696-06,CUST-0696,Billing,Medium,In Progress,True,-1.0,2.0,2025-11-23 00:00:00
TCK-0696-07,CUST-0696,Account Access,High,Closed,True,4.8,3.0,2025-09-02 00:00:00
TCK-0697-01,CUST-0697,Performance Issue,Medium,Resolved,False,6.1,5.0,2025-09-19 00:00:00
TCK-0697-02,CUST-0697,Technical Bug,Low,In Progress,False,-1.0,2.0,2025-01-24 00:00:00
TCK-0697-03,CUST-0697,Technical Bug,Medium,Escalation Pending,False,-1.0,1.0,2025-11-07 00:00:00
TCK-0697-04,CUST-0697,Billing,High,Resolved,True,59.6,1.0,2026-01-20 00:00:00
TCK-0697-05,CUST-0697,Technical Bug,High,In Progress,False,-1.0,3.0,2025-03-18 00:00:00
TCK-0697-06,CUST-0697,Billing,High,Escalation Pending,False,-1.0,3.0,2025-09-30 00:00:00
TCK-0697-07,CUST-0697,Billing,Medium,Closed,False,21.9,5.0,2025-11-20 00:00:00
TCK-0697-08,CUST-0697,Feature Request,Low,Resolved,True,23.0,1.0,2025-08-11 00:00:00
TCK-0697-09,CUST-0697,Account Access,Medium,In Progress,False,-1.0,2.0,2025-03-26 00:00:00
TCK-0697-10,CUST-0697,Technical Bug,Medium,Escalation Pending,False,-1.0,3.0,2025-07-14 00:00:00
TCK-0698-01,CUST-0698,Billing,Medium,Closed,True,15.6,3.0,2026-03-05 00:00:00
TCK-0698-02,CUST-0698,Technical Bug,Low,Resolved,False,4.0,5.0,2025-12-19 00:00:00
TCK-0698-03,CUST-0698,Billing,Medium,Resolved,False,14.2,3.0,2025-12-29 00:00:00
TCK-0699-01,CUST-0699,Performance Issue,Low,Resolved,False,16.8,4.0,2025-08-13 00:00:00
TCK-0699-02,CUST-0699,Feature Request,Medium,Closed,True,7.1,2.0,2026-05-27 00:00:00
TCK-0699-03,CUST-0699,Feature Request,Urgent,In Progress,True,-1.0,3.0,2026-05-26 00:00:00
TCK-0700-01,CUST-0700,Performance Issue,Low,Escalation Pending,False,-1.0,2.0,2025-10-27 00:00:00
TCK-0700-02,CUST-0700,Account Access,Low,Closed,False,19.2,3.0,2026-02-13 00:00:00
TCK-0700-03,CUST-0700,Account Access,High,Escalation Pending,False,-1.0,1.0,2026-06-18 00:00:00
TCK-0701-01,CUST-0701,Feature Request,Urgent,Closed,True,27.1,3.0,2026-02-17 00:00:00
TCK-0701-02,CUST-0701,Technical Bug,Medium,Escalation Pending,True,-1.0,3.0,2025-10-11 00:00:00
TCK-0702-01,CUST-0702,Billing,High,Escalation Pending,False,-1.0,1.0,2026-06-13 00:00:00
TCK-0702-02,CUST-0702,Technical Bug,Urgent,Closed,False,6.2,5.0,2026-05-01 00:00:00
TCK-0702-03,CUST-0702,Feature Request,Low,In Progress,True,-1.0,2.0,2026-05-23 00:00:00
TCK-0703-01,CUST-0703,Feature Request,Low,Resolved,True,18.3,2.0,2026-01-30 00:00:00
TCK-0703-02,CUST-0703,Billing,Low,Resolved,False,8.0,3.0,2026-02-18 00:00:00
TCK-0703-03,CUST-0703,Feature Request,Medium,Closed,False,8.6,3.0,2026-06-21 00:00:00
TCK-0703-04,CUST-0703,Feature Request,High,Escalation Pending,False,-1.0,2.0,2025-10-01 00:00:00
TCK-0703-05,CUST-0703,Performance Issue,Medium,Closed,False,7.4,5.0,2026-03-11 00:00:00
TCK-0704-01,CUST-0704,Technical Bug,High,In Progress,False,-1.0,3.0,2025-11-04 00:00:00
TCK-0704-02,CUST-0704,Account Access,High,Resolved,False,16.8,3.0,2026-04-07 00:00:00
TCK-0704-03,CUST-0704,Feature Request,Low,In Progress,False,-1.0,3.0,2025-09-09 00:00:00
TCK-0704-04,CUST-0704,Technical Bug,Urgent,Closed,False,40.3,5.0,2025-09-25 00:00:00
TCK-0704-05,CUST-0704,Feature Request,Medium,Closed,False,13.7,3.0,2025-10-27 00:00:00
TCK-0704-06,CUST-0704,Technical Bug,Urgent,In Progress,True,-1.0,3.0,2025-11-23 00:00:00
TCK-0704-07,CUST-0704,Feature Request,Urgent,In Progress,False,-1.0,3.0,2026-01-23 00:00:00
TCK-0704-08,CUST-0704,Feature Request,High,Closed,True,36.4,1.0,2025-08-22 00:00:00
TCK-0704-09,CUST-0704,Billing,Urgent,Escalation Pending,True,-1.0,2.0,2025-12-10 00:00:00
TCK-0704-10,CUST-0704,Technical Bug,Urgent,Resolved,False,10.5,5.0,2026-03-06 00:00:00
TCK-0705-01,CUST-0705,Technical Bug,Low,Closed,False,17.5,3.0,2025-08-16 00:00:00
TCK-0705-02,CUST-0705,Feature Request,Urgent,In Progress,True,-1.0,2.0,2025-07-25 00:00:00
TCK-0705-03,CUST-0705,Technical Bug,Urgent,Closed,True,30.0,3.0,2025-07-21 00:00:00
TCK-0705-04,CUST-0705,Account Access,High,In Progress,True,-1.0,2.0,2026-01-05 00:00:00
TCK-0705-05,CUST-0705,Account Access,Medium,Closed,False,10.4,5.0,2025-11-05 00:00:00
TCK-0705-06,CUST-0705,Feature Request,Urgent,In Progress,True,-1.0,1.0,2025-10-19 00:00:00
TCK-0705-07,CUST-0705,Account Access,High,In Progress,False,-1.0,2.0,2025-12-30 00:00:00
TCK-0705-08,CUST-0705,Performance Issue,High,Escalation Pending,False,-1.0,1.0,2025-07-14 00:00:00
TCK-0705-09,CUST-0705,Technical Bug,Low,Resolved,False,15.2,5.0,2026-06-04 00:00:00
TCK-0706-01,CUST-0706,Technical Bug,Low,Escalation Pending,False,-1.0,3.0,2025-12-15 00:00:00
TCK-0706-02,CUST-0706,Feature Request,Medium,Resolved,False,22.7,5.0,2026-04-18 00:00:00
TCK-0706-03,CUST-0706,Billing,Medium,Resolved,True,10.9,2.0,2025-09-16 00:00:00
TCK-0706-04,CUST-0706,Performance Issue,Low,Escalation Pending,True,-1.0,3.0,2026-01-10 00:00:00
TCK-0706-05,CUST-0706,Billing,Medium,In Progress,True,-1.0,3.0,2026-01-17 00:00:00
TCK-0706-06,CUST-0706,Technical Bug,Urgent,Resolved,False,3.1,5.0,2025-11-27 00:00:00
TCK-0707-01,CUST-0707,Performance Issue,High,Escalation Pending,True,-1.0,2.0,2026-03-28 00:00:00
TCK-0707-02,CUST-0707,Account Access,High,Resolved,True,70.7,3.0,2026-02-05 00:00:00
TCK-0707-03,CUST-0707,Account Access,Urgent,In Progress,True,-1.0,1.0,2026-02-18 00:00:00
TCK-0707-04,CUST-0707,Billing,Low,Resolved,True,16.3,2.0,2025-09-19 00:00:00
TCK-0708-01,CUST-0708,Billing,Urgent,Closed,False,59.6,5.0,2025-09-20 00:00:00
TCK-0708-02,CUST-0708,Performance Issue,Urgent,Resolved,False,5.7,5.0,2025-05-07 00:00:00
TCK-0708-03,CUST-0708,Feature Request,Low,In Progress,False,-1.0,3.0,2026-04-01 00:00:00
TCK-0708-04,CUST-0708,Account Access,Urgent,Resolved,False,53.6,4.0,2025-05-21 00:00:00
TCK-0708-05,CUST-0708,Account Access,High,Resolved,False,50.9,5.0,2025-07-28 00:00:00
TCK-0708-06,CUST-0708,Technical Bug,High,Closed,False,57.1,4.0,2026-03-24 00:00:00
TCK-0708-07,CUST-0708,Technical Bug,Urgent,Escalation Pending,True,-1.0,3.0,2025-10-31 00:00:00
TCK-0709-01,CUST-0709,Technical Bug,Urgent,Escalation Pending,False,-1.0,2.0,2026-03-10 00:00:00
TCK-0709-02,CUST-0709,Feature Request,Urgent,Resolved,True,25.9,3.0,2025-06-23 00:00:00
TCK-0710-01,CUST-0710,Billing,Urgent,Resolved,False,10.1,5.0,2025-07-24 00:00:00
TCK-0710-02,CUST-0710,Billing,High,In Progress,False,-1.0,2.0,2025-12-05 00:00:00
TCK-0710-03,CUST-0710,Billing,Low,Closed,False,3.3,5.0,2025-11-25 00:00:00
TCK-0711-01,CUST-0711,Account Access,Medium,Escalation Pending,False,-1.0,2.0,2026-06-03 00:00:00
TCK-0711-02,CUST-0711,Feature Request,Low,Resolved,True,15.9,2.0,2026-01-25 00:00:00
TCK-0711-03,CUST-0711,Technical Bug,High,Closed,False,8.1,3.0,2026-07-01 00:00:00
TCK-0711-04,CUST-0711,Technical Bug,Medium,Resolved,False,15.5,5.0,2026-04-21 00:00:00
TCK-0711-05,CUST-0711,Billing,Medium,In Progress,False,-1.0,3.0,2026-01-05 00:00:00
TCK-0711-06,CUST-0711,Performance Issue,Medium,In Progress,False,-1.0,2.0,2025-10-25 00:00:00
TCK-0711-07,CUST-0711,Feature Request,High,Closed,False,70.3,3.0,2025-09-30 00:00:00
TCK-0711-08,CUST-0711,Technical Bug,Urgent,Resolved,True,33.3,1.0,2026-05-30 00:00:00
TCK-0711-09,CUST-0711,Performance Issue,Low,Escalation Pending,False,-1.0,3.0,2026-05-03 00:00:00
TCK-0711-10,CUST-0711,Performance Issue,Medium,Escalation Pending,False,-1.0,3.0,2025-10-10 00:00:00
TCK-0712-01,CUST-0712,Feature Request,Urgent,Closed,False,45.1,5.0,2025-07-06 00:00:00
TCK-0712-02,CUST-0712,Feature Request,High,In Progress,False,-1.0,2.0,2025-12-25 00:00:00
TCK-0712-03,CUST-0712,Account Access,Urgent,Escalation Pending,True,-1.0,2.0,2025-12-07 00:00:00
TCK-0712-04,CUST-0712,Account Access,Low,Closed,False,13.0,5.0,2026-04-02 00:00:00
TCK-0712-05,CUST-0712,Account Access,Urgent,In Progress,False,-1.0,1.0,2025-06-26 00:00:00
TCK-0712-06,CUST-0712,Technical Bug,High,Closed,True,54.8,1.0,2025-09-09 00:00:00
TCK-0712-07,CUST-0712,Feature Request,Medium,Closed,False,3.3,4.0,2026-06-21 00:00:00
TCK-0712-08,CUST-0712,Feature Request,High,In Progress,True,-1.0,2.0,2025-09-28 00:00:00
TCK-0712-09,CUST-0712,Technical Bug,Low,Resolved,False,24.0,5.0,2026-06-26 00:00:00
TCK-0712-10,CUST-0712,Account Access,Low,Closed,False,9.4,5.0,2026-02-24 00:00:00
TCK-0713-01,CUST-0713,Technical Bug,High,Closed,False,35.8,3.0,2025-08-09 00:00:00
TCK-0713-02,CUST-0713,Account Access,Medium,Escalation Pending,False,-1.0,3.0,2025-10-23 00:00:00
TCK-0713-03,CUST-0713,Technical Bug,Medium,Closed,False,6.8,5.0,2025-09-13 00:00:00
TCK-0714-01,CUST-0714,Technical Bug,Medium,Closed,False,6.1,4.0,2025-06-21 00:00:00
TCK-0714-02,CUST-0714,Billing,Medium,Escalation Pending,False,-1.0,3.0,2026-04-22 00:00:00
TCK-0714-03,CUST-0714,Billing,Low,In Progress,False,-1.0,1.0,2026-03-31 00:00:00
TCK-0714-04,CUST-0714,Technical Bug,High,Resolved,False,16.3,5.0,2025-05-05 00:00:00
TCK-0714-05,CUST-0714,Account Access,Medium,Closed,False,17.0,4.0,2026-01-28 00:00:00
TCK-0714-06,CUST-0714,Account Access,High,Resolved,False,11.0,5.0,2026-02-04 00:00:00
TCK-0714-07,CUST-0714,Billing,High,Escalation Pending,False,-1.0,1.0,2026-02-27 00:00:00
TCK-0714-08,CUST-0714,Performance Issue,High,Resolved,False,35.4,5.0,2026-02-16 00:00:00
TCK-0714-09,CUST-0714,Feature Request,Low,Escalation Pending,False,-1.0,2.0,2025-11-05 00:00:00
TCK-0715-01,CUST-0715,Account Access,Urgent,Closed,False,34.4,4.0,2025-10-24 00:00:00
TCK-0715-02,CUST-0715,Account Access,Low,Closed,False,15.8,5.0,2025-06-25 00:00:00
TCK-0715-03,CUST-0715,Performance Issue,Urgent,In Progress,False,-1.0,3.0,2025-06-28 00:00:00
TCK-0716-01,CUST-0716,Technical Bug,Urgent,Escalation Pending,False,-1.0,3.0,2026-04-11 00:00:00
TCK-0716-02,CUST-0716,Performance Issue,Medium,Resolved,False,17.3,3.0,2025-12-20 00:00:00
TCK-0717-01,CUST-0717,Account Access,Low,Resolved,False,4.8,3.0,2026-02-23 00:00:00
TCK-0717-02,CUST-0717,Feature Request,Urgent,Escalation Pending,False,-1.0,3.0,2025-08-23 00:00:00
TCK-0717-03,CUST-0717,Feature Request,Urgent,In Progress,True,-1.0,2.0,2026-03-06 00:00:00
TCK-0717-04,CUST-0717,Feature Request,Low,Escalation Pending,False,-1.0,1.0,2025-10-16 00:00:00
TCK-0717-05,CUST-0717,Performance Issue,High,Resolved,False,64.3,3.0,2025-12-01 00:00:00
TCK-0717-06,CUST-0717,Performance Issue,High,Closed,True,62.0,2.0,2025-10-30 00:00:00
TCK-0717-07,CUST-0717,Technical Bug,Low,Escalation Pending,False,-1.0,1.0,2026-03-19 00:00:00
TCK-0718-01,CUST-0718,Performance Issue,High,In Progress,True,-1.0,2.0,2026-06-20 00:00:00
TCK-0718-02,CUST-0718,Account Access,Urgent,In Progress,False,-1.0,1.0,2025-06-20 00:00:00
TCK-0718-03,CUST-0718,Feature Request,Low,Closed,False,2.7,4.0,2026-05-26 00:00:00
TCK-0718-04,CUST-0718,Billing,Low,Escalation Pending,False,-1.0,1.0,2025-11-23 00:00:00
TCK-0718-05,CUST-0718,Feature Request,Medium,Closed,False,9.7,5.0,2026-04-14 00:00:00
TCK-0718-06,CUST-0718,Feature Request,Medium,Closed,False,5.7,4.0,2025-10-05 00:00:00
TCK-0718-07,CUST-0718,Performance Issue,Urgent,Closed,True,43.9,1.0,2025-12-17 00:00:00
TCK-0719-01,CUST-0719,Performance Issue,Urgent,Resolved,False,54.3,4.0,2025-06-13 00:00:00
TCK-0719-02,CUST-0719,Feature Request,High,Escalation Pending,True,-1.0,3.0,2025-07-28 00:00:00
TCK-0719-03,CUST-0719,Feature Request,High,In Progress,False,-1.0,1.0,2026-05-17 00:00:00
TCK-0719-04,CUST-0719,Feature Request,Low,Resolved,False,15.2,5.0,2025-04-16 00:00:00
TCK-0719-05,CUST-0719,Feature Request,High,In Progress,False,-1.0,3.0,2025-04-27 00:00:00
TCK-0719-06,CUST-0719,Billing,High,Escalation Pending,False,-1.0,1.0,2025-10-12 00:00:00
TCK-0720-01,CUST-0720,Performance Issue,Urgent,Resolved,False,54.1,5.0,2025-06-26 00:00:00
TCK-0720-02,CUST-0720,Performance Issue,Low,Escalation Pending,False,-1.0,2.0,2025-10-14 00:00:00
TCK-0720-03,CUST-0720,Billing,Medium,In Progress,False,-1.0,3.0,2025-12-07 00:00:00
TCK-0720-04,CUST-0720,Feature Request,Low,Closed,False,23.5,5.0,2025-08-24 00:00:00
TCK-0720-05,CUST-0720,Account Access,High,Escalation Pending,True,-1.0,3.0,2025-10-01 00:00:00
TCK-0721-01,CUST-0721,Technical Bug,Low,Escalation Pending,False,-1.0,2.0,2026-03-09 00:00:00
TCK-0721-02,CUST-0721,Performance Issue,Medium,Closed,False,8.6,4.0,2026-02-01 00:00:00
TCK-0721-03,CUST-0721,Account Access,Urgent,Closed,False,71.8,4.0,2025-05-15 00:00:00
TCK-0721-04,CUST-0721,Account Access,Urgent,Closed,True,37.3,1.0,2025-02-05 00:00:00
TCK-0722-01,CUST-0722,Billing,High,Resolved,False,16.8,5.0,2025-11-25 00:00:00
TCK-0722-02,CUST-0722,Feature Request,High,Resolved,False,48.0,3.0,2026-02-19 00:00:00
TCK-0722-03,CUST-0722,Billing,Medium,In Progress,True,-1.0,1.0,2025-11-14 00:00:00
TCK-0722-04,CUST-0722,Performance Issue,Urgent,In Progress,False,-1.0,3.0,2026-02-10 00:00:00
TCK-0722-05,CUST-0722,Performance Issue,Low,Resolved,False,2.9,5.0,2025-09-16 00:00:00
TCK-0722-06,CUST-0722,Account Access,Medium,In Progress,False,-1.0,1.0,2026-04-20 00:00:00
TCK-0722-07,CUST-0722,Feature Request,Urgent,Closed,True,38.1,2.0,2025-07-16 00:00:00
TCK-0722-08,CUST-0722,Billing,Medium,Escalation Pending,False,-1.0,1.0,2026-04-07 00:00:00
TCK-0723-01,CUST-0723,Billing,Low,Resolved,False,10.5,3.0,2026-05-04 00:00:00
TCK-0723-02,CUST-0723,Account Access,Low,Escalation Pending,False,-1.0,3.0,2026-01-09 00:00:00
TCK-0723-03,CUST-0723,Billing,High,Resolved,True,49.0,3.0,2026-05-01 00:00:00
TCK-0723-04,CUST-0723,Technical Bug,Urgent,Resolved,False,37.1,5.0,2025-08-10 00:00:00
TCK-0723-05,CUST-0723,Feature Request,Low,In Progress,False,-1.0,3.0,2025-09-15 00:00:00
TCK-0723-06,CUST-0723,Performance Issue,Medium,In Progress,False,-1.0,1.0,2026-03-10 00:00:00
TCK-0723-07,CUST-0723,Billing,Urgent,Closed,True,16.5,1.0,2025-08-09 00:00:00
TCK-0723-08,CUST-0723,Technical Bug,High,Closed,False,69.3,3.0,2026-04-16 00:00:00
TCK-0723-09,CUST-0723,Account Access,Low,Closed,False,12.5,3.0,2026-02-28 00:00:00
TCK-0724-01,CUST-0724,Billing,Urgent,Resolved,False,50.3,4.0,2025-12-10 00:00:00
TCK-0724-02,CUST-0724,Technical Bug,Low,Resolved,False,23.9,5.0,2025-06-18 00:00:00
TCK-0724-03,CUST-0724,Feature Request,High,Resolved,False,13.8,3.0,2026-02-19 00:00:00
TCK-0724-04,CUST-0724,Feature Request,Low,Resolved,False,13.9,3.0,2026-04-18 00:00:00
TCK-0724-05,CUST-0724,Technical Bug,Medium,Closed,False,6.3,4.0,2025-10-25 00:00:00
TCK-0724-06,CUST-0724,Account Access,Urgent,Closed,False,6.2,4.0,2025-09-02 00:00:00
TCK-0724-07,CUST-0724,Billing,High,In Progress,False,-1.0,3.0,2025-12-18 00:00:00
TCK-0724-08,CUST-0724,Performance Issue,Low,Escalation Pending,False,-1.0,3.0,2025-07-06 00:00:00
TCK-0724-09,CUST-0724,Performance Issue,Urgent,Resolved,False,69.7,5.0,2025-05-27 00:00:00
TCK-0724-10,CUST-0724,Account Access,Medium,Closed,True,18.6,1.0,2026-06-21 00:00:00
TCK-0725-01,CUST-0725,Billing,High,Escalation Pending,True,-1.0,1.0,2026-05-17 00:00:00
TCK-0725-02,CUST-0725,Performance Issue,Low,Escalation Pending,False,-1.0,1.0,2025-07-04 00:00:00
TCK-0725-03,CUST-0725,Billing,Medium,In Progress,True,-1.0,2.0,2025-07-16 00:00:00
TCK-0725-04,CUST-0725,Performance Issue,High,Escalation Pending,True,-1.0,1.0,2025-12-22 00:00:00
TCK-0725-05,CUST-0725,Account Access,Low,Closed,False,17.2,5.0,2025-07-07 00:00:00
TCK-0725-06,CUST-0725,Account Access,Urgent,Closed,False,49.9,5.0,2025-12-12 00:00:00
TCK-0725-07,CUST-0725,Billing,Urgent,In Progress,True,-1.0,1.0,2025-07-29 00:00:00
TCK-0725-08,CUST-0725,Technical Bug,Low,In Progress,False,-1.0,2.0,2026-06-14 00:00:00
TCK-0725-09,CUST-0725,Feature Request,Urgent,Closed,True,49.2,3.0,2025-11-23 00:00:00
TCK-0725-10,CUST-0725,Account Access,Urgent,Escalation Pending,False,-1.0,3.0,2025-04-07 00:00:00
TCK-0726-01,CUST-0726,Feature Request,High,Escalation Pending,False,-1.0,3.0,2026-01-05 00:00:00
TCK-0726-02,CUST-0726,Performance Issue,Low,Escalation Pending,False,-1.0,1.0,2026-06-02 00:00:00
TCK-0726-03,CUST-0726,Feature Request,Urgent,Escalation Pending,True,-1.0,2.0,2025-10-04 00:00:00
TCK-0727-01,CUST-0727,Feature Request,Urgent,Resolved,False,10.7,5.0,2025-09-17 00:00:00
TCK-0727-02,CUST-0727,Technical Bug,Urgent,In Progress,False,-1.0,1.0,2025-05-27 00:00:00
TCK-0727-03,CUST-0727,Billing,High,Escalation Pending,False,-1.0,1.0,2025-06-21 00:00:00
TCK-0727-04,CUST-0727,Billing,Medium,In Progress,True,-1.0,1.0,2025-06-19 00:00:00
TCK-0727-05,CUST-0727,Account Access,Medium,Escalation Pending,False,-1.0,1.0,2025-03-08 00:00:00
TCK-0727-06,CUST-0727,Performance Issue,High,In Progress,False,-1.0,3.0,2025-09-23 00:00:00
TCK-0728-01,CUST-0728,Account Access,Medium,Resolved,False,6.1,3.0,2025-12-07 00:00:00
TCK-0728-02,CUST-0728,Account Access,High,Resolved,False,25.1,4.0,2025-08-13 00:00:00
TCK-0729-01,CUST-0729,Performance Issue,Low,In Progress,False,-1.0,2.0,2026-06-04 00:00:00
TCK-0729-02,CUST-0729,Technical Bug,Low,In Progress,False,-1.0,3.0,2026-01-28 00:00:00
TCK-0730-01,CUST-0730,Technical Bug,High,Closed,False,49.7,5.0,2026-05-11 00:00:00
TCK-0730-02,CUST-0730,Performance Issue,Medium,In Progress,False,-1.0,1.0,2025-11-22 00:00:00
TCK-0730-03,CUST-0730,Billing,Low,Closed,False,7.0,4.0,2026-05-16 00:00:00
TCK-0730-04,CUST-0730,Performance Issue,Low,Resolved,False,23.1,5.0,2025-11-23 00:00:00
TCK-0730-05,CUST-0730,Account Access,Medium,In Progress,False,-1.0,2.0,2026-05-30 00:00:00
TCK-0730-06,CUST-0730,Performance Issue,Urgent,In Progress,False,-1.0,2.0,2026-05-23 00:00:00
TCK-0730-07,CUST-0730,Feature Request,Urgent,In Progress,False,-1.0,1.0,2026-04-08 00:00:00
TCK-0730-08,CUST-0730,Technical Bug,High,Closed,False,15.7,5.0,2025-11-22 00:00:00
TCK-0730-09,CUST-0730,Account Access,High,Closed,True,11.0,2.0,2025-12-19 00:00:00
TCK-0730-10,CUST-0730,Account Access,Low,Escalation Pending,True,-1.0,3.0,2026-06-19 00:00:00
TCK-0731-01,CUST-0731,Technical Bug,Medium,Escalation Pending,False,-1.0,1.0,2025-06-26 00:00:00
TCK-0731-02,CUST-0731,Account Access,Urgent,Escalation Pending,False,-1.0,2.0,2026-01-02 00:00:00
TCK-0731-03,CUST-0731,Billing,Medium,Escalation Pending,False,-1.0,2.0,2025-12-04 00:00:00
TCK-0731-04,CUST-0731,Performance Issue,Urgent,Closed,True,5.9,2.0,2025-11-30 00:00:00
TCK-0731-05,CUST-0731,Technical Bug,Low,Closed,False,17.8,5.0,2026-04-03 00:00:00
TCK-0731-06,CUST-0731,Account Access,Medium,Closed,False,10.7,3.0,2026-05-25 00:00:00
TCK-0731-07,CUST-0731,Billing,Urgent,Resolved,False,20.0,5.0,2025-10-13 00:00:00
TCK-0732-01,CUST-0732,Account Access,High,Escalation Pending,True,-1.0,2.0,2025-08-11 00:00:00
TCK-0732-02,CUST-0732,Feature Request,High,Closed,True,16.9,3.0,2026-03-26 00:00:00
TCK-0732-03,CUST-0732,Performance Issue,Urgent,Resolved,True,49.8,2.0,2025-06-08 00:00:00
TCK-0732-04,CUST-0732,Technical Bug,Medium,Escalation Pending,False,-1.0,1.0,2025-12-27 00:00:00
TCK-0732-05,CUST-0732,Feature Request,Urgent,Resolved,True,54.5,3.0,2025-05-28 00:00:00
TCK-0732-06,CUST-0732,Account Access,Medium,Escalation Pending,False,-1.0,2.0,2026-02-25 00:00:00
TCK-0733-01,CUST-0733,Performance Issue,Urgent,Closed,True,10.1,3.0,2025-12-17 00:00:00
TCK-0733-02,CUST-0733,Technical Bug,Urgent,Closed,False,33.9,4.0,2025-11-08 00:00:00
TCK-0733-03,CUST-0733,Technical Bug,Urgent,Resolved,False,68.7,4.0,2025-06-07 00:00:00
TCK-0733-04,CUST-0733,Billing,Medium,Closed,True,21.2,2.0,2025-07-03 00:00:00
TCK-0733-05,CUST-0733,Performance Issue,Low,Escalation Pending,False,-1.0,1.0,2025-07-16 00:00:00
TCK-0733-06,CUST-0733,Feature Request,Medium,In Progress,False,-1.0,3.0,2026-06-15 00:00:00
TCK-0733-07,CUST-0733,Performance Issue,Medium,Escalation Pending,False,-1.0,2.0,2025-10-11 00:00:00
TCK-0733-08,CUST-0733,Feature Request,Urgent,Escalation Pending,True,-1.0,1.0,2025-06-11 00:00:00
TCK-0733-09,CUST-0733,Feature Request,Urgent,In Progress,False,-1.0,2.0,2025-02-24 00:00:00
TCK-0734-01,CUST-0734,Performance Issue,Medium,Closed,False,20.9,5.0,2026-05-20 00:00:00
TCK-0734-02,CUST-0734,Performance Issue,Medium,In Progress,False,-1.0,2.0,2025-05-11 00:00:00
TCK-0734-03,CUST-0734,Feature Request,High,Closed,False,43.9,4.0,2026-05-13 00:00:00
TCK-0734-04,CUST-0734,Billing,High,In Progress,False,-1.0,3.0,2025-12-29 00:00:00
TCK-0735-01,CUST-0735,Feature Request,Urgent,In Progress,True,-1.0,3.0,2026-01-15 00:00:00
TCK-0735-02,CUST-0735,Technical Bug,Low,In Progress,False,-1.0,3.0,2025-10-17 00:00:00
TCK-0735-03,CUST-0735,Technical Bug,High,In Progress,False,-1.0,3.0,2025-04-23 00:00:00
TCK-0735-04,CUST-0735,Billing,High,Escalation Pending,False,-1.0,2.0,2025-04-30 00:00:00
TCK-0735-05,CUST-0735,Technical Bug,High,Resolved,True,63.1,3.0,2025-09-17 00:00:00
TCK-0735-06,CUST-0735,Feature Request,Low,Resolved,False,8.8,4.0,2026-02-09 00:00:00
TCK-0735-07,CUST-0735,Account Access,Low,Escalation Pending,True,-1.0,3.0,2026-01-01 00:00:00
TCK-0735-08,CUST-0735,Performance Issue,High,In Progress,False,-1.0,3.0,2025-10-11 00:00:00
TCK-0736-01,CUST-0736,Feature Request,High,Closed,False,36.2,5.0,2026-03-05 00:00:00
TCK-0736-02,CUST-0736,Performance Issue,Urgent,In Progress,False,-1.0,3.0,2025-11-14 00:00:00
TCK-0736-03,CUST-0736,Account Access,Urgent,In Progress,True,-1.0,1.0,2026-04-04 00:00:00
TCK-0736-04,CUST-0736,Account Access,Low,Closed,False,19.0,3.0,2026-05-06 00:00:00
TCK-0736-05,CUST-0736,Performance Issue,High,Escalation Pending,True,-1.0,1.0,2025-11-05 00:00:00
TCK-0737-01,CUST-0737,Billing,Low,Closed,True,15.4,2.0,2025-12-11 00:00:00
TCK-0737-02,CUST-0737,Performance Issue,Low,Closed,False,18.5,5.0,2025-11-12 00:00:00
TCK-0738-01,CUST-0738,Billing,Urgent,Escalation Pending,True,-1.0,2.0,2026-04-24 00:00:00
TCK-0738-02,CUST-0738,Performance Issue,Low,Resolved,False,9.5,5.0,2025-08-25 00:00:00
TCK-0738-03,CUST-0738,Performance Issue,Low,Escalation Pending,False,-1.0,2.0,2025-09-01 00:00:00
TCK-0739-01,CUST-0739,Technical Bug,Medium,Escalation Pending,False,-1.0,2.0,2025-06-25 00:00:00
TCK-0739-02,CUST-0739,Technical Bug,Low,Escalation Pending,False,-1.0,3.0,2025-12-17 00:00:00
TCK-0740-01,CUST-0740,Account Access,High,Escalation Pending,False,-1.0,3.0,2025-12-08 00:00:00
TCK-0740-02,CUST-0740,Technical Bug,Urgent,Resolved,False,10.1,5.0,2026-02-03 00:00:00
TCK-0740-03,CUST-0740,Performance Issue,Low,Escalation Pending,False,-1.0,3.0,2026-05-12 00:00:00
TCK-0741-01,CUST-0741,Account Access,Urgent,Escalation Pending,False,-1.0,1.0,2025-08-24 00:00:00
TCK-0741-02,CUST-0741,Performance Issue,High,Escalation Pending,False,-1.0,1.0,2026-01-31 00:00:00
TCK-0741-03,CUST-0741,Performance Issue,Urgent,Escalation Pending,False,-1.0,3.0,2026-01-04 00:00:00
TCK-0741-04,CUST-0741,Technical Bug,Medium,Escalation Pending,False,-1.0,2.0,2025-12-24 00:00:00
TCK-0741-05,CUST-0741,Feature Request,Low,Closed,False,5.3,5.0,2026-04-16 00:00:00
TCK-0741-06,CUST-0741,Feature Request,High,In Progress,False,-1.0,3.0,2026-01-25 00:00:00
TCK-0741-07,CUST-0741,Performance Issue,Urgent,Escalation Pending,False,-1.0,2.0,2026-06-19 00:00:00
TCK-0741-08,CUST-0741,Account Access,High,Resolved,False,26.4,4.0,2025-12-25 00:00:00
TCK-0741-09,CUST-0741,Feature Request,High,Resolved,False,52.2,4.0,2025-12-14 00:00:00
TCK-0741-10,CUST-0741,Billing,High,Escalation Pending,True,-1.0,1.0,2026-06-10 00:00:00
TCK-0742-01,CUST-0742,Billing,Medium,In Progress,False,-1.0,2.0,2026-02-21 00:00:00
TCK-0742-02,CUST-0742,Billing,Urgent,In Progress,False,-1.0,1.0,2026-02-10 00:00:00
TCK-0742-03,CUST-0742,Technical Bug,Medium,In Progress,False,-1.0,2.0,2026-03-07 00:00:00
TCK-0742-04,CUST-0742,Technical Bug,Medium,Resolved,False,7.4,5.0,2025-10-16 00:00:00
TCK-0742-05,CUST-0742,Performance Issue,Low,In Progress,False,-1.0,1.0,2026-01-12 00:00:00
TCK-0742-06,CUST-0742,Technical Bug,Urgent,In Progress,True,-1.0,1.0,2025-11-10 00:00:00
TCK-0742-07,CUST-0742,Billing,Urgent,In Progress,True,-1.0,1.0,2025-10-21 00:00:00
TCK-0743-01,CUST-0743,Feature Request,Urgent,In Progress,True,-1.0,2.0,2025-12-24 00:00:00
TCK-0743-02,CUST-0743,Account Access,Urgent,Escalation Pending,True,-1.0,2.0,2026-05-15 00:00:00
TCK-0743-03,CUST-0743,Billing,Medium,Closed,True,21.9,1.0,2026-06-23 00:00:00
TCK-0743-04,CUST-0743,Performance Issue,Urgent,In Progress,True,-1.0,3.0,2025-07-13 00:00:00
TCK-0743-05,CUST-0743,Billing,High,Resolved,False,5.7,3.0,2025-05-09 00:00:00
TCK-0743-06,CUST-0743,Technical Bug,Urgent,Escalation Pending,False,-1.0,3.0,2025-06-24 00:00:00
TCK-0743-07,CUST-0743,Performance Issue,High,In Progress,True,-1.0,3.0,2025-09-10 00:00:00
TCK-0743-08,CUST-0743,Performance Issue,Urgent,Escalation Pending,False,-1.0,1.0,2026-01-19 00:00:00
TCK-0743-09,CUST-0743,Technical Bug,Medium,Resolved,False,11.4,5.0,2025-09-04 00:00:00
TCK-0743-10,CUST-0743,Technical Bug,High,In Progress,False,-1.0,2.0,2026-04-25 00:00:00
TCK-0744-01,CUST-0744,Billing,Medium,Resolved,False,18.0,5.0,2025-09-23 00:00:00
TCK-0744-02,CUST-0744,Feature Request,Urgent,Resolved,True,46.6,3.0,2026-01-07 00:00:00
TCK-0744-03,CUST-0744,Billing,Medium,Closed,False,21.4,5.0,2025-05-23 00:00:00
TCK-0744-04,CUST-0744,Technical Bug,Low,Escalation Pending,False,-1.0,2.0,2025-08-12 00:00:00
TCK-0744-05,CUST-0744,Account Access,High,Resolved,False,51.0,4.0,2025-08-10 00:00:00
TCK-0744-06,CUST-0744,Feature Request,Urgent,Escalation Pending,False,-1.0,1.0,2025-09-23 00:00:00
TCK-0744-07,CUST-0744,Performance Issue,Low,Resolved,False,18.7,5.0,2026-06-11 00:00:00
TCK-0744-08,CUST-0744,Account Access,Low,Escalation Pending,False,-1.0,2.0,2025-04-25 00:00:00
TCK-0745-01,CUST-0745,Performance Issue,High,Closed,False,58.4,4.0,2025-10-13 00:00:00
TCK-0745-02,CUST-0745,Performance Issue,High,Escalation Pending,False,-1.0,2.0,2026-05-08 00:00:00
TCK-0745-03,CUST-0745,Account Access,Low,In Progress,False,-1.0,3.0,2025-08-10 00:00:00
TCK-0745-04,CUST-0745,Feature Request,Medium,Resolved,False,6.2,5.0,2026-03-15 00:00:00
TCK-0745-05,CUST-0745,Performance Issue,Medium,Escalation Pending,False,-1.0,2.0,2025-10-08 00:00:00
TCK-0745-06,CUST-0745,Billing,Urgent,In Progress,False,-1.0,3.0,2026-04-20 00:00:00
TCK-0745-07,CUST-0745,Performance Issue,High,In Progress,False,-1.0,1.0,2026-03-14 00:00:00
TCK-0745-08,CUST-0745,Performance Issue,High,Closed,False,3.7,4.0,2026-04-21 00:00:00
TCK-0745-09,CUST-0745,Billing,Urgent,In Progress,False,-1.0,2.0,2025-06-07 00:00:00
TCK-0746-01,CUST-0746,Account Access,Medium,Resolved,False,21.8,5.0,2026-02-23 00:00:00
TCK-0746-02,CUST-0746,Technical Bug,Medium,Closed,True,22.0,2.0,2026-03-14 00:00:00
TCK-0746-03,CUST-0746,Account Access,High,Closed,False,4.1,3.0,2026-01-25 00:00:00
TCK-0747-01,CUST-0747,Billing,Low,In Progress,True,-1.0,1.0,2025-06-04 00:00:00
TCK-0747-02,CUST-0747,Performance Issue,High,In Progress,True,-1.0,1.0,2025-07-29 00:00:00
TCK-0747-03,CUST-0747,Billing,Medium,Escalation Pending,False,-1.0,3.0,2025-06-21 00:00:00
TCK-0747-04,CUST-0747,Billing,High,Resolved,False,56.7,3.0,2026-02-02 00:00:00
TCK-0748-01,CUST-0748,Technical Bug,High,Escalation Pending,False,-1.0,3.0,2026-01-12 00:00:00
TCK-0748-02,CUST-0748,Technical Bug,Medium,In Progress,False,-1.0,3.0,2026-05-12 00:00:00
TCK-0748-03,CUST-0748,Account Access,Medium,Resolved,False,10.2,3.0,2026-02-27 00:00:00
TCK-0748-04,CUST-0748,Technical Bug,Urgent,Closed,True,55.5,1.0,2026-01-07 00:00:00
TCK-0748-05,CUST-0748,Account Access,Medium,Resolved,False,13.1,4.0,2025-11-30 00:00:00
TCK-0748-06,CUST-0748,Account Access,Urgent,Resolved,False,25.6,5.0,2026-03-27 00:00:00
TCK-0748-07,CUST-0748,Billing,Medium,Resolved,True,14.7,3.0,2026-06-05 00:00:00
TCK-0748-08,CUST-0748,Performance Issue,High,In Progress,False,-1.0,3.0,2026-02-09 00:00:00
TCK-0748-09,CUST-0748,Feature Request,Urgent,In Progress,True,-1.0,1.0,2026-05-26 00:00:00
TCK-0749-01,CUST-0749,Account Access,High,In Progress,False,-1.0,1.0,2026-01-19 00:00:00
TCK-0749-02,CUST-0749,Account Access,Low,Escalation Pending,False,-1.0,3.0,2026-03-23 00:00:00
TCK-0749-03,CUST-0749,Account Access,High,Closed,False,27.8,5.0,2026-06-07 00:00:00
TCK-0749-04,CUST-0749,Performance Issue,Low,Closed,False,16.6,5.0,2026-05-02 00:00:00
TCK-0750-01,CUST-0750,Account Access,High,Closed,False,27.9,3.0,2025-11-16 00:00:00
TCK-0750-02,CUST-0750,Technical Bug,Urgent,In Progress,True,-1.0,3.0,2026-01-18 00:00:00
TCK-0750-03,CUST-0750,Feature Request,Urgent,Resolved,False,36.5,5.0,2026-03-01 00:00:00
TCK-0750-04,CUST-0750,Account Access,High,In Progress,False,-1.0,3.0,2026-04-14 00:00:00
TCK-0750-05,CUST-0750,Feature Request,High,Resolved,False,32.5,4.0,2025-12-23 00:00:00
TCK-0750-06,CUST-0750,Performance Issue,High,Escalation Pending,False,-1.0,1.0,2025-11-30 00:00:00
TCK-0750-07,CUST-0750,Account Access,High,In Progress,False,-1.0,1.0,2025-12-08 00:00:00
TCK-0750-08,CUST-0750,Feature Request,Urgent,Resolved,False,28.3,3.0,2025-12-01 00:00:00
TCK-0750-09,CUST-0750,Technical Bug,Urgent,Escalation Pending,True,-1.0,2.0,2026-03-16 00:00:00
TCK-0751-01,CUST-0751,Billing,Urgent,Resolved,False,5.9,5.0,2025-10-18 00:00:00
TCK-0751-02,CUST-0751,Account Access,Medium,In Progress,False,-1.0,2.0,2026-02-27 00:00:00
TCK-0751-03,CUST-0751,Account Access,High,Closed,False,69.1,5.0,2026-01-25 00:00:00
TCK-0751-04,CUST-0751,Technical Bug,Medium,Escalation Pending,False,-1.0,3.0,2026-06-29 00:00:00
TCK-0751-05,CUST-0751,Feature Request,Urgent,In Progress,False,-1.0,1.0,2025-09-16 00:00:00
TCK-0751-06,CUST-0751,Performance Issue,Low,Escalation Pending,True,-1.0,3.0,2025-05-11 00:00:00
TCK-0752-01,CUST-0752,Account Access,Medium,Escalation Pending,True,-1.0,3.0,2025-12-27 00:00:00
TCK-0752-02,CUST-0752,Technical Bug,Urgent,Resolved,False,56.5,4.0,2025-10-05 00:00:00
TCK-0752-03,CUST-0752,Feature Request,Low,In Progress,False,-1.0,3.0,2025-09-12 00:00:00
TCK-0752-04,CUST-0752,Billing,Low,Closed,False,15.1,3.0,2025-10-25 00:00:00
TCK-0752-05,CUST-0752,Account Access,Medium,Closed,False,10.9,3.0,2025-09-16 00:00:00
TCK-0752-06,CUST-0752,Performance Issue,Medium,Closed,False,17.6,5.0,2026-01-02 00:00:00
TCK-0752-07,CUST-0752,Feature Request,Low,Resolved,False,16.6,4.0,2026-06-05 00:00:00
TCK-0752-08,CUST-0752,Performance Issue,Urgent,Resolved,False,41.2,4.0,2026-05-28 00:00:00
TCK-0752-09,CUST-0752,Account Access,High,Escalation Pending,False,-1.0,3.0,2025-10-20 00:00:00
TCK-0752-10,CUST-0752,Feature Request,Urgent,Closed,False,54.3,5.0,2025-11-08 00:00:00
TCK-0753-01,CUST-0753,Technical Bug,Urgent,Escalation Pending,False,-1.0,2.0,2025-06-22 00:00:00
TCK-0753-02,CUST-0753,Feature Request,High,Resolved,True,20.0,3.0,2026-01-18 00:00:00
TCK-0753-03,CUST-0753,Technical Bug,Medium,Escalation Pending,False,-1.0,2.0,2025-08-07 00:00:00
TCK-0753-04,CUST-0753,Feature Request,High,Escalation Pending,False,-1.0,2.0,2026-06-03 00:00:00
TCK-0753-05,CUST-0753,Account Access,High,Closed,False,23.8,5.0,2026-03-12 00:00:00
TCK-0753-06,CUST-0753,Billing,High,In Progress,False,-1.0,2.0,2026-05-29 00:00:00
TCK-0754-01,CUST-0754,Feature Request,Urgent,Closed,True,15.7,2.0,2025-06-23 00:00:00
TCK-0754-02,CUST-0754,Technical Bug,Urgent,Resolved,False,61.3,5.0,2025-11-02 00:00:00
TCK-0754-03,CUST-0754,Performance Issue,Urgent,Resolved,False,69.1,3.0,2026-05-22 00:00:00
TCK-0754-04,CUST-0754,Performance Issue,Medium,Closed,False,7.3,4.0,2025-11-01 00:00:00
TCK-0754-05,CUST-0754,Feature Request,Urgent,Resolved,True,17.9,1.0,2025-10-13 00:00:00
TCK-0754-06,CUST-0754,Feature Request,High,Escalation Pending,True,-1.0,3.0,2026-06-17 00:00:00
TCK-0754-07,CUST-0754,Billing,Medium,Escalation Pending,False,-1.0,2.0,2026-06-14 00:00:00
TCK-0755-01,CUST-0755,Account Access,Urgent,In Progress,False,-1.0,2.0,2026-03-02 00:00:00
TCK-0755-02,CUST-0755,Feature Request,Low,In Progress,True,-1.0,2.0,2025-07-22 00:00:00
TCK-0755-03,CUST-0755,Technical Bug,Urgent,Escalation Pending,False,-1.0,3.0,2026-01-21 00:00:00
TCK-0755-04,CUST-0755,Account Access,High,In Progress,False,-1.0,1.0,2026-01-16 00:00:00
TCK-0755-05,CUST-0755,Technical Bug,Medium,In Progress,False,-1.0,2.0,2025-08-11 00:00:00
TCK-0755-06,CUST-0755,Account Access,Urgent,In Progress,False,-1.0,2.0,2025-09-16 00:00:00
TCK-0755-07,CUST-0755,Billing,Low,Resolved,True,23.6,3.0,2026-01-24 00:00:00
TCK-0755-08,CUST-0755,Feature Request,High,Resolved,False,62.6,4.0,2025-07-13 00:00:00
TCK-0756-01,CUST-0756,Feature Request,High,Closed,False,17.7,5.0,2025-03-04 00:00:00
TCK-0756-02,CUST-0756,Performance Issue,Low,Closed,False,22.1,4.0,2026-06-09 00:00:00
TCK-0756-03,CUST-0756,Feature Request,Urgent,Closed,False,15.0,5.0,2025-03-02 00:00:00
TCK-0756-04,CUST-0756,Account Access,Medium,Resolved,False,2.0,3.0,2026-06-14 00:00:00
TCK-0756-05,CUST-0756,Performance Issue,Low,Escalation Pending,False,-1.0,1.0,2025-02-21 00:00:00
TCK-0756-06,CUST-0756,Account Access,Medium,Resolved,False,13.6,5.0,2026-04-28 00:00:00
TCK-0756-07,CUST-0756,Account Access,Urgent,Resolved,False,25.4,4.0,2026-05-12 00:00:00
TCK-0757-01,CUST-0757,Billing,High,Closed,True,5.1,1.0,2026-06-26 00:00:00
TCK-0757-02,CUST-0757,Feature Request,Urgent,In Progress,False,-1.0,1.0,2025-11-30 00:00:00
TCK-0757-03,CUST-0757,Billing,Urgent,Closed,True,64.8,1.0,2025-10-03 00:00:00
TCK-0758-01,CUST-0758,Account Access,Urgent,Closed,True,5.1,1.0,2025-10-06 00:00:00
TCK-0758-02,CUST-0758,Performance Issue,Medium,Closed,False,19.6,4.0,2026-03-24 00:00:00
TCK-0758-03,CUST-0758,Feature Request,Urgent,Resolved,False,14.3,4.0,2026-03-18 00:00:00
TCK-0759-01,CUST-0759,Account Access,Urgent,In Progress,True,-1.0,1.0,2026-03-07 00:00:00
TCK-0759-02,CUST-0759,Feature Request,Medium,Closed,False,10.9,5.0,2025-09-02 00:00:00
TCK-0759-03,CUST-0759,Technical Bug,Urgent,Resolved,False,2.5,5.0,2026-03-15 00:00:00
TCK-0759-04,CUST-0759,Performance Issue,Urgent,Resolved,True,24.3,1.0,2025-09-09 00:00:00
TCK-0760-01,CUST-0760,Technical Bug,High,Closed,False,42.2,4.0,2026-05-09 00:00:00
TCK-0760-02,CUST-0760,Technical Bug,Low,In Progress,False,-1.0,2.0,2026-01-11 00:00:00
TCK-0760-03,CUST-0760,Account Access,High,Escalation Pending,False,-1.0,2.0,2025-12-13 00:00:00
TCK-0760-04,CUST-0760,Billing,Urgent,Closed,False,12.2,3.0,2026-04-11 00:00:00
TCK-0761-01,CUST-0761,Feature Request,High,In Progress,False,-1.0,3.0,2025-09-17 00:00:00
TCK-0761-02,CUST-0761,Performance Issue,Low,Resolved,False,8.7,3.0,2026-01-04 00:00:00
TCK-0761-03,CUST-0761,Account Access,Low,Resolved,False,3.1,4.0,2025-10-28 00:00:00
TCK-0761-04,CUST-0761,Account Access,Urgent,Closed,False,17.7,5.0,2025-11-03 00:00:00
TCK-0761-05,CUST-0761,Technical Bug,Low,In Progress,False,-1.0,3.0,2025-12-24 00:00:00
TCK-0761-06,CUST-0761,Technical Bug,Urgent,Resolved,False,2.2,5.0,2025-09-22 00:00:00
TCK-0762-01,CUST-0762,Billing,Urgent,In Progress,True,-1.0,2.0,2025-03-21 00:00:00
TCK-0762-02,CUST-0762,Billing,Medium,Closed,True,14.1,3.0,2025-09-04 00:00:00
TCK-0762-03,CUST-0762,Technical Bug,Urgent,In Progress,True,-1.0,2.0,2025-05-09 00:00:00
TCK-0762-04,CUST-0762,Feature Request,Urgent,In Progress,False,-1.0,1.0,2026-01-16 00:00:00
TCK-0763-01,CUST-0763,Account Access,High,Resolved,False,56.2,4.0,2025-06-12 00:00:00
TCK-0763-02,CUST-0763,Billing,Urgent,Escalation Pending,False,-1.0,2.0,2026-01-01 00:00:00
TCK-0764-01,CUST-0764,Account Access,High,In Progress,False,-1.0,1.0,2026-01-01 00:00:00
TCK-0764-02,CUST-0764,Performance Issue,Medium,In Progress,False,-1.0,2.0,2025-02-14 00:00:00
TCK-0764-03,CUST-0764,Feature Request,Urgent,Resolved,False,42.4,5.0,2025-07-27 00:00:00
TCK-0764-04,CUST-0764,Billing,Urgent,In Progress,False,-1.0,2.0,2025-06-23 00:00:00
TCK-0764-05,CUST-0764,Technical Bug,Urgent,Closed,True,30.7,1.0,2026-02-20 00:00:00
TCK-0764-06,CUST-0764,Billing,Low,Resolved,False,18.3,3.0,2025-09-06 00:00:00
TCK-0764-07,CUST-0764,Feature Request,Low,Resolved,False,15.0,3.0,2025-04-02 00:00:00
TCK-0764-08,CUST-0764,Feature Request,Low,Closed,True,23.9,2.0,2026-03-15 00:00:00
TCK-0765-01,CUST-0765,Billing,Low,Escalation Pending,True,-1.0,1.0,2026-03-26 00:00:00
TCK-0765-02,CUST-0765,Performance Issue,Medium,Resolved,False,4.3,5.0,2026-04-16 00:00:00
TCK-0765-03,CUST-0765,Performance Issue,Urgent,Resolved,True,69.5,2.0,2025-12-22 00:00:00
TCK-0765-04,CUST-0765,Account Access,High,Resolved,False,71.3,4.0,2025-11-25 00:00:00
TCK-0765-05,CUST-0765,Billing,High,Resolved,False,70.0,5.0,2026-04-03 00:00:00
TCK-0765-06,CUST-0765,Technical Bug,Urgent,Closed,False,26.6,3.0,2026-05-21 00:00:00
TCK-0765-07,CUST-0765,Account Access,Low,In Progress,False,-1.0,3.0,2026-06-05 00:00:00
TCK-0765-08,CUST-0765,Feature Request,Urgent,Resolved,True,40.6,3.0,2025-11-06 00:00:00
TCK-0765-09,CUST-0765,Feature Request,Urgent,Escalation Pending,True,-1.0,2.0,2026-05-23 00:00:00
TCK-0766-01,CUST-0766,Performance Issue,Medium,Escalation Pending,False,-1.0,1.0,2025-09-06 00:00:00
TCK-0766-02,CUST-0766,Account Access,Medium,Resolved,False,15.5,3.0,2026-05-30 00:00:00
TCK-0766-03,CUST-0766,Feature Request,High,Resolved,False,12.4,5.0,2025-08-04 00:00:00
TCK-0766-04,CUST-0766,Performance Issue,Low,Closed,False,6.6,4.0,2026-05-21 00:00:00
TCK-0766-05,CUST-0766,Billing,Medium,Closed,False,18.8,5.0,2026-03-20 00:00:00
TCK-0767-01,CUST-0767,Account Access,Medium,In Progress,False,-1.0,1.0,2026-04-26 00:00:00
TCK-0767-02,CUST-0767,Technical Bug,Low,In Progress,False,-1.0,3.0,2026-05-31 00:00:00
TCK-0767-03,CUST-0767,Account Access,Urgent,Resolved,False,15.0,4.0,2026-04-16 00:00:00
TCK-0767-04,CUST-0767,Performance Issue,Medium,In Progress,False,-1.0,1.0,2026-05-11 00:00:00
TCK-0767-05,CUST-0767,Technical Bug,Medium,Closed,False,14.7,3.0,2026-05-05 00:00:00
TCK-0767-06,CUST-0767,Feature Request,Urgent,Resolved,True,57.5,3.0,2026-02-10 00:00:00
TCK-0767-07,CUST-0767,Feature Request,High,Resolved,False,24.1,5.0,2026-06-02 00:00:00
TCK-0767-08,CUST-0767,Feature Request,Low,Closed,False,3.6,4.0,2026-02-23 00:00:00
TCK-0767-09,CUST-0767,Technical Bug,High,Closed,False,26.5,3.0,2025-10-27 00:00:00
TCK-0768-01,CUST-0768,Performance Issue,High,Closed,False,28.6,5.0,2025-11-08 00:00:00
TCK-0768-02,CUST-0768,Account Access,Urgent,In Progress,True,-1.0,1.0,2025-07-03 00:00:00
TCK-0769-01,CUST-0769,Account Access,Low,In Progress,False,-1.0,1.0,2026-02-19 00:00:00
TCK-0769-02,CUST-0769,Account Access,Low,Resolved,True,2.3,1.0,2026-06-09 00:00:00
TCK-0769-03,CUST-0769,Performance Issue,Urgent,Closed,True,26.4,3.0,2025-12-18 00:00:00
TCK-0769-04,CUST-0769,Billing,Low,Resolved,True,13.1,3.0,2026-05-03 00:00:00
TCK-0769-05,CUST-0769,Performance Issue,Low,Closed,False,18.8,4.0,2026-04-10 00:00:00
TCK-0769-06,CUST-0769,Feature Request,High,In Progress,True,-1.0,3.0,2025-11-11 00:00:00
TCK-0769-07,CUST-0769,Billing,Low,Escalation Pending,True,-1.0,1.0,2026-01-07 00:00:00
TCK-0770-01,CUST-0770,Technical Bug,High,In Progress,False,-1.0,2.0,2025-08-17 00:00:00
TCK-0770-02,CUST-0770,Feature Request,Medium,Closed,True,23.2,1.0,2025-09-15 00:00:00
TCK-0770-03,CUST-0770,Account Access,Urgent,Closed,False,12.1,4.0,2026-01-10 00:00:00
TCK-0770-04,CUST-0770,Account Access,Low,Resolved,False,18.5,4.0,2026-03-01 00:00:00
TCK-0770-05,CUST-0770,Account Access,Medium,Escalation Pending,False,-1.0,1.0,2026-05-09 00:00:00
TCK-0770-06,CUST-0770,Performance Issue,High,In Progress,False,-1.0,2.0,2026-03-10 00:00:00
TCK-0770-07,CUST-0770,Billing,Low,Closed,False,22.4,3.0,2025-04-20 00:00:00
TCK-0770-08,CUST-0770,Feature Request,High,Closed,True,25.6,1.0,2025-08-04 00:00:00
TCK-0771-01,CUST-0771,Account Access,Urgent,Resolved,True,65.4,2.0,2025-10-06 00:00:00
TCK-0771-02,CUST-0771,Account Access,Low,In Progress,False,-1.0,2.0,2025-04-28 00:00:00
TCK-0771-03,CUST-0771,Technical Bug,Medium,Escalation Pending,False,-1.0,2.0,2025-08-28 00:00:00
TCK-0771-04,CUST-0771,Billing,Medium,Resolved,False,9.2,5.0,2026-02-16 00:00:00
TCK-0771-05,CUST-0771,Account Access,Low,Resolved,False,16.7,5.0,2025-12-02 00:00:00
TCK-0771-06,CUST-0771,Technical Bug,Low,Closed,False,18.2,5.0,2025-12-25 00:00:00
TCK-0771-07,CUST-0771,Technical Bug,Medium,Resolved,True,16.1,1.0,2026-01-24 00:00:00
TCK-0771-08,CUST-0771,Account Access,Medium,In Progress,False,-1.0,3.0,2025-04-23 00:00:00
TCK-0771-09,CUST-0771,Account Access,Low,Resolved,False,6.8,5.0,2026-02-15 00:00:00
TCK-0772-01,CUST-0772,Feature Request,High,Resolved,True,60.0,3.0,2025-06-11 00:00:00
TCK-0772-02,CUST-0772,Billing,Urgent,Resolved,True,12.7,3.0,2026-02-10 00:00:00
TCK-0772-03,CUST-0772,Account Access,High,Escalation Pending,False,-1.0,2.0,2025-11-29 00:00:00
TCK-0772-04,CUST-0772,Performance Issue,High,Closed,False,34.4,3.0,2025-09-30 00:00:00
TCK-0773-01,CUST-0773,Account Access,Medium,Resolved,False,14.3,3.0,2025-07-08 00:00:00
TCK-0773-02,CUST-0773,Billing,Medium,In Progress,True,-1.0,1.0,2025-09-09 00:00:00
TCK-0773-03,CUST-0773,Billing,High,Closed,False,64.1,4.0,2025-10-16 00:00:00
TCK-0774-01,CUST-0774,Technical Bug,Urgent,Resolved,False,46.1,4.0,2025-05-15 00:00:00
TCK-0774-02,CUST-0774,Technical Bug,High,In Progress,True,-1.0,1.0,2025-09-10 00:00:00
TCK-0774-03,CUST-0774,Performance Issue,Urgent,Resolved,False,58.9,5.0,2025-11-23 00:00:00
TCK-0774-04,CUST-0774,Billing,High,Closed,False,47.6,5.0,2026-04-02 00:00:00
TCK-0774-05,CUST-0774,Feature Request,Urgent,In Progress,False,-1.0,1.0,2026-02-10 00:00:00
TCK-0774-06,CUST-0774,Feature Request,Urgent,Resolved,False,4.8,5.0,2025-08-09 00:00:00
TCK-0774-07,CUST-0774,Account Access,Low,Closed,True,17.4,2.0,2025-06-16 00:00:00
TCK-0774-08,CUST-0774,Billing,Urgent,Closed,False,21.9,5.0,2026-06-25 00:00:00
TCK-0775-01,CUST-0775,Performance Issue,Medium,Escalation Pending,False,-1.0,2.0,2025-10-01 00:00:00
TCK-0775-02,CUST-0775,Performance Issue,High,Closed,False,40.9,3.0,2025-07-27 00:00:00
TCK-0775-03,CUST-0775,Performance Issue,Medium,Closed,False,23.3,4.0,2026-05-20 00:00:00
TCK-0775-04,CUST-0775,Performance Issue,Urgent,Escalation Pending,False,-1.0,3.0,2025-03-16 00:00:00
TCK-0775-05,CUST-0775,Account Access,Medium,Closed,False,9.8,5.0,2025-09-28 00:00:00
TCK-0775-06,CUST-0775,Billing,High,Resolved,False,59.4,5.0,2025-08-14 00:00:00
TCK-0775-07,CUST-0775,Billing,Medium,In Progress,True,-1.0,3.0,2026-05-28 00:00:00
TCK-0775-08,CUST-0775,Billing,High,Escalation Pending,True,-1.0,3.0,2025-02-07 00:00:00
TCK-0776-01,CUST-0776,Performance Issue,Urgent,In Progress,True,-1.0,2.0,2026-04-29 00:00:00
TCK-0776-02,CUST-0776,Performance Issue,Urgent,Escalation Pending,False,-1.0,1.0,2025-11-23 00:00:00
TCK-0776-03,CUST-0776,Technical Bug,Low,In Progress,False,-1.0,1.0,2026-02-26 00:00:00
TCK-0776-04,CUST-0776,Performance Issue,High,In Progress,False,-1.0,3.0,2026-01-13 00:00:00
TCK-0776-05,CUST-0776,Technical Bug,High,In Progress,False,-1.0,1.0,2026-01-26 00:00:00
TCK-0776-06,CUST-0776,Technical Bug,Low,Resolved,False,9.7,3.0,2026-05-17 00:00:00
TCK-0777-01,CUST-0777,Performance Issue,Urgent,In Progress,False,-1.0,1.0,2026-01-31 00:00:00
TCK-0777-02,CUST-0777,Technical Bug,Urgent,In Progress,True,-1.0,3.0,2025-12-27 00:00:00
TCK-0778-01,CUST-0778,Feature Request,Medium,In Progress,False,-1.0,1.0,2026-04-12 00:00:00
TCK-0778-02,CUST-0778,Feature Request,Urgent,Resolved,False,71.5,4.0,2025-12-07 00:00:00
TCK-0778-03,CUST-0778,Technical Bug,Low,Resolved,False,11.7,4.0,2026-03-09 00:00:00
TCK-0778-04,CUST-0778,Account Access,Urgent,In Progress,False,-1.0,1.0,2025-11-10 00:00:00
TCK-0778-05,CUST-0778,Billing,Medium,In Progress,False,-1.0,3.0,2026-04-14 00:00:00
TCK-0779-01,CUST-0779,Technical Bug,Low,Escalation Pending,False,-1.0,1.0,2025-10-08 00:00:00
TCK-0779-02,CUST-0779,Billing,Urgent,In Progress,False,-1.0,3.0,2025-10-17 00:00:00
TCK-0779-03,CUST-0779,Billing,Low,Resolved,True,13.2,1.0,2025-10-09 00:00:00
TCK-0779-04,CUST-0779,Feature Request,High,In Progress,False,-1.0,3.0,2025-07-24 00:00:00
TCK-0779-05,CUST-0779,Billing,Low,Closed,True,8.7,3.0,2025-10-14 00:00:00
TCK-0780-01,CUST-0780,Billing,Urgent,Escalation Pending,False,-1.0,3.0,2025-12-30 00:00:00
TCK-0780-02,CUST-0780,Technical Bug,Medium,In Progress,False,-1.0,3.0,2026-03-22 00:00:00
TCK-0780-03,CUST-0780,Performance Issue,Urgent,Resolved,False,16.7,4.0,2025-05-26 00:00:00
TCK-0780-04,CUST-0780,Account Access,Medium,Escalation Pending,False,-1.0,2.0,2025-09-02 00:00:00
TCK-0780-05,CUST-0780,Technical Bug,High,Resolved,True,5.0,2.0,2025-06-18 00:00:00
TCK-0780-06,CUST-0780,Billing,Low,Escalation Pending,True,-1.0,1.0,2025-06-18 00:00:00
TCK-0780-07,CUST-0780,Billing,High,Resolved,True,18.4,2.0,2025-11-02 00:00:00
TCK-0780-08,CUST-0780,Feature Request,High,Escalation Pending,True,-1.0,1.0,2026-05-01 00:00:00
TCK-0781-01,CUST-0781,Billing,Urgent,Resolved,False,51.8,5.0,2026-06-06 00:00:00
TCK-0781-02,CUST-0781,Feature Request,Urgent,Escalation Pending,False,-1.0,2.0,2025-09-28 00:00:00
TCK-0781-03,CUST-0781,Technical Bug,Urgent,Resolved,False,11.0,4.0,2026-05-28 00:00:00
TCK-0781-04,CUST-0781,Billing,Medium,Closed,False,2.9,5.0,2025-12-20 00:00:00
TCK-0782-01,CUST-0782,Performance Issue,Urgent,Resolved,False,47.2,5.0,2026-06-19 00:00:00
TCK-0782-02,CUST-0782,Technical Bug,High,Resolved,True,36.9,3.0,2026-05-16 00:00:00
TCK-0782-03,CUST-0782,Feature Request,High,Resolved,False,19.4,3.0,2025-12-09 00:00:00
TCK-0782-04,CUST-0782,Feature Request,High,Closed,False,65.5,3.0,2026-03-17 00:00:00
TCK-0782-05,CUST-0782,Account Access,Medium,Closed,False,2.7,5.0,2025-11-17 00:00:00
TCK-0782-06,CUST-0782,Performance Issue,Medium,Closed,False,11.9,5.0,2025-10-20 00:00:00
TCK-0782-07,CUST-0782,Billing,Urgent,In Progress,True,-1.0,2.0,2026-02-02 00:00:00
TCK-0783-01,CUST-0783,Feature Request,High,In Progress,True,-1.0,2.0,2026-06-16 00:00:00
TCK-0783-02,CUST-0783,Account Access,High,In Progress,False,-1.0,2.0,2025-11-23 00:00:00
TCK-0783-03,CUST-0783,Billing,Urgent,Escalation Pending,False,-1.0,2.0,2026-02-26 00:00:00
TCK-0783-04,CUST-0783,Performance Issue,Medium,Closed,False,23.4,3.0,2025-07-18 00:00:00
TCK-0783-05,CUST-0783,Billing,Urgent,Resolved,False,66.8,3.0,2026-05-14 00:00:00
TCK-0784-01,CUST-0784,Billing,Urgent,Escalation Pending,False,-1.0,3.0,2026-05-22 00:00:00
TCK-0784-02,CUST-0784,Billing,High,Resolved,True,68.7,2.0,2026-03-11 00:00:00
TCK-0784-03,CUST-0784,Feature Request,Urgent,Escalation Pending,False,-1.0,2.0,2025-10-19 00:00:00
TCK-0784-04,CUST-0784,Technical Bug,Urgent,In Progress,True,-1.0,2.0,2026-02-11 00:00:00
TCK-0784-05,CUST-0784,Billing,High,Escalation Pending,False,-1.0,2.0,2025-07-14 00:00:00
TCK-0784-06,CUST-0784,Billing,Low,Escalation Pending,False,-1.0,2.0,2025-06-09 00:00:00
TCK-0784-07,CUST-0784,Technical Bug,Medium,Escalation Pending,False,-1.0,1.0,2026-05-22 00:00:00
TCK-0784-08,CUST-0784,Account Access,High,Resolved,True,34.5,1.0,2025-11-06 00:00:00
TCK-0785-01,CUST-0785,Billing,High,Closed,False,37.9,3.0,2026-05-22 00:00:00
TCK-0785-02,CUST-0785,Feature Request,Medium,Closed,False,8.2,3.0,2025-11-17 00:00:00
TCK-0785-03,CUST-0785,Performance Issue,Low,Closed,False,3.3,5.0,2025-11-23 00:00:00
TCK-0785-04,CUST-0785,Technical Bug,Medium,In Progress,False,-1.0,2.0,2026-02-24 00:00:00
TCK-0785-05,CUST-0785,Account Access,Low,Resolved,False,5.7,5.0,2025-04-24 00:00:00
TCK-0786-01,CUST-0786,Feature Request,High,Closed,True,26.8,2.0,2026-05-04 00:00:00
TCK-0786-02,CUST-0786,Feature Request,High,In Progress,True,-1.0,1.0,2025-11-30 00:00:00
TCK-0786-03,CUST-0786,Technical Bug,High,Closed,True,16.4,1.0,2025-11-08 00:00:00
TCK-0786-04,CUST-0786,Account Access,Low,Resolved,False,15.0,3.0,2026-04-12 00:00:00
TCK-0786-05,CUST-0786,Technical Bug,Low,Escalation Pending,False,-1.0,1.0,2025-09-23 00:00:00
TCK-0787-01,CUST-0787,Account Access,Medium,Escalation Pending,False,-1.0,2.0,2026-01-09 00:00:00
TCK-0787-02,CUST-0787,Technical Bug,High,In Progress,False,-1.0,3.0,2025-04-19 00:00:00
TCK-0787-03,CUST-0787,Account Access,Urgent,Escalation Pending,True,-1.0,1.0,2026-06-17 00:00:00
TCK-0787-04,CUST-0787,Account Access,High,Closed,True,30.9,3.0,2025-03-24 00:00:00
TCK-0787-05,CUST-0787,Performance Issue,High,In Progress,False,-1.0,2.0,2025-05-27 00:00:00
TCK-0787-06,CUST-0787,Feature Request,High,Closed,False,30.1,4.0,2026-02-12 00:00:00
TCK-0788-01,CUST-0788,Technical Bug,Medium,In Progress,False,-1.0,3.0,2025-09-10 00:00:00
TCK-0788-02,CUST-0788,Account Access,Low,In Progress,False,-1.0,3.0,2025-07-12 00:00:00
TCK-0788-03,CUST-0788,Performance Issue,Low,Escalation Pending,False,-1.0,2.0,2025-03-05 00:00:00
TCK-0788-04,CUST-0788,Feature Request,Low,Escalation Pending,False,-1.0,1.0,2026-01-22 00:00:00
TCK-0789-01,CUST-0789,Feature Request,Urgent,In Progress,False,-1.0,2.0,2026-03-10 00:00:00
TCK-0789-02,CUST-0789,Feature Request,High,Closed,False,4.4,5.0,2025-10-16 00:00:00
TCK-0789-03,CUST-0789,Billing,Low,Escalation Pending,False,-1.0,3.0,2026-02-21 00:00:00
TCK-0789-04,CUST-0789,Performance Issue,Medium,Escalation Pending,False,-1.0,1.0,2026-06-08 00:00:00
TCK-0789-05,CUST-0789,Feature Request,High,Closed,False,36.8,4.0,2026-07-01 00:00:00
TCK-0789-06,CUST-0789,Performance Issue,High,In Progress,False,-1.0,3.0,2025-12-05 00:00:00
TCK-0789-07,CUST-0789,Billing,Low,Resolved,True,21.5,2.0,2025-06-06 00:00:00
TCK-0789-08,CUST-0789,Feature Request,Medium,In Progress,False,-1.0,2.0,2026-06-03 00:00:00
TCK-0789-09,CUST-0789,Technical Bug,Urgent,Escalation Pending,True,-1.0,1.0,2026-03-14 00:00:00
TCK-0790-01,CUST-0790,Feature Request,Medium,Resolved,False,17.5,5.0,2026-01-28 00:00:00
TCK-0790-02,CUST-0790,Billing,Urgent,Closed,False,11.2,3.0,2026-02-12 00:00:00
TCK-0790-03,CUST-0790,Performance Issue,High,In Progress,True,-1.0,2.0,2026-01-04 00:00:00
TCK-0790-04,CUST-0790,Feature Request,High,Closed,True,31.9,2.0,2026-03-01 00:00:00
TCK-0791-01,CUST-0791,Feature Request,Low,Closed,False,18.0,5.0,2026-06-30 00:00:00
TCK-0791-02,CUST-0791,Account Access,Medium,Resolved,False,13.6,4.0,2025-09-14 00:00:00
TCK-0791-03,CUST-0791,Account Access,Low,Closed,False,10.7,4.0,2026-03-02 00:00:00
TCK-0791-04,CUST-0791,Feature Request,Low,In Progress,False,-1.0,3.0,2025-07-17 00:00:00
TCK-0791-05,CUST-0791,Account Access,Low,Escalation Pending,False,-1.0,2.0,2026-06-06 00:00:00
TCK-0791-06,CUST-0791,Account Access,Low,Escalation Pending,True,-1.0,1.0,2026-03-17 00:00:00
TCK-0791-07,CUST-0791,Billing,Low,In Progress,False,-1.0,1.0,2025-09-09 00:00:00
TCK-0792-01,CUST-0792,Performance Issue,High,Closed,True,33.0,2.0,2026-02-06 00:00:00
TCK-0792-02,CUST-0792,Feature Request,High,Closed,True,24.3,2.0,2025-09-19 00:00:00
TCK-0792-03,CUST-0792,Technical Bug,Urgent,Closed,True,52.1,3.0,2025-09-18 00:00:00
TCK-0792-04,CUST-0792,Performance Issue,Urgent,Closed,False,7.6,5.0,2025-07-31 00:00:00
TCK-0792-05,CUST-0792,Billing,Low,Resolved,True,12.8,1.0,2025-07-04 00:00:00
TCK-0792-06,CUST-0792,Account Access,Medium,In Progress,False,-1.0,3.0,2026-02-22 00:00:00
TCK-0792-07,CUST-0792,Feature Request,Urgent,In Progress,False,-1.0,1.0,2026-02-09 00:00:00
TCK-0793-01,CUST-0793,Performance Issue,Medium,Escalation Pending,True,-1.0,1.0,2025-04-19 00:00:00
TCK-0793-02,CUST-0793,Performance Issue,High,Closed,True,60.9,2.0,2025-11-20 00:00:00
TCK-0794-01,CUST-0794,Performance Issue,High,Closed,True,49.9,2.0,2026-01-22 00:00:00
TCK-0794-02,CUST-0794,Account Access,Low,Escalation Pending,False,-1.0,3.0,2026-02-15 00:00:00
TCK-0794-03,CUST-0794,Billing,Low,Escalation Pending,False,-1.0,1.0,2025-05-13 00:00:00
TCK-0794-04,CUST-0794,Billing,Urgent,Closed,True,68.1,1.0,2025-11-08 00:00:00
TCK-0794-05,CUST-0794,Performance Issue,High,Closed,True,43.7,3.0,2026-02-07 00:00:00
TCK-0794-06,CUST-0794,Account Access,Urgent,Closed,False,18.4,3.0,2026-04-06 00:00:00
TCK-0795-01,CUST-0795,Feature Request,High,Resolved,False,15.8,4.0,2025-07-07 00:00:00
TCK-0795-02,CUST-0795,Performance Issue,Low,Resolved,False,21.5,5.0,2025-08-03 00:00:00
TCK-0795-03,CUST-0795,Feature Request,High,In Progress,True,-1.0,1.0,2025-10-21 00:00:00
TCK-0796-01,CUST-0796,Feature Request,High,In Progress,True,-1.0,1.0,2026-04-25 00:00:00
TCK-0796-02,CUST-0796,Account Access,Low,Resolved,False,8.5,5.0,2025-09-27 00:00:00
TCK-0796-03,CUST-0796,Technical Bug,Urgent,In Progress,False,-1.0,3.0,2026-01-16 00:00:00
TCK-0796-04,CUST-0796,Technical Bug,Urgent,Escalation Pending,True,-1.0,2.0,2025-08-21 00:00:00
TCK-0796-05,CUST-0796,Performance Issue,Low,Closed,False,2.9,4.0,2026-05-28 00:00:00
TCK-0796-06,CUST-0796,Performance Issue,High,In Progress,False,-1.0,1.0,2026-06-13 00:00:00
TCK-0796-07,CUST-0796,Account Access,Urgent,Escalation Pending,True,-1.0,2.0,2025-11-09 00:00:00
TCK-0796-08,CUST-0796,Technical Bug,High,Closed,False,62.1,5.0,2025-08-22 00:00:00
TCK-0796-09,CUST-0796,Feature Request,Urgent,Resolved,False,32.9,5.0,2026-04-13 00:00:00
TCK-0796-10,CUST-0796,Performance Issue,High,Escalation Pending,False,-1.0,2.0,2026-05-12 00:00:00
TCK-0797-01,CUST-0797,Account Access,Low,Closed,False,16.4,5.0,2025-12-20 00:00:00
TCK-0797-02,CUST-0797,Performance Issue,High,Escalation Pending,True,-1.0,1.0,2025-04-26 00:00:00
TCK-0797-03,CUST-0797,Technical Bug,High,Resolved,False,32.2,5.0,2025-09-18 00:00:00
TCK-0797-04,CUST-0797,Performance Issue,Medium,In Progress,False,-1.0,1.0,2025-10-30 00:00:00
TCK-0797-05,CUST-0797,Performance Issue,Low,Resolved,False,8.4,5.0,2026-02-04 00:00:00
TCK-0797-06,CUST-0797,Performance Issue,Medium,Resolved,False,19.6,5.0,2025-09-27 00:00:00
TCK-0797-07,CUST-0797,Feature Request,Medium,Closed,False,18.7,4.0,2026-02-25 00:00:00
TCK-0797-08,CUST-0797,Technical Bug,Urgent,In Progress,False,-1.0,2.0,2025-05-19 00:00:00
TCK-0798-01,CUST-0798,Billing,High,In Progress,False,-1.0,3.0,2025-07-06 00:00:00
TCK-0798-02,CUST-0798,Account Access,Medium,In Progress,False,-1.0,1.0,2025-10-30 00:00:00
TCK-0799-01,CUST-0799,Account Access,Urgent,Closed,False,30.5,3.0,2026-01-18 00:00:00
TCK-0799-02,CUST-0799,Billing,Medium,In Progress,False,-1.0,1.0,2026-02-07 00:00:00
TCK-0800-01,CUST-0800,Account Access,Urgent,In Progress,False,-1.0,3.0,2026-06-05 00:00:00
TCK-0800-02,CUST-0800,Performance Issue,Urgent,Escalation Pending,False,-1.0,1.0,2026-03-19 00:00:00
TCK-0800-03,CUST-0800,Feature Request,Low,Resolved,False,13.0,5.0,2025-04-26 00:00:00
TCK-0800-04,CUST-0800,Account Access,Medium,Escalation Pending,False,-1.0,1.0,2025-04-02 00:00:00
TCK-0800-05,CUST-0800,Account Access,Low,Escalation Pending,False,-1.0,2.0,2026-06-06 00:00:00
TCK-0800-06,CUST-0800,Account Access,Medium,Escalation Pending,False,-1.0,1.0,2026-02-08 00:00:00
TCK-0800-07,CUST-0800,Feature Request,Medium,Escalation Pending,False,-1.0,2.0,2025-06-10 00:00:00
TCK-0800-08,CUST-0800,Billing,High,Escalation Pending,False,-1.0,2.0,2026-05-07 00:00:00
TCK-0800-09,CUST-0800,Billing,High,In Progress,True,-1.0,3.0,2025-10-16 00:00:00
TCK-0800-10,CUST-0800,Feature Request,Low,In Progress,False,-1.0,3.0,2026-03-12 00:00:00
TCK-0801-01,CUST-0801,Billing,Urgent,Closed,True,51.6,3.0,2025-07-29 00:00:00
TCK-0801-02,CUST-0801,Billing,Medium,Closed,True,14.7,3.0,2025-07-16 00:00:00
TCK-0801-03,CUST-0801,Billing,High,Resolved,False,3.0,3.0,2025-09-07 00:00:00
TCK-0801-04,CUST-0801,Technical Bug,Low,In Progress,False,-1.0,3.0,2025-10-25 00:00:00
TCK-0801-05,CUST-0801,Account Access,Urgent,Escalation Pending,False,-1.0,1.0,2026-02-10 00:00:00
TCK-0801-06,CUST-0801,Account Access,Low,Escalation Pending,False,-1.0,3.0,2026-02-26 00:00:00
TCK-0802-01,CUST-0802,Billing,Urgent,In Progress,False,-1.0,2.0,2025-12-11 00:00:00
TCK-0802-02,CUST-0802,Feature Request,Urgent,Escalation Pending,False,-1.0,2.0,2025-11-06 00:00:00
TCK-0802-03,CUST-0802,Feature Request,Urgent,In Progress,False,-1.0,2.0,2025-11-17 00:00:00
TCK-0803-01,CUST-0803,Performance Issue,Urgent,In Progress,True,-1.0,1.0,2025-08-01 00:00:00
TCK-0803-02,CUST-0803,Feature Request,High,Escalation Pending,True,-1.0,3.0,2025-09-02 00:00:00
TCK-0803-03,CUST-0803,Performance Issue,Urgent,Escalation Pending,False,-1.0,2.0,2025-11-26 00:00:00
TCK-0803-04,CUST-0803,Account Access,Medium,Escalation Pending,False,-1.0,1.0,2026-06-12 00:00:00
TCK-0804-01,CUST-0804,Performance Issue,Urgent,In Progress,False,-1.0,1.0,2025-09-29 00:00:00
TCK-0804-02,CUST-0804,Feature Request,Urgent,Escalation Pending,True,-1.0,2.0,2025-12-10 00:00:00
TCK-0804-03,CUST-0804,Performance Issue,Low,Resolved,False,7.7,3.0,2025-12-06 00:00:00
TCK-0804-04,CUST-0804,Billing,Medium,Closed,False,7.3,3.0,2025-10-08 00:00:00
TCK-0804-05,CUST-0804,Billing,Low,In Progress,False,-1.0,3.0,2025-09-08 00:00:00
TCK-0805-01,CUST-0805,Account Access,High,In Progress,True,-1.0,2.0,2025-12-13 00:00:00
TCK-0805-02,CUST-0805,Performance Issue,Urgent,Resolved,True,21.4,2.0,2026-05-18 00:00:00
TCK-0805-03,CUST-0805,Account Access,High,Closed,False,24.2,5.0,2026-01-06 00:00:00
TCK-0805-04,CUST-0805,Performance Issue,Urgent,Resolved,False,48.0,5.0,2026-03-23 00:00:00
TCK-0805-05,CUST-0805,Feature Request,Urgent,Escalation Pending,False,-1.0,1.0,2026-01-08 00:00:00
TCK-0805-06,CUST-0805,Performance Issue,High,Escalation Pending,False,-1.0,3.0,2026-02-01 00:00:00
TCK-0805-07,CUST-0805,Billing,Urgent,Closed,False,24.9,5.0,2025-10-19 00:00:00
TCK-0805-08,CUST-0805,Billing,Low,Escalation Pending,False,-1.0,1.0,2026-02-08 00:00:00
TCK-0805-09,CUST-0805,Feature Request,High,Escalation Pending,False,-1.0,3.0,2025-12-21 00:00:00
TCK-0806-01,CUST-0806,Billing,Urgent,Escalation Pending,False,-1.0,1.0,2026-05-07 00:00:00
TCK-0806-02,CUST-0806,Feature Request,Low,Resolved,True,4.9,2.0,2025-11-05 00:00:00
TCK-0806-03,CUST-0806,Performance Issue,Low,In Progress,False,-1.0,3.0,2025-12-01 00:00:00
TCK-0806-04,CUST-0806,Billing,Medium,Escalation Pending,False,-1.0,1.0,2025-11-17 00:00:00
TCK-0806-05,CUST-0806,Technical Bug,Low,In Progress,False,-1.0,3.0,2025-11-04 00:00:00
TCK-0806-06,CUST-0806,Performance Issue,Low,In Progress,False,-1.0,3.0,2026-04-10 00:00:00
TCK-0806-07,CUST-0806,Technical Bug,High,In Progress,False,-1.0,2.0,2025-12-29 00:00:00
TCK-0807-01,CUST-0807,Account Access,Low,In Progress,False,-1.0,1.0,2026-05-11 00:00:00
TCK-0807-02,CUST-0807,Technical Bug,Urgent,Closed,True,49.2,1.0,2025-09-20 00:00:00
TCK-0807-03,CUST-0807,Billing,Medium,Escalation Pending,True,-1.0,2.0,2025-10-09 00:00:00
TCK-0807-04,CUST-0807,Performance Issue,High,In Progress,True,-1.0,1.0,2025-06-02 00:00:00
TCK-0807-05,CUST-0807,Technical Bug,High,Closed,False,54.7,5.0,2025-05-27 00:00:00
TCK-0808-01,CUST-0808,Billing,Urgent,In Progress,True,-1.0,2.0,2025-04-08 00:00:00
TCK-0808-02,CUST-0808,Account Access,Medium,Resolved,True,12.3,1.0,2026-03-14 00:00:00
TCK-0808-03,CUST-0808,Performance Issue,Medium,In Progress,False,-1.0,3.0,2026-03-25 00:00:00
TCK-0808-04,CUST-0808,Technical Bug,Medium,Escalation Pending,False,-1.0,2.0,2026-02-22 00:00:00
TCK-0808-05,CUST-0808,Technical Bug,Urgent,In Progress,False,-1.0,2.0,2025-11-17 00:00:00
TCK-0808-06,CUST-0808,Feature Request,Low,Escalation Pending,False,-1.0,2.0,2025-12-05 00:00:00
TCK-0808-07,CUST-0808,Technical Bug,High,Resolved,True,22.2,1.0,2025-07-07 00:00:00
TCK-0808-08,CUST-0808,Feature Request,Urgent,In Progress,False,-1.0,3.0,2025-08-10 00:00:00
TCK-0808-09,CUST-0808,Performance Issue,Medium,Closed,False,15.4,4.0,2025-11-28 00:00:00
TCK-0808-10,CUST-0808,Billing,Medium,In Progress,False,-1.0,1.0,2026-02-28 00:00:00
TCK-0809-01,CUST-0809,Feature Request,High,In Progress,False,-1.0,2.0,2026-04-12 00:00:00
TCK-0809-02,CUST-0809,Technical Bug,Medium,Resolved,False,20.3,3.0,2025-12-04 00:00:00
TCK-0809-03,CUST-0809,Feature Request,Low,Resolved,False,5.3,5.0,2026-02-06 00:00:00
TCK-0809-04,CUST-0809,Performance Issue,Medium,In Progress,False,-1.0,2.0,2026-04-06 00:00:00
TCK-0810-01,CUST-0810,Feature Request,Medium,Resolved,False,20.3,5.0,2026-04-28 00:00:00
TCK-0810-02,CUST-0810,Account Access,Low,In Progress,True,-1.0,2.0,2025-05-22 00:00:00
TCK-0810-03,CUST-0810,Feature Request,High,Escalation Pending,False,-1.0,2.0,2025-07-12 00:00:00
TCK-0811-01,CUST-0811,Technical Bug,Medium,Resolved,False,15.9,5.0,2026-01-06 00:00:00
TCK-0811-02,CUST-0811,Technical Bug,Medium,Escalation Pending,False,-1.0,2.0,2026-02-20 00:00:00
TCK-0811-03,CUST-0811,Performance Issue,Medium,Escalation Pending,False,-1.0,3.0,2025-03-14 00:00:00
TCK-0811-04,CUST-0811,Performance Issue,Urgent,In Progress,False,-1.0,3.0,2025-10-22 00:00:00
TCK-0811-05,CUST-0811,Billing,Low,Closed,False,6.1,5.0,2025-06-09 00:00:00
TCK-0811-06,CUST-0811,Billing,Low,Resolved,True,21.8,3.0,2025-09-22 00:00:00
TCK-0812-01,CUST-0812,Feature Request,High,In Progress,True,-1.0,3.0,2026-03-06 00:00:00
TCK-0812-02,CUST-0812,Billing,Urgent,In Progress,True,-1.0,2.0,2025-08-21 00:00:00
TCK-0812-03,CUST-0812,Technical Bug,High,Escalation Pending,True,-1.0,3.0,2025-11-25 00:00:00
TCK-0812-04,CUST-0812,Technical Bug,Medium,Escalation Pending,False,-1.0,2.0,2026-03-06 00:00:00
TCK-0812-05,CUST-0812,Performance Issue,High,Resolved,False,25.4,5.0,2025-11-17 00:00:00
TCK-0812-06,CUST-0812,Account Access,Low,Escalation Pending,False,-1.0,1.0,2026-01-14 00:00:00
TCK-0812-07,CUST-0812,Billing,High,Escalation Pending,True,-1.0,2.0,2026-05-25 00:00:00
TCK-0812-08,CUST-0812,Feature Request,High,In Progress,False,-1.0,3.0,2026-03-04 00:00:00
TCK-0812-09,CUST-0812,Account Access,Urgent,Closed,True,51.4,2.0,2026-01-15 00:00:00
TCK-0813-01,CUST-0813,Billing,Medium,Closed,True,9.2,3.0,2025-07-27 00:00:00
TCK-0813-02,CUST-0813,Account Access,High,In Progress,False,-1.0,3.0,2025-06-23 00:00:00
TCK-0813-03,CUST-0813,Feature Request,Medium,Escalation Pending,False,-1.0,2.0,2025-04-06 00:00:00
TCK-0814-01,CUST-0814,Performance Issue,Urgent,Resolved,True,17.4,2.0,2025-07-08 00:00:00
TCK-0814-02,CUST-0814,Technical Bug,Medium,Closed,False,10.0,4.0,2025-12-15 00:00:00
TCK-0814-03,CUST-0814,Technical Bug,Medium,In Progress,False,-1.0,1.0,2025-04-30 00:00:00
TCK-0814-04,CUST-0814,Account Access,Urgent,In Progress,False,-1.0,1.0,2026-05-17 00:00:00
TCK-0815-01,CUST-0815,Feature Request,Medium,In Progress,False,-1.0,2.0,2026-03-17 00:00:00
TCK-0815-02,CUST-0815,Feature Request,Low,Escalation Pending,True,-1.0,3.0,2025-07-07 00:00:00
TCK-0815-03,CUST-0815,Account Access,High,Escalation Pending,False,-1.0,2.0,2025-12-11 00:00:00
TCK-0815-04,CUST-0815,Performance Issue,Medium,Resolved,False,17.0,5.0,2025-09-01 00:00:00
TCK-0815-05,CUST-0815,Performance Issue,Urgent,In Progress,False,-1.0,3.0,2025-02-14 00:00:00
TCK-0815-06,CUST-0815,Performance Issue,High,Closed,True,25.4,3.0,2026-04-11 00:00:00
TCK-0815-07,CUST-0815,Technical Bug,Urgent,Escalation Pending,False,-1.0,2.0,2025-06-27 00:00:00
TCK-0815-08,CUST-0815,Technical Bug,Medium,Closed,False,12.7,5.0,2026-03-27 00:00:00
TCK-0815-09,CUST-0815,Performance Issue,Medium,Resolved,False,18.0,5.0,2026-05-22 00:00:00
TCK-0815-10,CUST-0815,Technical Bug,Medium,Closed,False,7.6,5.0,2026-04-14 00:00:00
TCK-0816-01,CUST-0816,Performance Issue,Low,Escalation Pending,False,-1.0,1.0,2026-04-01 00:00:00
TCK-0816-02,CUST-0816,Performance Issue,Urgent,Escalation Pending,False,-1.0,3.0,2025-10-12 00:00:00
TCK-0816-03,CUST-0816,Account Access,High,In Progress,False,-1.0,1.0,2025-11-20 00:00:00
TCK-0817-01,CUST-0817,Feature Request,Low,In Progress,False,-1.0,2.0,2025-09-01 00:00:00
TCK-0817-02,CUST-0817,Performance Issue,Medium,Closed,False,21.1,4.0,2026-05-13 00:00:00
TCK-0817-03,CUST-0817,Billing,Low,Closed,False,7.9,5.0,2026-06-03 00:00:00
TCK-0817-04,CUST-0817,Billing,Medium,Closed,False,12.9,5.0,2026-06-12 00:00:00
TCK-0817-05,CUST-0817,Technical Bug,Low,Closed,True,5.5,1.0,2025-09-16 00:00:00
TCK-0817-06,CUST-0817,Feature Request,Medium,In Progress,True,-1.0,1.0,2025-08-23 00:00:00
TCK-0817-07,CUST-0817,Billing,Medium,Resolved,True,10.0,1.0,2025-09-14 00:00:00
TCK-0818-01,CUST-0818,Performance Issue,Medium,Escalation Pending,True,-1.0,1.0,2025-09-01 00:00:00
TCK-0818-02,CUST-0818,Technical Bug,Low,Escalation Pending,False,-1.0,2.0,2025-09-03 00:00:00
TCK-0819-01,CUST-0819,Feature Request,Urgent,Escalation Pending,False,-1.0,3.0,2026-04-29 00:00:00
TCK-0819-02,CUST-0819,Billing,Low,Resolved,False,16.4,3.0,2025-12-30 00:00:00
TCK-0819-03,CUST-0819,Feature Request,High,Closed,False,59.5,4.0,2025-10-04 00:00:00
TCK-0820-01,CUST-0820,Billing,High,In Progress,False,-1.0,2.0,2026-05-30 00:00:00
TCK-0820-02,CUST-0820,Account Access,Urgent,Resolved,False,34.6,3.0,2026-06-29 00:00:00
TCK-0820-03,CUST-0820,Feature Request,Low,Closed,False,13.7,4.0,2025-10-06 00:00:00
TCK-0820-04,CUST-0820,Account Access,Low,Closed,True,16.4,3.0,2026-06-13 00:00:00
TCK-0820-05,CUST-0820,Billing,Medium,Resolved,True,5.9,1.0,2025-12-14 00:00:00
TCK-0820-06,CUST-0820,Billing,Urgent,Resolved,False,3.8,4.0,2025-12-20 00:00:00
TCK-0820-07,CUST-0820,Account Access,Low,Closed,False,17.0,5.0,2025-12-24 00:00:00
TCK-0820-08,CUST-0820,Feature Request,Urgent,Closed,True,47.9,1.0,2025-12-12 00:00:00
TCK-0820-09,CUST-0820,Billing,Medium,Escalation Pending,True,-1.0,2.0,2026-03-16 00:00:00
TCK-0821-01,CUST-0821,Billing,Urgent,Resolved,False,9.9,5.0,2026-05-09 00:00:00
TCK-0821-02,CUST-0821,Performance Issue,Urgent,Resolved,False,14.6,3.0,2025-12-22 00:00:00
TCK-0821-03,CUST-0821,Technical Bug,Urgent,Closed,False,32.3,4.0,2025-01-31 00:00:00
TCK-0822-01,CUST-0822,Technical Bug,Low,Resolved,False,9.9,4.0,2025-10-15 00:00:00
TCK-0822-02,CUST-0822,Performance Issue,High,Resolved,False,48.5,3.0,2026-04-23 00:00:00
TCK-0822-03,CUST-0822,Account Access,High,In Progress,True,-1.0,3.0,2026-02-16 00:00:00
TCK-0822-04,CUST-0822,Technical Bug,High,Escalation Pending,False,-1.0,2.0,2025-10-07 00:00:00
TCK-0822-05,CUST-0822,Technical Bug,Urgent,Escalation Pending,False,-1.0,2.0,2026-05-15 00:00:00
TCK-0822-06,CUST-0822,Billing,Low,Closed,False,23.9,5.0,2026-03-26 00:00:00
TCK-0822-07,CUST-0822,Account Access,High,In Progress,False,-1.0,3.0,2026-01-02 00:00:00
TCK-0823-01,CUST-0823,Feature Request,Urgent,Closed,True,40.4,3.0,2025-08-29 00:00:00
TCK-0823-02,CUST-0823,Billing,Medium,In Progress,True,-1.0,1.0,2025-10-01 00:00:00
TCK-0823-03,CUST-0823,Technical Bug,Low,In Progress,False,-1.0,1.0,2026-03-22 00:00:00
TCK-0823-04,CUST-0823,Technical Bug,Urgent,Resolved,False,64.0,3.0,2026-02-18 00:00:00
TCK-0824-01,CUST-0824,Account Access,Urgent,Resolved,False,34.3,5.0,2025-11-09 00:00:00
TCK-0824-02,CUST-0824,Performance Issue,High,Escalation Pending,False,-1.0,3.0,2026-04-26 00:00:00
TCK-0824-03,CUST-0824,Performance Issue,Urgent,Resolved,False,13.4,5.0,2025-04-02 00:00:00
TCK-0824-04,CUST-0824,Feature Request,Low,In Progress,False,-1.0,3.0,2025-04-27 00:00:00
TCK-0824-05,CUST-0824,Technical Bug,Low,Resolved,False,4.2,5.0,2026-01-13 00:00:00
TCK-0824-06,CUST-0824,Feature Request,Urgent,Escalation Pending,False,-1.0,2.0,2026-04-29 00:00:00
TCK-0824-07,CUST-0824,Feature Request,Low,In Progress,False,-1.0,1.0,2025-11-05 00:00:00
TCK-0824-08,CUST-0824,Performance Issue,Urgent,Resolved,False,35.9,4.0,2025-05-11 00:00:00
TCK-0824-09,CUST-0824,Feature Request,Urgent,Resolved,True,67.2,2.0,2026-05-27 00:00:00
TCK-0825-01,CUST-0825,Technical Bug,High,Closed,False,32.8,4.0,2025-10-22 00:00:00
TCK-0825-02,CUST-0825,Technical Bug,Medium,In Progress,True,-1.0,3.0,2026-03-07 00:00:00
TCK-0825-03,CUST-0825,Technical Bug,High,Escalation Pending,False,-1.0,1.0,2025-11-10 00:00:00
TCK-0825-04,CUST-0825,Performance Issue,Urgent,Escalation Pending,True,-1.0,1.0,2026-03-23 00:00:00
TCK-0825-05,CUST-0825,Performance Issue,Medium,In Progress,False,-1.0,3.0,2026-01-06 00:00:00
TCK-0825-06,CUST-0825,Billing,Medium,In Progress,False,-1.0,1.0,2026-07-01 00:00:00
TCK-0825-07,CUST-0825,Performance Issue,Medium,Escalation Pending,False,-1.0,3.0,2025-12-12 00:00:00
TCK-0826-01,CUST-0826,Technical Bug,Urgent,Closed,True,24.3,2.0,2026-05-09 00:00:00
TCK-0826-02,CUST-0826,Account Access,Medium,Resolved,False,14.2,5.0,2026-05-01 00:00:00
TCK-0826-03,CUST-0826,Feature Request,Urgent,Closed,True,35.1,2.0,2025-09-20 00:00:00
TCK-0826-04,CUST-0826,Technical Bug,High,Escalation Pending,False,-1.0,3.0,2025-08-16 00:00:00
TCK-0826-05,CUST-0826,Billing,Low,Closed,False,7.4,3.0,2025-07-26 00:00:00
TCK-0826-06,CUST-0826,Account Access,Medium,Escalation Pending,True,-1.0,3.0,2025-09-05 00:00:00
TCK-0827-01,CUST-0827,Performance Issue,Urgent,Closed,True,15.6,2.0,2025-08-11 00:00:00
TCK-0827-02,CUST-0827,Account Access,High,In Progress,True,-1.0,3.0,2025-09-24 00:00:00
TCK-0827-03,CUST-0827,Account Access,Medium,In Progress,False,-1.0,1.0,2025-09-07 00:00:00
TCK-0827-04,CUST-0827,Billing,Low,In Progress,False,-1.0,3.0,2025-12-08 00:00:00
TCK-0828-01,CUST-0828,Performance Issue,High,In Progress,True,-1.0,2.0,2025-07-27 00:00:00
TCK-0828-02,CUST-0828,Performance Issue,Low,Resolved,False,5.6,3.0,2025-05-29 00:00:00
TCK-0828-03,CUST-0828,Feature Request,High,Closed,False,65.1,5.0,2025-08-22 00:00:00
TCK-0829-01,CUST-0829,Account Access,Medium,Escalation Pending,False,-1.0,2.0,2026-06-02 00:00:00
TCK-0829-02,CUST-0829,Billing,High,Resolved,True,6.3,2.0,2025-10-15 00:00:00
TCK-0829-03,CUST-0829,Account Access,High,Resolved,False,57.8,4.0,2026-01-04 00:00:00
TCK-0829-04,CUST-0829,Feature Request,Medium,Closed,False,3.1,5.0,2026-05-27 00:00:00
TCK-0829-05,CUST-0829,Technical Bug,High,Closed,True,71.8,1.0,2026-04-29 00:00:00
TCK-0830-01,CUST-0830,Feature Request,Medium,Resolved,False,23.7,3.0,2026-01-18 00:00:00
TCK-0830-02,CUST-0830,Feature Request,Low,Escalation Pending,False,-1.0,1.0,2025-09-16 00:00:00
TCK-0830-03,CUST-0830,Feature Request,Urgent,Escalation Pending,True,-1.0,2.0,2025-10-25 00:00:00
TCK-0830-04,CUST-0830,Technical Bug,Low,Escalation Pending,False,-1.0,3.0,2025-09-21 00:00:00
TCK-0830-05,CUST-0830,Feature Request,High,Resolved,True,61.5,2.0,2026-04-15 00:00:00
TCK-0830-06,CUST-0830,Billing,High,Resolved,False,9.5,4.0,2026-02-13 00:00:00
TCK-0830-07,CUST-0830,Billing,Medium,Closed,False,3.8,3.0,2025-09-03 00:00:00
TCK-0830-08,CUST-0830,Account Access,Low,Escalation Pending,False,-1.0,1.0,2026-06-15 00:00:00
TCK-0830-09,CUST-0830,Performance Issue,Urgent,Closed,False,46.7,3.0,2025-11-30 00:00:00
TCK-0830-10,CUST-0830,Billing,Urgent,In Progress,False,-1.0,3.0,2026-06-10 00:00:00
TCK-0831-01,CUST-0831,Account Access,Medium,Resolved,True,16.2,2.0,2025-10-03 00:00:00
TCK-0831-02,CUST-0831,Account Access,High,Escalation Pending,True,-1.0,1.0,2026-04-21 00:00:00
TCK-0831-03,CUST-0831,Technical Bug,Urgent,Escalation Pending,True,-1.0,1.0,2026-02-18 00:00:00
TCK-0831-04,CUST-0831,Performance Issue,High,In Progress,True,-1.0,3.0,2026-06-23 00:00:00
TCK-0831-05,CUST-0831,Performance Issue,High,In Progress,False,-1.0,3.0,2026-04-18 00:00:00
TCK-0831-06,CUST-0831,Feature Request,Medium,Escalation Pending,False,-1.0,3.0,2026-06-28 00:00:00
TCK-0831-07,CUST-0831,Performance Issue,Medium,Resolved,False,9.5,5.0,2026-04-22 00:00:00
TCK-0831-08,CUST-0831,Performance Issue,Urgent,Closed,False,29.3,5.0,2025-08-29 00:00:00
TCK-0831-09,CUST-0831,Feature Request,High,Resolved,False,4.8,4.0,2026-06-26 00:00:00
TCK-0831-10,CUST-0831,Account Access,Low,In Progress,False,-1.0,1.0,2026-06-08 00:00:00
TCK-0832-01,CUST-0832,Feature Request,Urgent,Resolved,False,61.8,5.0,2025-10-19 00:00:00
TCK-0832-02,CUST-0832,Account Access,High,Escalation Pending,False,-1.0,1.0,2026-03-08 00:00:00
TCK-0832-03,CUST-0832,Account Access,Low,Resolved,False,3.3,5.0,2025-09-07 00:00:00
TCK-0832-04,CUST-0832,Feature Request,Medium,Escalation Pending,False,-1.0,2.0,2026-06-03 00:00:00
TCK-0832-05,CUST-0832,Account Access,Low,Closed,False,20.8,5.0,2026-04-27 00:00:00
TCK-0832-06,CUST-0832,Account Access,Low,Closed,False,9.1,5.0,2025-11-03 00:00:00
TCK-0832-07,CUST-0832,Account Access,Medium,Closed,False,12.4,5.0,2026-05-01 00:00:00
TCK-0832-08,CUST-0832,Account Access,Low,Escalation Pending,False,-1.0,3.0,2026-01-04 00:00:00
TCK-0832-09,CUST-0832,Account Access,Urgent,Escalation Pending,False,-1.0,2.0,2026-04-15 00:00:00
TCK-0832-10,CUST-0832,Account Access,Medium,Closed,False,5.8,5.0,2026-04-11 00:00:00
TCK-0833-01,CUST-0833,Feature Request,High,Closed,False,61.6,4.0,2025-11-04 00:00:00
TCK-0833-02,CUST-0833,Performance Issue,Urgent,Closed,True,16.6,3.0,2026-03-10 00:00:00
TCK-0833-03,CUST-0833,Feature Request,High,Resolved,False,12.0,4.0,2026-01-10 00:00:00
TCK-0834-01,CUST-0834,Performance Issue,Low,In Progress,False,-1.0,1.0,2025-09-16 00:00:00
TCK-0834-02,CUST-0834,Performance Issue,High,In Progress,False,-1.0,1.0,2026-04-20 00:00:00
TCK-0834-03,CUST-0834,Performance Issue,High,Closed,True,49.3,3.0,2026-05-07 00:00:00
TCK-0834-04,CUST-0834,Feature Request,Urgent,In Progress,False,-1.0,1.0,2025-12-27 00:00:00
TCK-0834-05,CUST-0834,Account Access,Urgent,Closed,True,52.6,3.0,2025-05-12 00:00:00
TCK-0834-06,CUST-0834,Billing,High,In Progress,True,-1.0,1.0,2025-02-27 00:00:00
TCK-0834-07,CUST-0834,Feature Request,Medium,Escalation Pending,False,-1.0,1.0,2025-03-23 00:00:00
TCK-0835-01,CUST-0835,Performance Issue,Medium,Resolved,False,8.3,3.0,2026-03-19 00:00:00
TCK-0835-02,CUST-0835,Billing,Urgent,Closed,True,16.2,3.0,2026-06-27 00:00:00
TCK-0835-03,CUST-0835,Technical Bug,Low,In Progress,False,-1.0,2.0,2025-12-07 00:00:00
TCK-0835-04,CUST-0835,Billing,High,Escalation Pending,True,-1.0,1.0,2026-06-21 00:00:00
TCK-0835-05,CUST-0835,Technical Bug,Low,Closed,False,3.9,5.0,2026-04-25 00:00:00
TCK-0835-06,CUST-0835,Performance Issue,Low,Resolved,False,2.7,4.0,2026-02-13 00:00:00
TCK-0835-07,CUST-0835,Feature Request,Urgent,Escalation Pending,False,-1.0,2.0,2026-03-05 00:00:00
TCK-0836-01,CUST-0836,Account Access,High,Resolved,False,16.6,3.0,2026-05-13 00:00:00
TCK-0836-02,CUST-0836,Account Access,High,Resolved,True,9.6,1.0,2025-09-12 00:00:00
TCK-0836-03,CUST-0836,Feature Request,Medium,In Progress,False,-1.0,1.0,2025-10-31 00:00:00
TCK-0836-04,CUST-0836,Billing,Medium,Closed,True,6.1,1.0,2025-10-16 00:00:00
TCK-0836-05,CUST-0836,Account Access,Low,In Progress,False,-1.0,2.0,2025-07-17 00:00:00
TCK-0836-06,CUST-0836,Feature Request,Low,In Progress,False,-1.0,1.0,2026-02-09 00:00:00
TCK-0836-07,CUST-0836,Technical Bug,Urgent,Escalation Pending,True,-1.0,2.0,2025-08-26 00:00:00
TCK-0837-01,CUST-0837,Billing,Urgent,Closed,False,53.4,5.0,2025-10-21 00:00:00
TCK-0837-02,CUST-0837,Feature Request,Urgent,Closed,True,42.8,1.0,2026-03-24 00:00:00
TCK-0837-03,CUST-0837,Performance Issue,High,Closed,False,26.1,3.0,2025-11-01 00:00:00
TCK-0837-04,CUST-0837,Technical Bug,High,Closed,False,33.8,3.0,2025-11-03 00:00:00
TCK-0838-01,CUST-0838,Performance Issue,High,Escalation Pending,False,-1.0,3.0,2026-02-20 00:00:00
TCK-0838-02,CUST-0838,Account Access,Low,In Progress,False,-1.0,2.0,2026-04-18 00:00:00
TCK-0838-03,CUST-0838,Feature Request,High,Escalation Pending,False,-1.0,2.0,2026-03-13 00:00:00
TCK-0838-04,CUST-0838,Account Access,Medium,Resolved,False,2.7,3.0,2026-06-24 00:00:00
TCK-0838-05,CUST-0838,Account Access,Medium,Closed,False,23.5,5.0,2025-10-25 00:00:00
TCK-0838-06,CUST-0838,Performance Issue,High,Escalation Pending,True,-1.0,1.0,2026-03-24 00:00:00
TCK-0839-01,CUST-0839,Billing,High,Resolved,False,54.4,4.0,2026-01-30 00:00:00
TCK-0839-02,CUST-0839,Feature Request,Medium,In Progress,False,-1.0,1.0,2025-09-01 00:00:00
TCK-0840-01,CUST-0840,Feature Request,Urgent,Resolved,False,60.0,5.0,2025-10-10 00:00:00
TCK-0840-02,CUST-0840,Account Access,Urgent,Closed,True,9.4,1.0,2025-09-30 00:00:00
TCK-0840-03,CUST-0840,Account Access,Low,Closed,False,19.6,3.0,2025-12-23 00:00:00
TCK-0841-01,CUST-0841,Performance Issue,Medium,Escalation Pending,False,-1.0,2.0,2026-05-15 00:00:00
TCK-0841-02,CUST-0841,Performance Issue,High,In Progress,False,-1.0,3.0,2025-06-24 00:00:00
TCK-0841-03,CUST-0841,Feature Request,Urgent,Resolved,False,26.3,5.0,2025-07-24 00:00:00
TCK-0841-04,CUST-0841,Account Access,High,Escalation Pending,False,-1.0,1.0,2025-12-30 00:00:00
TCK-0842-01,CUST-0842,Technical Bug,Urgent,Resolved,True,25.9,2.0,2025-10-11 00:00:00
TCK-0842-02,CUST-0842,Billing,Urgent,Resolved,True,17.3,3.0,2025-10-22 00:00:00
TCK-0842-03,CUST-0842,Feature Request,Medium,In Progress,False,-1.0,2.0,2025-06-11 00:00:00
TCK-0842-04,CUST-0842,Performance Issue,Medium,Escalation Pending,False,-1.0,1.0,2026-03-03 00:00:00
TCK-0842-05,CUST-0842,Technical Bug,Low,Escalation Pending,False,-1.0,3.0,2025-12-20 00:00:00
TCK-0842-06,CUST-0842,Account Access,Urgent,In Progress,False,-1.0,3.0,2026-01-05 00:00:00
TCK-0842-07,CUST-0842,Performance Issue,Urgent,Resolved,False,42.0,4.0,2025-06-02 00:00:00
TCK-0842-08,CUST-0842,Account Access,Medium,Resolved,False,7.7,4.0,2025-11-19 00:00:00
TCK-0843-01,CUST-0843,Technical Bug,Medium,Resolved,True,5.0,2.0,2026-03-01 00:00:00
TCK-0843-02,CUST-0843,Performance Issue,Low,Escalation Pending,False,-1.0,1.0,2025-09-30 00:00:00
TCK-0843-03,CUST-0843,Performance Issue,Low,Escalation Pending,False,-1.0,1.0,2026-04-01 00:00:00
TCK-0843-04,CUST-0843,Billing,High,Closed,False,58.9,3.0,2026-03-09 00:00:00
TCK-0843-05,CUST-0843,Technical Bug,Medium,Escalation Pending,False,-1.0,1.0,2026-01-31 00:00:00
TCK-0843-06,CUST-0843,Feature Request,Urgent,In Progress,True,-1.0,2.0,2026-03-26 00:00:00
TCK-0844-01,CUST-0844,Billing,Low,Closed,True,12.3,1.0,2025-08-13 00:00:00
TCK-0844-02,CUST-0844,Technical Bug,High,Closed,False,51.7,5.0,2026-01-27 00:00:00
TCK-0844-03,CUST-0844,Technical Bug,High,Closed,True,57.1,2.0,2025-03-25 00:00:00
TCK-0844-04,CUST-0844,Billing,Medium,Closed,True,20.4,3.0,2025-01-05 00:00:00
TCK-0844-05,CUST-0844,Feature Request,High,Escalation Pending,False,-1.0,1.0,2025-03-11 00:00:00
TCK-0844-06,CUST-0844,Performance Issue,High,Resolved,True,51.7,1.0,2025-06-18 00:00:00
TCK-0845-01,CUST-0845,Feature Request,Urgent,In Progress,True,-1.0,2.0,2025-10-18 00:00:00
TCK-0845-02,CUST-0845,Performance Issue,Low,Closed,False,11.1,5.0,2026-05-14 00:00:00
TCK-0845-03,CUST-0845,Performance Issue,High,Closed,True,16.1,3.0,2026-03-29 00:00:00
TCK-0845-04,CUST-0845,Performance Issue,Low,In Progress,False,-1.0,1.0,2025-11-13 00:00:00
TCK-0845-05,CUST-0845,Feature Request,High,Closed,True,48.6,1.0,2026-06-23 00:00:00
TCK-0845-06,CUST-0845,Technical Bug,Medium,In Progress,False,-1.0,1.0,2026-03-07 00:00:00
TCK-0845-07,CUST-0845,Account Access,Urgent,Resolved,False,42.7,5.0,2025-08-14 00:00:00
TCK-0845-08,CUST-0845,Technical Bug,Low,Escalation Pending,False,-1.0,3.0,2025-08-21 00:00:00
TCK-0846-01,CUST-0846,Performance Issue,Low,Closed,False,19.6,4.0,2026-02-14 00:00:00
TCK-0846-02,CUST-0846,Performance Issue,Medium,Resolved,False,9.2,5.0,2026-03-27 00:00:00
TCK-0846-03,CUST-0846,Feature Request,Urgent,In Progress,False,-1.0,3.0,2025-07-15 00:00:00
TCK-0846-04,CUST-0846,Technical Bug,Urgent,Escalation Pending,False,-1.0,2.0,2026-01-11 00:00:00
TCK-0846-05,CUST-0846,Feature Request,High,Closed,True,69.1,3.0,2026-06-19 00:00:00
TCK-0846-06,CUST-0846,Feature Request,Low,In Progress,False,-1.0,3.0,2025-10-15 00:00:00
TCK-0846-07,CUST-0846,Performance Issue,Low,Closed,False,14.4,5.0,2026-03-24 00:00:00
TCK-0846-08,CUST-0846,Account Access,Medium,In Progress,False,-1.0,3.0,2025-11-10 00:00:00
TCK-0846-09,CUST-0846,Feature Request,Urgent,Escalation Pending,False,-1.0,2.0,2025-07-09 00:00:00
TCK-0846-10,CUST-0846,Technical Bug,Urgent,In Progress,True,-1.0,1.0,2026-06-12 00:00:00
TCK-0847-01,CUST-0847,Performance Issue,Medium,Closed,False,14.4,5.0,2026-05-23 00:00:00
TCK-0847-02,CUST-0847,Technical Bug,Urgent,Resolved,False,42.5,5.0,2025-09-07 00:00:00
TCK-0847-03,CUST-0847,Technical Bug,Urgent,Escalation Pending,True,-1.0,1.0,2026-05-08 00:00:00
TCK-0847-04,CUST-0847,Account Access,Medium,Escalation Pending,False,-1.0,3.0,2025-08-15 00:00:00
TCK-0847-05,CUST-0847,Feature Request,Medium,Closed,True,2.6,1.0,2026-06-14 00:00:00
TCK-0847-06,CUST-0847,Technical Bug,Low,Closed,False,2.3,5.0,2026-02-12 00:00:00
TCK-0847-07,CUST-0847,Feature Request,Urgent,Escalation Pending,False,-1.0,1.0,2025-08-02 00:00:00
TCK-0847-08,CUST-0847,Technical Bug,Urgent,In Progress,True,-1.0,3.0,2025-11-16 00:00:00
TCK-0847-09,CUST-0847,Feature Request,High,Resolved,False,34.2,3.0,2026-05-17 00:00:00
TCK-0848-01,CUST-0848,Feature Request,Urgent,In Progress,True,-1.0,2.0,2026-06-04 00:00:00
TCK-0848-02,CUST-0848,Feature Request,Medium,Resolved,False,10.6,3.0,2026-02-07 00:00:00
TCK-0848-03,CUST-0848,Account Access,High,Escalation Pending,False,-1.0,3.0,2025-08-12 00:00:00
TCK-0848-04,CUST-0848,Billing,High,Escalation Pending,False,-1.0,3.0,2025-06-13 00:00:00
TCK-0848-05,CUST-0848,Billing,Medium,Resolved,True,5.0,3.0,2026-05-26 00:00:00
TCK-0848-06,CUST-0848,Technical Bug,Urgent,Escalation Pending,False,-1.0,1.0,2025-09-19 00:00:00
TCK-0848-07,CUST-0848,Account Access,Urgent,Resolved,False,50.0,5.0,2025-12-31 00:00:00
TCK-0848-08,CUST-0848,Billing,High,Resolved,True,56.6,2.0,2025-06-12 00:00:00
TCK-0849-01,CUST-0849,Billing,Urgent,In Progress,True,-1.0,2.0,2026-02-02 00:00:00
TCK-0849-02,CUST-0849,Feature Request,Medium,Escalation Pending,False,-1.0,2.0,2025-12-26 00:00:00
TCK-0850-01,CUST-0850,Billing,Medium,In Progress,True,-1.0,3.0,2026-04-23 00:00:00
TCK-0850-02,CUST-0850,Feature Request,Low,Closed,False,4.4,3.0,2026-04-09 00:00:00
TCK-0850-03,CUST-0850,Account Access,Medium,In Progress,False,-1.0,3.0,2026-01-09 00:00:00
TCK-0850-04,CUST-0850,Account Access,Low,Resolved,False,6.3,5.0,2026-03-14 00:00:00
TCK-0850-05,CUST-0850,Billing,High,In Progress,True,-1.0,1.0,2026-01-12 00:00:00
TCK-0850-06,CUST-0850,Account Access,Urgent,Resolved,False,53.0,4.0,2025-12-22 00:00:00
TCK-0851-01,CUST-0851,Feature Request,Medium,In Progress,False,-1.0,1.0,2025-11-21 00:00:00
TCK-0851-02,CUST-0851,Account Access,Low,Escalation Pending,False,-1.0,3.0,2025-11-29 00:00:00
TCK-0852-01,CUST-0852,Performance Issue,Low,Escalation Pending,False,-1.0,1.0,2025-07-02 00:00:00
TCK-0852-02,CUST-0852,Performance Issue,Medium,Escalation Pending,False,-1.0,3.0,2025-04-15 00:00:00
TCK-0853-01,CUST-0853,Billing,High,Resolved,False,40.6,3.0,2025-08-19 00:00:00
TCK-0853-02,CUST-0853,Technical Bug,Low,Escalation Pending,True,-1.0,3.0,2026-03-04 00:00:00
TCK-0853-03,CUST-0853,Billing,High,Escalation Pending,False,-1.0,2.0,2026-04-12 00:00:00
TCK-0853-04,CUST-0853,Feature Request,Low,Closed,False,18.8,4.0,2025-03-05 00:00:00
TCK-0853-05,CUST-0853,Technical Bug,Urgent,Escalation Pending,True,-1.0,2.0,2025-02-07 00:00:00
TCK-0853-06,CUST-0853,Account Access,Medium,Resolved,False,6.6,3.0,2026-01-26 00:00:00
TCK-0853-07,CUST-0853,Feature Request,Urgent,Resolved,False,43.6,4.0,2025-10-03 00:00:00
TCK-0853-08,CUST-0853,Performance Issue,Urgent,Closed,False,28.5,5.0,2026-04-25 00:00:00
TCK-0853-09,CUST-0853,Billing,Medium,In Progress,False,-1.0,3.0,2026-03-04 00:00:00
TCK-0854-01,CUST-0854,Technical Bug,High,In Progress,False,-1.0,2.0,2026-05-13 00:00:00
TCK-0854-02,CUST-0854,Performance Issue,Medium,In Progress,False,-1.0,1.0,2026-03-23 00:00:00
TCK-0854-03,CUST-0854,Performance Issue,Low,In Progress,False,-1.0,1.0,2025-10-12 00:00:00
TCK-0854-04,CUST-0854,Billing,High,Escalation Pending,False,-1.0,1.0,2025-12-17 00:00:00
TCK-0854-05,CUST-0854,Performance Issue,High,Escalation Pending,True,-1.0,2.0,2026-01-14 00:00:00
TCK-0854-06,CUST-0854,Feature Request,Urgent,In Progress,False,-1.0,1.0,2026-03-20 00:00:00
TCK-0854-07,CUST-0854,Performance Issue,Low,Closed,False,13.1,4.0,2025-09-24 00:00:00
TCK-0855-01,CUST-0855,Feature Request,Low,In Progress,False,-1.0,3.0,2026-06-30 00:00:00
TCK-0855-02,CUST-0855,Account Access,Urgent,Closed,True,61.8,3.0,2026-04-05 00:00:00
TCK-0855-03,CUST-0855,Technical Bug,Medium,In Progress,False,-1.0,1.0,2025-11-03 00:00:00
TCK-0855-04,CUST-0855,Account Access,Urgent,Resolved,True,24.2,2.0,2026-06-18 00:00:00
TCK-0855-05,CUST-0855,Feature Request,Medium,Resolved,False,20.1,4.0,2025-09-07 00:00:00
TCK-0855-06,CUST-0855,Account Access,Medium,Escalation Pending,False,-1.0,1.0,2026-05-20 00:00:00
TCK-0855-07,CUST-0855,Performance Issue,Urgent,Escalation Pending,False,-1.0,3.0,2026-02-05 00:00:00
TCK-0855-08,CUST-0855,Account Access,Urgent,Closed,False,68.7,4.0,2026-05-03 00:00:00
TCK-0855-09,CUST-0855,Feature Request,Low,In Progress,False,-1.0,3.0,2025-11-03 00:00:00
TCK-0855-10,CUST-0855,Feature Request,Urgent,Closed,False,30.9,3.0,2026-04-02 00:00:00
TCK-0856-01,CUST-0856,Billing,Medium,Closed,False,5.1,3.0,2026-05-30 00:00:00
TCK-0856-02,CUST-0856,Feature Request,Medium,In Progress,False,-1.0,3.0,2025-11-14 00:00:00
TCK-0856-03,CUST-0856,Performance Issue,High,In Progress,True,-1.0,2.0,2025-11-06 00:00:00
TCK-0856-04,CUST-0856,Performance Issue,Medium,Closed,False,3.9,3.0,2025-11-03 00:00:00
TCK-0856-05,CUST-0856,Technical Bug,High,Resolved,False,16.2,4.0,2026-02-27 00:00:00
TCK-0856-06,CUST-0856,Technical Bug,Urgent,In Progress,False,-1.0,3.0,2026-01-06 00:00:00
TCK-0857-01,CUST-0857,Feature Request,Low,Escalation Pending,False,-1.0,3.0,2025-09-24 00:00:00
TCK-0857-02,CUST-0857,Billing,Medium,In Progress,True,-1.0,1.0,2026-04-09 00:00:00
TCK-0857-03,CUST-0857,Feature Request,Medium,Escalation Pending,False,-1.0,3.0,2025-12-22 00:00:00
TCK-0857-04,CUST-0857,Feature Request,High,Closed,False,22.9,5.0,2025-08-09 00:00:00
TCK-0857-05,CUST-0857,Performance Issue,Medium,Closed,False,20.7,5.0,2025-10-13 00:00:00
TCK-0857-06,CUST-0857,Performance Issue,High,Closed,False,29.5,3.0,2026-02-03 00:00:00
TCK-0857-07,CUST-0857,Technical Bug,Medium,In Progress,True,-1.0,2.0,2025-08-05 00:00:00
TCK-0858-01,CUST-0858,Feature Request,High,In Progress,False,-1.0,3.0,2026-01-12 00:00:00
TCK-0858-02,CUST-0858,Account Access,Low,Escalation Pending,False,-1.0,1.0,2025-09-09 00:00:00
TCK-0858-03,CUST-0858,Technical Bug,Low,Resolved,False,3.3,3.0,2025-11-16 00:00:00
TCK-0858-04,CUST-0858,Feature Request,Medium,Escalation Pending,False,-1.0,1.0,2026-05-21 00:00:00
TCK-0858-05,CUST-0858,Technical Bug,High,In Progress,False,-1.0,2.0,2025-06-08 00:00:00
TCK-0859-01,CUST-0859,Technical Bug,Medium,In Progress,False,-1.0,1.0,2025-10-14 00:00:00
TCK-0859-02,CUST-0859,Billing,High,Resolved,False,4.5,5.0,2025-09-13 00:00:00
TCK-0859-03,CUST-0859,Billing,Medium,Resolved,False,8.5,3.0,2025-10-14 00:00:00
TCK-0859-04,CUST-0859,Feature Request,High,In Progress,False,-1.0,1.0,2026-05-10 00:00:00
TCK-0859-05,CUST-0859,Performance Issue,Low,Escalation Pending,False,-1.0,1.0,2026-01-28 00:00:00
TCK-0859-06,CUST-0859,Account Access,Low,Escalation Pending,False,-1.0,2.0,2026-04-30 00:00:00
TCK-0859-07,CUST-0859,Performance Issue,High,Escalation Pending,True,-1.0,1.0,2025-11-05 00:00:00
TCK-0859-08,CUST-0859,Billing,Urgent,Closed,True,65.8,2.0,2025-11-08 00:00:00
TCK-0860-01,CUST-0860,Billing,Low,Resolved,False,17.1,4.0,2026-06-21 00:00:00
TCK-0860-02,CUST-0860,Account Access,Low,Resolved,False,23.8,3.0,2026-03-20 00:00:00
TCK-0860-03,CUST-0860,Feature Request,Urgent,In Progress,True,-1.0,1.0,2025-08-24 00:00:00
TCK-0860-04,CUST-0860,Technical Bug,Low,Resolved,False,7.6,5.0,2026-01-09 00:00:00
TCK-0860-05,CUST-0860,Account Access,Low,Closed,False,8.4,4.0,2025-06-18 00:00:00
TCK-0860-06,CUST-0860,Billing,Medium,Resolved,False,9.8,4.0,2025-02-26 00:00:00
TCK-0860-07,CUST-0860,Performance Issue,High,Escalation Pending,True,-1.0,2.0,2025-01-12 00:00:00
TCK-0860-08,CUST-0860,Billing,Medium,Escalation Pending,False,-1.0,1.0,2025-12-17 00:00:00
TCK-0860-09,CUST-0860,Billing,High,Escalation Pending,False,-1.0,3.0,2025-08-30 00:00:00
TCK-0861-01,CUST-0861,Billing,Medium,Closed,False,10.0,4.0,2026-02-06 00:00:00
TCK-0861-02,CUST-0861,Account Access,Urgent,Closed,False,41.3,5.0,2025-10-31 00:00:00
TCK-0861-03,CUST-0861,Billing,Medium,Escalation Pending,False,-1.0,2.0,2025-10-11 00:00:00
TCK-0861-04,CUST-0861,Technical Bug,High,In Progress,True,-1.0,3.0,2026-02-25 00:00:00
TCK-0861-05,CUST-0861,Billing,Medium,Resolved,True,13.5,3.0,2025-10-10 00:00:00
TCK-0862-01,CUST-0862,Account Access,Low,Resolved,False,18.6,5.0,2026-06-16 00:00:00
TCK-0862-02,CUST-0862,Billing,High,In Progress,False,-1.0,1.0,2025-06-02 00:00:00
TCK-0862-03,CUST-0862,Technical Bug,Urgent,Resolved,False,6.2,3.0,2026-06-03 00:00:00
TCK-0862-04,CUST-0862,Account Access,High,Closed,True,41.8,3.0,2025-04-08 00:00:00
TCK-0862-05,CUST-0862,Feature Request,Low,In Progress,False,-1.0,3.0,2025-02-04 00:00:00
TCK-0862-06,CUST-0862,Billing,Medium,In Progress,False,-1.0,2.0,2026-06-25 00:00:00
TCK-0862-07,CUST-0862,Account Access,Urgent,Escalation Pending,True,-1.0,1.0,2026-05-30 00:00:00
TCK-0862-08,CUST-0862,Account Access,High,Escalation Pending,False,-1.0,2.0,2025-01-30 00:00:00
TCK-0862-09,CUST-0862,Feature Request,Medium,Escalation Pending,False,-1.0,3.0,2025-03-25 00:00:00
TCK-0862-10,CUST-0862,Account Access,Urgent,Closed,True,2.5,1.0,2025-01-26 00:00:00
TCK-0863-01,CUST-0863,Billing,High,Closed,True,56.2,1.0,2026-04-25 00:00:00
TCK-0863-02,CUST-0863,Billing,Medium,In Progress,False,-1.0,2.0,2026-05-15 00:00:00
TCK-0863-03,CUST-0863,Account Access,Medium,Escalation Pending,False,-1.0,2.0,2026-02-27 00:00:00
TCK-0863-04,CUST-0863,Performance Issue,Low,Resolved,False,11.4,5.0,2026-05-30 00:00:00
TCK-0863-05,CUST-0863,Performance Issue,Low,Closed,False,7.8,3.0,2026-02-06 00:00:00
TCK-0863-06,CUST-0863,Account Access,Medium,In Progress,False,-1.0,1.0,2026-06-22 00:00:00
TCK-0864-01,CUST-0864,Performance Issue,High,Escalation Pending,True,-1.0,1.0,2026-03-28 00:00:00
TCK-0864-02,CUST-0864,Performance Issue,High,Escalation Pending,True,-1.0,1.0,2025-11-29 00:00:00
TCK-0864-03,CUST-0864,Billing,Low,Escalation Pending,True,-1.0,3.0,2025-12-06 00:00:00
TCK-0864-04,CUST-0864,Feature Request,High,Escalation Pending,True,-1.0,1.0,2026-06-13 00:00:00
TCK-0864-05,CUST-0864,Feature Request,Urgent,Resolved,True,42.3,2.0,2026-02-23 00:00:00
TCK-0865-01,CUST-0865,Performance Issue,Urgent,Resolved,True,48.4,3.0,2025-12-26 00:00:00
TCK-0865-02,CUST-0865,Billing,High,Escalation Pending,False,-1.0,3.0,2026-06-13 00:00:00
TCK-0865-03,CUST-0865,Billing,Low,Resolved,False,8.5,3.0,2026-05-01 00:00:00
TCK-0865-04,CUST-0865,Account Access,Urgent,In Progress,False,-1.0,1.0,2025-09-05 00:00:00
TCK-0865-05,CUST-0865,Feature Request,Medium,Escalation Pending,False,-1.0,3.0,2026-04-09 00:00:00
TCK-0866-01,CUST-0866,Performance Issue,Urgent,Escalation Pending,True,-1.0,1.0,2025-12-23 00:00:00
TCK-0866-02,CUST-0866,Billing,Low,In Progress,True,-1.0,2.0,2026-04-29 00:00:00
TCK-0866-03,CUST-0866,Feature Request,Urgent,Resolved,False,67.9,5.0,2026-01-02 00:00:00
TCK-0866-04,CUST-0866,Feature Request,Medium,Resolved,False,14.2,4.0,2026-05-15 00:00:00
TCK-0866-05,CUST-0866,Billing,Medium,In Progress,False,-1.0,3.0,2025-10-11 00:00:00
TCK-0866-06,CUST-0866,Account Access,Low,Escalation Pending,False,-1.0,1.0,2026-06-10 00:00:00
TCK-0866-07,CUST-0866,Performance Issue,High,In Progress,True,-1.0,3.0,2026-05-01 00:00:00
TCK-0867-01,CUST-0867,Feature Request,Medium,In Progress,False,-1.0,2.0,2026-02-04 00:00:00
TCK-0867-02,CUST-0867,Feature Request,Urgent,Resolved,True,32.5,3.0,2026-06-22 00:00:00
TCK-0867-03,CUST-0867,Account Access,High,Resolved,False,21.0,5.0,2025-04-22 00:00:00
TCK-0867-04,CUST-0867,Billing,Low,In Progress,False,-1.0,1.0,2026-05-27 00:00:00
TCK-0867-05,CUST-0867,Feature Request,High,Closed,False,18.7,3.0,2025-05-17 00:00:00
TCK-0867-06,CUST-0867,Feature Request,High,Resolved,False,33.1,5.0,2025-07-11 00:00:00
TCK-0867-07,CUST-0867,Performance Issue,Urgent,Closed,False,14.4,5.0,2026-05-09 00:00:00
TCK-0867-08,CUST-0867,Account Access,Medium,Closed,False,18.3,5.0,2026-02-16 00:00:00
TCK-0867-09,CUST-0867,Feature Request,Medium,In Progress,False,-1.0,1.0,2026-06-03 00:00:00
TCK-0868-01,CUST-0868,Account Access,Urgent,Closed,False,68.8,5.0,2025-06-26 00:00:00
TCK-0868-02,CUST-0868,Billing,High,Closed,True,26.8,3.0,2026-03-21 00:00:00
TCK-0868-03,CUST-0868,Billing,Urgent,Escalation Pending,False,-1.0,2.0,2025-07-23 00:00:00
TCK-0868-04,CUST-0868,Performance Issue,High,Escalation Pending,True,-1.0,1.0,2026-06-20 00:00:00
TCK-0868-05,CUST-0868,Billing,Urgent,Closed,True,51.0,2.0,2025-06-23 00:00:00
TCK-0868-06,CUST-0868,Technical Bug,High,Resolved,False,5.3,3.0,2025-09-02 00:00:00
TCK-0868-07,CUST-0868,Billing,Urgent,Escalation Pending,False,-1.0,2.0,2025-11-19 00:00:00
TCK-0868-08,CUST-0868,Technical Bug,Urgent,Resolved,False,32.6,4.0,2026-01-07 00:00:00
TCK-0868-09,CUST-0868,Performance Issue,Urgent,Escalation Pending,True,-1.0,1.0,2026-06-06 00:00:00
TCK-0869-01,CUST-0869,Account Access,Medium,Resolved,False,12.7,5.0,2025-11-14 00:00:00
TCK-0869-02,CUST-0869,Feature Request,Medium,Closed,False,20.7,5.0,2025-04-09 00:00:00
TCK-0870-01,CUST-0870,Performance Issue,Low,In Progress,False,-1.0,2.0,2025-12-09 00:00:00
TCK-0870-02,CUST-0870,Feature Request,Medium,Resolved,False,20.2,5.0,2026-03-19 00:00:00
TCK-0870-03,CUST-0870,Performance Issue,Medium,Resolved,False,17.0,5.0,2026-06-05 00:00:00
TCK-0870-04,CUST-0870,Billing,Urgent,Resolved,False,24.4,5.0,2025-08-08 00:00:00
TCK-0870-05,CUST-0870,Technical Bug,Urgent,Closed,False,20.0,5.0,2025-11-15 00:00:00
TCK-0871-01,CUST-0871,Feature Request,Urgent,In Progress,False,-1.0,2.0,2025-02-03 00:00:00
TCK-0871-02,CUST-0871,Account Access,Medium,Closed,False,8.1,3.0,2026-03-27 00:00:00
TCK-0871-03,CUST-0871,Performance Issue,High,Closed,True,51.1,3.0,2026-04-19 00:00:00
TCK-0871-04,CUST-0871,Billing,Urgent,Resolved,False,27.6,3.0,2025-10-02 00:00:00
TCK-0871-05,CUST-0871,Performance Issue,Low,Escalation Pending,False,-1.0,1.0,2025-08-09 00:00:00
TCK-0871-06,CUST-0871,Billing,Medium,Escalation Pending,False,-1.0,3.0,2026-02-28 00:00:00
TCK-0871-07,CUST-0871,Account Access,High,In Progress,True,-1.0,1.0,2026-03-24 00:00:00
TCK-0871-08,CUST-0871,Billing,High,Escalation Pending,True,-1.0,1.0,2026-01-21 00:00:00
TCK-0872-01,CUST-0872,Feature Request,High,Closed,True,56.1,2.0,2026-05-21 00:00:00
TCK-0872-02,CUST-0872,Performance Issue,Urgent,In Progress,False,-1.0,3.0,2026-02-13 00:00:00
TCK-0872-03,CUST-0872,Performance Issue,Medium,Closed,False,8.9,3.0,2025-08-11 00:00:00
TCK-0872-04,CUST-0872,Feature Request,Medium,In Progress,False,-1.0,1.0,2026-01-28 00:00:00
TCK-0872-05,CUST-0872,Billing,Urgent,Escalation Pending,False,-1.0,3.0,2026-01-26 00:00:00
TCK-0872-06,CUST-0872,Billing,Medium,In Progress,False,-1.0,3.0,2026-01-12 00:00:00
TCK-0872-07,CUST-0872,Technical Bug,Low,Closed,False,12.0,4.0,2025-12-08 00:00:00
TCK-0872-08,CUST-0872,Account Access,High,Resolved,False,48.8,5.0,2026-02-26 00:00:00
TCK-0872-09,CUST-0872,Technical Bug,Low,In Progress,False,-1.0,2.0,2025-09-08 00:00:00
TCK-0872-10,CUST-0872,Feature Request,High,Resolved,False,24.4,5.0,2026-01-12 00:00:00
TCK-0873-01,CUST-0873,Performance Issue,Low,Resolved,False,4.4,3.0,2025-11-13 00:00:00
TCK-0873-02,CUST-0873,Performance Issue,Urgent,In Progress,True,-1.0,1.0,2026-05-31 00:00:00
TCK-0874-01,CUST-0874,Feature Request,Low,Closed,False,2.2,3.0,2025-11-25 00:00:00
TCK-0874-02,CUST-0874,Billing,High,Resolved,False,25.1,3.0,2025-12-08 00:00:00
TCK-0874-03,CUST-0874,Billing,High,Closed,True,21.8,1.0,2025-08-25 00:00:00
TCK-0874-04,CUST-0874,Billing,Low,Resolved,False,9.5,4.0,2025-08-25 00:00:00
TCK-0875-01,CUST-0875,Technical Bug,Low,Escalation Pending,True,-1.0,3.0,2025-09-08 00:00:00
TCK-0875-02,CUST-0875,Feature Request,Low,Resolved,False,5.5,5.0,2025-11-12 00:00:00
TCK-0875-03,CUST-0875,Feature Request,Urgent,Closed,False,37.4,4.0,2026-04-02 00:00:00
TCK-0876-01,CUST-0876,Account Access,High,In Progress,False,-1.0,3.0,2025-04-14 00:00:00
TCK-0876-02,CUST-0876,Technical Bug,Urgent,Closed,True,2.0,1.0,2025-04-18 00:00:00
TCK-0876-03,CUST-0876,Account Access,Urgent,In Progress,False,-1.0,2.0,2025-05-30 00:00:00
TCK-0876-04,CUST-0876,Feature Request,Urgent,Resolved,False,16.8,5.0,2026-01-16 00:00:00
TCK-0876-05,CUST-0876,Billing,High,Escalation Pending,True,-1.0,2.0,2025-05-10 00:00:00
TCK-0876-06,CUST-0876,Feature Request,High,Escalation Pending,False,-1.0,1.0,2025-12-24 00:00:00
TCK-0876-07,CUST-0876,Technical Bug,Medium,Closed,False,2.5,4.0,2025-11-01 00:00:00
TCK-0876-08,CUST-0876,Performance Issue,Urgent,Resolved,False,66.2,5.0,2025-05-09 00:00:00
TCK-0876-09,CUST-0876,Technical Bug,High,In Progress,False,-1.0,2.0,2025-10-12 00:00:00
TCK-0877-01,CUST-0877,Account Access,Low,In Progress,False,-1.0,2.0,2026-04-04 00:00:00
TCK-0877-02,CUST-0877,Account Access,Medium,Escalation Pending,False,-1.0,3.0,2026-03-08 00:00:00
TCK-0877-03,CUST-0877,Account Access,Low,Resolved,False,11.5,5.0,2026-01-27 00:00:00
TCK-0877-04,CUST-0877,Feature Request,Medium,Escalation Pending,False,-1.0,1.0,2026-06-24 00:00:00
TCK-0877-05,CUST-0877,Feature Request,Urgent,Closed,False,18.8,4.0,2025-11-14 00:00:00
TCK-0878-01,CUST-0878,Technical Bug,High,Escalation Pending,False,-1.0,3.0,2026-04-29 00:00:00
TCK-0878-02,CUST-0878,Billing,Medium,Closed,False,21.7,3.0,2025-04-19 00:00:00
TCK-0878-03,CUST-0878,Feature Request,Urgent,Resolved,True,31.4,3.0,2025-08-03 00:00:00
TCK-0878-04,CUST-0878,Account Access,Low,Escalation Pending,False,-1.0,3.0,2026-03-28 00:00:00
TCK-0878-05,CUST-0878,Performance Issue,High,Closed,True,56.4,3.0,2025-06-22 00:00:00
TCK-0878-06,CUST-0878,Account Access,Low,In Progress,False,-1.0,3.0,2025-07-09 00:00:00
TCK-0878-07,CUST-0878,Performance Issue,Low,Closed,True,6.1,1.0,2026-03-16 00:00:00
TCK-0878-08,CUST-0878,Billing,Urgent,Escalation Pending,False,-1.0,2.0,2026-05-17 00:00:00
TCK-0878-09,CUST-0878,Performance Issue,Low,Escalation Pending,False,-1.0,3.0,2025-11-09 00:00:00
TCK-0878-10,CUST-0878,Account Access,Urgent,Closed,False,54.6,3.0,2025-04-14 00:00:00
TCK-0879-01,CUST-0879,Technical Bug,Urgent,Resolved,True,47.0,2.0,2026-04-26 00:00:00
TCK-0879-02,CUST-0879,Feature Request,High,Closed,False,62.7,5.0,2025-11-09 00:00:00
TCK-0879-03,CUST-0879,Technical Bug,High,Closed,True,67.9,1.0,2025-11-05 00:00:00
TCK-0879-04,CUST-0879,Account Access,Medium,Escalation Pending,False,-1.0,2.0,2026-04-16 00:00:00
TCK-0879-05,CUST-0879,Technical Bug,Urgent,In Progress,False,-1.0,2.0,2026-02-18 00:00:00
TCK-0879-06,CUST-0879,Billing,Medium,In Progress,False,-1.0,1.0,2025-10-15 00:00:00
TCK-0879-07,CUST-0879,Billing,High,Escalation Pending,False,-1.0,1.0,2025-12-23 00:00:00
TCK-0879-08,CUST-0879,Feature Request,Medium,Escalation Pending,False,-1.0,3.0,2026-05-29 00:00:00
TCK-0879-09,CUST-0879,Feature Request,High,Resolved,True,55.1,3.0,2026-01-22 00:00:00
TCK-0879-10,CUST-0879,Feature Request,High,Closed,False,27.8,5.0,2026-04-14 00:00:00
TCK-0880-01,CUST-0880,Technical Bug,Low,In Progress,False,-1.0,2.0,2026-01-19 00:00:00
TCK-0880-02,CUST-0880,Billing,Urgent,Escalation Pending,False,-1.0,3.0,2025-11-20 00:00:00
TCK-0880-03,CUST-0880,Feature Request,Urgent,Resolved,False,38.4,5.0,2025-10-13 00:00:00
TCK-0880-04,CUST-0880,Feature Request,Low,In Progress,False,-1.0,3.0,2026-06-27 00:00:00
TCK-0880-05,CUST-0880,Account Access,High,Closed,False,51.3,3.0,2025-08-22 00:00:00
TCK-0881-01,CUST-0881,Billing,High,Escalation Pending,False,-1.0,2.0,2026-04-09 00:00:00
TCK-0881-02,CUST-0881,Feature Request,Medium,Closed,False,13.1,5.0,2025-12-18 00:00:00
TCK-0882-01,CUST-0882,Feature Request,Medium,Closed,False,2.4,3.0,2025-10-25 00:00:00
TCK-0882-02,CUST-0882,Billing,Low,Closed,False,13.1,5.0,2026-04-08 00:00:00
TCK-0882-03,CUST-0882,Feature Request,Low,In Progress,False,-1.0,1.0,2026-01-10 00:00:00
TCK-0883-01,CUST-0883,Performance Issue,Urgent,Resolved,False,48.5,3.0,2025-10-27 00:00:00
TCK-0883-02,CUST-0883,Account Access,High,Escalation Pending,False,-1.0,1.0,2026-01-04 00:00:00
TCK-0884-01,CUST-0884,Feature Request,High,Closed,False,45.3,4.0,2025-06-23 00:00:00
TCK-0884-02,CUST-0884,Account Access,Low,Escalation Pending,False,-1.0,1.0,2026-06-16 00:00:00
TCK-0884-03,CUST-0884,Account Access,Low,Closed,False,21.0,5.0,2025-09-14 00:00:00
TCK-0884-04,CUST-0884,Technical Bug,High,Escalation Pending,True,-1.0,2.0,2025-12-09 00:00:00
TCK-0884-05,CUST-0884,Feature Request,Urgent,Closed,False,19.5,4.0,2025-12-16 00:00:00
TCK-0884-06,CUST-0884,Account Access,Urgent,Closed,True,48.6,1.0,2025-11-01 00:00:00
TCK-0884-07,CUST-0884,Performance Issue,Urgent,In Progress,False,-1.0,1.0,2026-01-27 00:00:00
TCK-0884-08,CUST-0884,Feature Request,Low,Closed,False,21.1,3.0,2025-12-29 00:00:00
TCK-0885-01,CUST-0885,Feature Request,Urgent,In Progress,False,-1.0,2.0,2025-10-07 00:00:00
TCK-0885-02,CUST-0885,Billing,Urgent,Closed,True,22.3,1.0,2026-01-26 00:00:00
TCK-0885-03,CUST-0885,Feature Request,Urgent,Closed,False,56.8,3.0,2025-11-10 00:00:00
TCK-0885-04,CUST-0885,Technical Bug,High,Escalation Pending,False,-1.0,3.0,2026-01-28 00:00:00
TCK-0885-05,CUST-0885,Technical Bug,High,Escalation Pending,True,-1.0,3.0,2026-02-01 00:00:00
TCK-0885-06,CUST-0885,Feature Request,Medium,Resolved,False,12.4,3.0,2025-08-19 00:00:00
TCK-0885-07,CUST-0885,Feature Request,Medium,Closed,False,16.4,5.0,2026-03-15 00:00:00
TCK-0885-08,CUST-0885,Feature Request,High,Escalation Pending,False,-1.0,3.0,2025-08-27 00:00:00
TCK-0886-01,CUST-0886,Technical Bug,Low,Escalation Pending,False,-1.0,1.0,2026-06-30 00:00:00
TCK-0886-02,CUST-0886,Feature Request,High,In Progress,False,-1.0,2.0,2025-08-08 00:00:00
TCK-0886-03,CUST-0886,Performance Issue,Low,Resolved,False,15.9,5.0,2025-11-03 00:00:00
TCK-0886-04,CUST-0886,Feature Request,Medium,Resolved,False,16.3,4.0,2025-11-01 00:00:00
TCK-0886-05,CUST-0886,Technical Bug,Low,Resolved,False,9.9,3.0,2025-11-01 00:00:00
TCK-0886-06,CUST-0886,Account Access,Low,Escalation Pending,False,-1.0,3.0,2026-06-04 00:00:00
TCK-0886-07,CUST-0886,Billing,High,Resolved,False,8.3,5.0,2026-05-12 00:00:00
TCK-0886-08,CUST-0886,Technical Bug,Urgent,Closed,False,44.3,5.0,2025-07-06 00:00:00
TCK-0887-01,CUST-0887,Feature Request,Urgent,Resolved,False,25.4,5.0,2026-06-28 00:00:00
TCK-0887-02,CUST-0887,Performance Issue,Low,Closed,False,17.3,5.0,2025-11-25 00:00:00
TCK-0887-03,CUST-0887,Account Access,High,Closed,False,70.2,5.0,2025-10-11 00:00:00
TCK-0887-04,CUST-0887,Billing,Medium,Closed,False,19.1,3.0,2026-01-23 00:00:00
TCK-0887-05,CUST-0887,Technical Bug,Urgent,Closed,False,35.0,5.0,2026-05-10 00:00:00
TCK-0887-06,CUST-0887,Billing,Medium,Escalation Pending,True,-1.0,3.0,2026-03-03 00:00:00
TCK-0887-07,CUST-0887,Billing,High,Resolved,False,50.5,3.0,2026-02-20 00:00:00
TCK-0887-08,CUST-0887,Technical Bug,High,In Progress,True,-1.0,2.0,2025-11-19 00:00:00
TCK-0888-01,CUST-0888,Technical Bug,High,Closed,False,50.4,5.0,2026-01-01 00:00:00
TCK-0888-02,CUST-0888,Feature Request,Low,Escalation Pending,False,-1.0,1.0,2025-03-25 00:00:00
TCK-0888-03,CUST-0888,Technical Bug,Medium,Closed,False,15.4,4.0,2026-05-05 00:00:00
TCK-0888-04,CUST-0888,Technical Bug,High,Escalation Pending,False,-1.0,3.0,2026-01-30 00:00:00
TCK-0889-01,CUST-0889,Feature Request,Medium,In Progress,False,-1.0,3.0,2026-04-11 00:00:00
TCK-0889-02,CUST-0889,Account Access,Urgent,In Progress,True,-1.0,2.0,2025-08-16 00:00:00
TCK-0889-03,CUST-0889,Feature Request,Medium,Closed,False,4.3,3.0,2025-09-30 00:00:00
TCK-0889-04,CUST-0889,Performance Issue,High,Resolved,False,38.8,3.0,2026-05-02 00:00:00
TCK-0889-05,CUST-0889,Feature Request,High,In Progress,False,-1.0,2.0,2025-08-12 00:00:00
TCK-0889-06,CUST-0889,Account Access,Low,In Progress,False,-1.0,3.0,2025-08-04 00:00:00
TCK-0890-01,CUST-0890,Account Access,Urgent,Closed,False,33.3,5.0,2026-03-21 00:00:00
TCK-0890-02,CUST-0890,Technical Bug,Urgent,In Progress,False,-1.0,2.0,2026-02-26 00:00:00
TCK-0890-03,CUST-0890,Technical Bug,Medium,Escalation Pending,False,-1.0,2.0,2026-01-29 00:00:00
TCK-0890-04,CUST-0890,Performance Issue,Urgent,Closed,False,68.7,4.0,2025-11-28 00:00:00
TCK-0890-05,CUST-0890,Feature Request,Medium,Resolved,False,9.6,4.0,2025-12-30 00:00:00
TCK-0890-06,CUST-0890,Feature Request,High,Escalation Pending,True,-1.0,1.0,2026-02-04 00:00:00
TCK-0891-01,CUST-0891,Billing,High,Escalation Pending,False,-1.0,1.0,2026-05-10 00:00:00
TCK-0891-02,CUST-0891,Performance Issue,Urgent,Resolved,True,20.9,3.0,2026-05-19 00:00:00
TCK-0891-03,CUST-0891,Feature Request,Medium,Escalation Pending,False,-1.0,2.0,2025-01-22 00:00:00
TCK-0891-04,CUST-0891,Performance Issue,High,Resolved,False,32.7,5.0,2026-05-17 00:00:00
TCK-0891-05,CUST-0891,Technical Bug,Urgent,Closed,False,45.0,5.0,2026-06-26 00:00:00
TCK-0891-06,CUST-0891,Feature Request,High,In Progress,False,-1.0,3.0,2026-01-11 00:00:00
TCK-0891-07,CUST-0891,Feature Request,Low,In Progress,False,-1.0,2.0,2025-10-03 00:00:00
TCK-0892-01,CUST-0892,Feature Request,High,Escalation Pending,False,-1.0,2.0,2025-08-03 00:00:00
TCK-0892-02,CUST-0892,Feature Request,Medium,Closed,True,13.2,3.0,2025-11-23 00:00:00
TCK-0892-03,CUST-0892,Feature Request,High,Resolved,False,57.0,3.0,2026-01-09 00:00:00
TCK-0892-04,CUST-0892,Performance Issue,Urgent,Escalation Pending,True,-1.0,3.0,2026-06-23 00:00:00
TCK-0892-05,CUST-0892,Performance Issue,Medium,Closed,False,19.9,3.0,2026-02-25 00:00:00
TCK-0892-06,CUST-0892,Billing,Low,Resolved,True,9.0,2.0,2026-04-17 00:00:00
TCK-0892-07,CUST-0892,Billing,Urgent,In Progress,True,-1.0,3.0,2025-10-07 00:00:00
TCK-0893-01,CUST-0893,Account Access,Urgent,Escalation Pending,True,-1.0,1.0,2025-08-13 00:00:00
TCK-0893-02,CUST-0893,Technical Bug,Medium,Resolved,False,19.0,5.0,2025-11-25 00:00:00
TCK-0893-03,CUST-0893,Technical Bug,Medium,Closed,False,21.3,5.0,2026-04-15 00:00:00
TCK-0893-04,CUST-0893,Feature Request,High,Resolved,False,41.9,4.0,2026-02-18 00:00:00
TCK-0894-01,CUST-0894,Feature Request,High,Closed,False,56.5,5.0,2025-12-15 00:00:00
TCK-0894-02,CUST-0894,Feature Request,Urgent,Escalation Pending,True,-1.0,2.0,2025-12-30 00:00:00
TCK-0894-03,CUST-0894,Performance Issue,Medium,Escalation Pending,False,-1.0,2.0,2025-09-22 00:00:00
TCK-0894-04,CUST-0894,Performance Issue,Urgent,Escalation Pending,False,-1.0,3.0,2026-02-22 00:00:00
TCK-0894-05,CUST-0894,Account Access,Low,Resolved,False,17.1,5.0,2026-01-29 00:00:00
TCK-0894-06,CUST-0894,Account Access,Low,Closed,False,15.2,4.0,2025-09-22 00:00:00
TCK-0894-07,CUST-0894,Billing,Low,Closed,False,17.6,4.0,2026-04-04 00:00:00
TCK-0894-08,CUST-0894,Account Access,Medium,Closed,False,9.6,5.0,2026-01-08 00:00:00
TCK-0894-09,CUST-0894,Billing,High,Resolved,False,53.6,5.0,2026-05-22 00:00:00
TCK-0894-10,CUST-0894,Billing,Low,In Progress,False,-1.0,1.0,2026-06-18 00:00:00
TCK-0895-01,CUST-0895,Billing,High,In Progress,True,-1.0,3.0,2026-03-22 00:00:00
TCK-0895-02,CUST-0895,Technical Bug,Low,Escalation Pending,False,-1.0,2.0,2026-06-13 00:00:00
TCK-0895-03,CUST-0895,Technical Bug,Urgent,In Progress,False,-1.0,1.0,2026-06-01 00:00:00
TCK-0895-04,CUST-0895,Billing,High,Closed,True,61.6,2.0,2026-05-12 00:00:00
TCK-0895-05,CUST-0895,Feature Request,Medium,Closed,True,13.8,2.0,2026-04-28 00:00:00
TCK-0895-06,CUST-0895,Performance Issue,Medium,Resolved,False,20.2,4.0,2026-06-16 00:00:00
TCK-0895-07,CUST-0895,Performance Issue,High,Closed,True,9.8,3.0,2026-01-07 00:00:00
TCK-0895-08,CUST-0895,Account Access,Low,Resolved,False,12.5,3.0,2026-05-18 00:00:00
TCK-0895-09,CUST-0895,Technical Bug,Low,In Progress,False,-1.0,3.0,2026-01-30 00:00:00
TCK-0896-01,CUST-0896,Feature Request,Medium,Escalation Pending,False,-1.0,2.0,2025-08-25 00:00:00
TCK-0896-02,CUST-0896,Feature Request,Low,Escalation Pending,False,-1.0,2.0,2025-09-12 00:00:00
TCK-0896-03,CUST-0896,Account Access,High,Closed,False,53.5,5.0,2025-08-01 00:00:00
TCK-0896-04,CUST-0896,Billing,Low,Escalation Pending,True,-1.0,2.0,2026-06-09 00:00:00
TCK-0896-05,CUST-0896,Technical Bug,High,In Progress,False,-1.0,1.0,2025-06-05 00:00:00
TCK-0896-06,CUST-0896,Account Access,Low,In Progress,True,-1.0,2.0,2025-12-01 00:00:00
TCK-0896-07,CUST-0896,Feature Request,Medium,Escalation Pending,False,-1.0,3.0,2025-08-02 00:00:00
TCK-0896-08,CUST-0896,Account Access,Urgent,Resolved,False,38.8,4.0,2025-07-31 00:00:00
TCK-0897-01,CUST-0897,Billing,Urgent,Resolved,False,32.0,3.0,2025-07-20 00:00:00
TCK-0897-02,CUST-0897,Account Access,High,Escalation Pending,False,-1.0,1.0,2025-10-02 00:00:00
TCK-0897-03,CUST-0897,Account Access,Low,Escalation Pending,False,-1.0,3.0,2026-05-07 00:00:00
TCK-0897-04,CUST-0897,Account Access,Low,In Progress,True,-1.0,2.0,2026-03-15 00:00:00
TCK-0897-05,CUST-0897,Account Access,Low,Closed,False,4.9,5.0,2025-06-17 00:00:00
TCK-0898-01,CUST-0898,Performance Issue,Medium,In Progress,False,-1.0,3.0,2026-05-31 00:00:00
TCK-0898-02,CUST-0898,Performance Issue,Low,Closed,False,19.3,5.0,2025-09-25 00:00:00
TCK-0898-03,CUST-0898,Performance Issue,Medium,Escalation Pending,False,-1.0,1.0,2025-09-01 00:00:00
TCK-0898-04,CUST-0898,Account Access,High,Resolved,True,35.9,3.0,2026-06-17 00:00:00
TCK-0898-05,CUST-0898,Technical Bug,Medium,In Progress,False,-1.0,3.0,2026-05-16 00:00:00
TCK-0898-06,CUST-0898,Technical Bug,High,Escalation Pending,True,-1.0,2.0,2026-06-03 00:00:00
TCK-0899-01,CUST-0899,Technical Bug,Low,Escalation Pending,False,-1.0,2.0,2026-04-03 00:00:00
TCK-0899-02,CUST-0899,Technical Bug,High,Resolved,True,50.1,2.0,2025-07-10 00:00:00
TCK-0899-03,CUST-0899,Feature Request,Low,Escalation Pending,False,-1.0,1.0,2025-06-21 00:00:00
TCK-0899-04,CUST-0899,Feature Request,Low,Resolved,False,21.5,5.0,2026-02-12 00:00:00
TCK-0899-05,CUST-0899,Performance Issue,Low,Resolved,False,7.1,5.0,2025-11-25 00:00:00
TCK-0899-06,CUST-0899,Performance Issue,Low,Resolved,False,10.0,3.0,2025-11-26 00:00:00
TCK-0899-07,CUST-0899,Account Access,High,Escalation Pending,True,-1.0,2.0,2025-08-01 00:00:00
TCK-0900-01,CUST-0900,Technical Bug,Urgent,Escalation Pending,False,-1.0,2.0,2025-11-01 00:00:00
TCK-0900-02,CUST-0900,Technical Bug,High,In Progress,False,-1.0,2.0,2025-12-26 00:00:00
TCK-0900-03,CUST-0900,Account Access,Low,Escalation Pending,False,-1.0,1.0,2026-03-31 00:00:00
TCK-0901-01,CUST-0901,Feature Request,Low,Closed,False,10.4,3.0,2026-01-25 00:00:00
TCK-0901-02,CUST-0901,Account Access,Urgent,Escalation Pending,True,-1.0,2.0,2025-09-30 00:00:00
TCK-0901-03,CUST-0901,Account Access,High,In Progress,False,-1.0,1.0,2026-04-20 00:00:00
TCK-0902-01,CUST-0902,Performance Issue,High,In Progress,False,-1.0,2.0,2025-04-29 00:00:00
TCK-0902-02,CUST-0902,Performance Issue,Low,Escalation Pending,False,-1.0,3.0,2025-04-07 00:00:00
TCK-0902-03,CUST-0902,Account Access,Urgent,Closed,False,3.5,4.0,2026-05-05 00:00:00
TCK-0902-04,CUST-0902,Performance Issue,Medium,Escalation Pending,False,-1.0,2.0,2026-03-27 00:00:00
TCK-0902-05,CUST-0902,Technical Bug,High,Escalation Pending,False,-1.0,3.0,2025-10-15 00:00:00
TCK-0902-06,CUST-0902,Billing,Urgent,Resolved,True,23.8,2.0,2026-05-22 00:00:00
TCK-0902-07,CUST-0902,Account Access,Low,Escalation Pending,False,-1.0,3.0,2025-05-18 00:00:00
TCK-0902-08,CUST-0902,Technical Bug,High,Closed,True,24.8,2.0,2025-09-29 00:00:00
TCK-0903-01,CUST-0903,Billing,High,Resolved,True,42.3,2.0,2026-02-18 00:00:00
TCK-0903-02,CUST-0903,Technical Bug,High,Escalation Pending,False,-1.0,2.0,2025-10-05 00:00:00
TCK-0903-03,CUST-0903,Account Access,Urgent,Resolved,False,37.7,5.0,2026-06-28 00:00:00
TCK-0903-04,CUST-0903,Technical Bug,Low,Escalation Pending,False,-1.0,1.0,2025-12-18 00:00:00
TCK-0903-05,CUST-0903,Feature Request,Medium,Resolved,False,17.2,4.0,2026-01-18 00:00:00
TCK-0903-06,CUST-0903,Feature Request,Low,Closed,False,5.3,5.0,2025-12-22 00:00:00
TCK-0904-01,CUST-0904,Feature Request,High,In Progress,False,-1.0,3.0,2026-05-05 00:00:00
TCK-0904-02,CUST-0904,Billing,High,Escalation Pending,False,-1.0,3.0,2026-04-09 00:00:00
TCK-0904-03,CUST-0904,Account Access,Medium,In Progress,False,-1.0,2.0,2026-06-24 00:00:00
TCK-0904-04,CUST-0904,Performance Issue,Medium,Closed,False,11.2,5.0,2026-04-28 00:00:00
TCK-0904-05,CUST-0904,Technical Bug,Urgent,In Progress,False,-1.0,3.0,2026-06-23 00:00:00
TCK-0904-06,CUST-0904,Billing,High,Escalation Pending,True,-1.0,2.0,2026-05-01 00:00:00
TCK-0904-07,CUST-0904,Technical Bug,Medium,Resolved,True,10.7,3.0,2025-12-01 00:00:00
TCK-0904-08,CUST-0904,Billing,Urgent,Resolved,False,25.9,5.0,2025-09-08 00:00:00
TCK-0905-01,CUST-0905,Billing,Low,Escalation Pending,True,-1.0,2.0,2025-11-26 00:00:00
TCK-0905-02,CUST-0905,Billing,Medium,Closed,True,13.8,1.0,2026-05-15 00:00:00
TCK-0905-03,CUST-0905,Performance Issue,Medium,In Progress,False,-1.0,1.0,2025-03-31 00:00:00
TCK-0905-04,CUST-0905,Billing,High,Closed,True,41.4,3.0,2026-06-03 00:00:00
TCK-0905-05,CUST-0905,Billing,High,In Progress,False,-1.0,1.0,2026-05-09 00:00:00
TCK-0905-06,CUST-0905,Account Access,Low,Escalation Pending,True,-1.0,2.0,2025-03-01 00:00:00
TCK-0905-07,CUST-0905,Performance Issue,Urgent,Closed,False,52.1,5.0,2025-03-25 00:00:00
TCK-0906-01,CUST-0906,Performance Issue,Medium,In Progress,False,-1.0,1.0,2026-05-02 00:00:00
TCK-0906-02,CUST-0906,Performance Issue,Medium,Escalation Pending,False,-1.0,3.0,2025-07-30 00:00:00
TCK-0906-03,CUST-0906,Technical Bug,High,Escalation Pending,True,-1.0,1.0,2025-07-13 00:00:00
TCK-0906-04,CUST-0906,Billing,High,In Progress,True,-1.0,2.0,2026-04-20 00:00:00
TCK-0906-05,CUST-0906,Performance Issue,Urgent,Resolved,False,29.6,3.0,2025-06-29 00:00:00
TCK-0906-06,CUST-0906,Performance Issue,Urgent,Closed,False,62.7,5.0,2026-03-08 00:00:00
TCK-0906-07,CUST-0906,Feature Request,Urgent,Resolved,False,70.6,4.0,2026-01-10 00:00:00
TCK-0906-08,CUST-0906,Performance Issue,Low,Closed,False,4.5,3.0,2026-01-22 00:00:00
TCK-0906-09,CUST-0906,Technical Bug,Urgent,Resolved,False,38.8,5.0,2025-07-22 00:00:00
TCK-0907-01,CUST-0907,Billing,Low,Escalation Pending,True,-1.0,1.0,2026-02-18 00:00:00
TCK-0907-02,CUST-0907,Billing,Urgent,Closed,True,70.9,2.0,2026-05-26 00:00:00
TCK-0907-03,CUST-0907,Account Access,High,Escalation Pending,False,-1.0,3.0,2026-06-26 00:00:00
TCK-0907-04,CUST-0907,Performance Issue,Medium,Closed,True,12.2,3.0,2025-05-07 00:00:00
TCK-0908-01,CUST-0908,Technical Bug,High,Resolved,True,22.8,3.0,2026-05-29 00:00:00
TCK-0908-02,CUST-0908,Technical Bug,High,In Progress,False,-1.0,2.0,2025-12-22 00:00:00
TCK-0908-03,CUST-0908,Billing,Urgent,In Progress,False,-1.0,3.0,2025-12-30 00:00:00
TCK-0908-04,CUST-0908,Feature Request,Low,Closed,True,18.2,2.0,2026-05-03 00:00:00
TCK-0908-05,CUST-0908,Feature Request,Medium,Closed,False,12.5,5.0,2026-01-23 00:00:00
TCK-0908-06,CUST-0908,Account Access,Low,In Progress,False,-1.0,3.0,2025-12-24 00:00:00
TCK-0908-07,CUST-0908,Performance Issue,Urgent,Resolved,False,63.2,5.0,2026-05-02 00:00:00
TCK-0908-08,CUST-0908,Feature Request,Low,Resolved,False,18.1,3.0,2026-02-13 00:00:00
TCK-0908-09,CUST-0908,Technical Bug,Low,Resolved,False,19.5,5.0,2026-03-22 00:00:00
TCK-0909-01,CUST-0909,Account Access,Low,Resolved,False,8.9,3.0,2025-09-20 00:00:00
TCK-0909-02,CUST-0909,Performance Issue,Medium,Closed,False,9.2,3.0,2026-03-15 00:00:00
TCK-0909-03,CUST-0909,Technical Bug,Medium,Escalation Pending,False,-1.0,1.0,2026-05-22 00:00:00
TCK-0909-04,CUST-0909,Technical Bug,Low,In Progress,False,-1.0,1.0,2026-02-18 00:00:00
TCK-0909-05,CUST-0909,Feature Request,Medium,Escalation Pending,False,-1.0,1.0,2026-01-01 00:00:00
TCK-0909-06,CUST-0909,Billing,Medium,Resolved,True,3.4,1.0,2026-03-22 00:00:00
TCK-0909-07,CUST-0909,Billing,High,In Progress,True,-1.0,1.0,2026-01-23 00:00:00
TCK-0909-08,CUST-0909,Billing,High,Resolved,True,43.9,3.0,2025-08-10 00:00:00
TCK-0910-01,CUST-0910,Technical Bug,Urgent,In Progress,False,-1.0,3.0,2025-11-05 00:00:00
TCK-0910-02,CUST-0910,Billing,Urgent,Closed,False,27.3,5.0,2025-06-26 00:00:00
TCK-0910-03,CUST-0910,Technical Bug,Low,Closed,False,19.7,5.0,2026-01-01 00:00:00
TCK-0910-04,CUST-0910,Billing,Low,In Progress,False,-1.0,3.0,2025-12-03 00:00:00
TCK-0910-05,CUST-0910,Billing,Medium,Closed,True,23.3,2.0,2025-12-15 00:00:00
TCK-0910-06,CUST-0910,Feature Request,Urgent,In Progress,True,-1.0,3.0,2025-05-23 00:00:00
TCK-0910-07,CUST-0910,Account Access,Urgent,In Progress,True,-1.0,1.0,2025-07-17 00:00:00
TCK-0911-01,CUST-0911,Feature Request,Low,Escalation Pending,False,-1.0,3.0,2026-05-14 00:00:00
TCK-0911-02,CUST-0911,Performance Issue,Low,Closed,False,4.2,3.0,2025-12-08 00:00:00
TCK-0911-03,CUST-0911,Billing,Low,Closed,True,17.9,1.0,2025-09-17 00:00:00
TCK-0911-04,CUST-0911,Account Access,High,In Progress,False,-1.0,2.0,2026-02-09 00:00:00
TCK-0912-01,CUST-0912,Billing,Low,Escalation Pending,False,-1.0,3.0,2026-02-10 00:00:00
TCK-0912-02,CUST-0912,Account Access,High,In Progress,False,-1.0,2.0,2025-09-01 00:00:00
TCK-0912-03,CUST-0912,Technical Bug,High,Resolved,True,47.5,1.0,2026-05-09 00:00:00
TCK-0912-04,CUST-0912,Feature Request,Low,Escalation Pending,False,-1.0,1.0,2025-12-13 00:00:00
TCK-0912-05,CUST-0912,Billing,Low,Closed,True,11.9,3.0,2025-12-21 00:00:00
TCK-0912-06,CUST-0912,Billing,Low,Resolved,False,22.6,5.0,2026-04-27 00:00:00
TCK-0913-01,CUST-0913,Account Access,High,Escalation Pending,False,-1.0,3.0,2025-04-02 00:00:00
TCK-0913-02,CUST-0913,Feature Request,Medium,Resolved,False,4.7,5.0,2025-09-01 00:00:00
TCK-0913-03,CUST-0913,Account Access,Medium,Resolved,False,20.4,5.0,2026-06-02 00:00:00
TCK-0914-01,CUST-0914,Technical Bug,Medium,Resolved,False,16.2,5.0,2025-07-25 00:00:00
TCK-0914-02,CUST-0914,Billing,Low,In Progress,False,-1.0,2.0,2025-06-19 00:00:00
TCK-0914-03,CUST-0914,Technical Bug,High,In Progress,True,-1.0,3.0,2025-08-06 00:00:00
TCK-0914-04,CUST-0914,Technical Bug,High,Escalation Pending,False,-1.0,2.0,2025-11-01 00:00:00
TCK-0914-05,CUST-0914,Technical Bug,Low,Escalation Pending,False,-1.0,2.0,2025-12-25 00:00:00
TCK-0914-06,CUST-0914,Account Access,High,Closed,True,8.9,2.0,2026-06-11 00:00:00
TCK-0914-07,CUST-0914,Account Access,High,Resolved,True,56.5,3.0,2025-10-16 00:00:00
TCK-0914-08,CUST-0914,Billing,Low,Closed,False,12.5,3.0,2025-09-13 00:00:00
TCK-0914-09,CUST-0914,Account Access,Urgent,Closed,False,46.3,3.0,2026-01-31 00:00:00
TCK-0914-10,CUST-0914,Performance Issue,Low,Escalation Pending,False,-1.0,3.0,2026-05-07 00:00:00
TCK-0915-01,CUST-0915,Account Access,Low,In Progress,False,-1.0,3.0,2025-09-17 00:00:00
TCK-0915-02,CUST-0915,Account Access,Urgent,Escalation Pending,True,-1.0,1.0,2025-08-27 00:00:00
TCK-0916-01,CUST-0916,Billing,Urgent,In Progress,False,-1.0,1.0,2026-03-07 00:00:00
TCK-0916-02,CUST-0916,Technical Bug,Low,Escalation Pending,False,-1.0,2.0,2025-09-27 00:00:00
TCK-0917-01,CUST-0917,Billing,High,Escalation Pending,False,-1.0,2.0,2025-01-29 00:00:00
TCK-0917-02,CUST-0917,Performance Issue,High,Resolved,True,24.9,3.0,2026-01-08 00:00:00
TCK-0917-03,CUST-0917,Billing,High,Closed,False,37.2,5.0,2026-04-13 00:00:00
TCK-0918-01,CUST-0918,Billing,Urgent,Resolved,False,8.3,5.0,2026-06-15 00:00:00
TCK-0918-02,CUST-0918,Account Access,Low,Escalation Pending,False,-1.0,1.0,2026-04-13 00:00:00
TCK-0918-03,CUST-0918,Feature Request,Low,Resolved,False,10.7,4.0,2025-05-15 00:00:00
TCK-0918-04,CUST-0918,Billing,Medium,Resolved,False,12.1,5.0,2026-02-02 00:00:00
TCK-0918-05,CUST-0918,Technical Bug,Medium,Closed,False,6.6,3.0,2025-07-03 00:00:00
TCK-0918-06,CUST-0918,Account Access,Urgent,Closed,False,26.2,4.0,2025-12-21 00:00:00
TCK-0919-01,CUST-0919,Account Access,Low,Closed,False,12.9,5.0,2025-11-29 00:00:00
TCK-0919-02,CUST-0919,Technical Bug,Medium,Escalation Pending,False,-1.0,1.0,2026-05-02 00:00:00
TCK-0919-03,CUST-0919,Account Access,Medium,Resolved,False,16.9,5.0,2025-11-10 00:00:00
TCK-0920-01,CUST-0920,Account Access,Low,Escalation Pending,False,-1.0,1.0,2026-03-16 00:00:00
TCK-0920-02,CUST-0920,Performance Issue,High,Resolved,True,70.4,3.0,2025-10-19 00:00:00
TCK-0920-03,CUST-0920,Performance Issue,Medium,In Progress,False,-1.0,1.0,2026-03-28 00:00:00
TCK-0920-04,CUST-0920,Billing,High,Escalation Pending,False,-1.0,2.0,2026-03-11 00:00:00
TCK-0920-05,CUST-0920,Performance Issue,Medium,Closed,False,12.7,5.0,2026-02-27 00:00:00
TCK-0920-06,CUST-0920,Account Access,Urgent,Resolved,True,31.6,3.0,2026-06-09 00:00:00
TCK-0920-07,CUST-0920,Billing,Medium,Resolved,False,7.3,3.0,2025-06-25 00:00:00
TCK-0920-08,CUST-0920,Billing,Medium,Resolved,False,4.4,5.0,2025-10-19 00:00:00
TCK-0920-09,CUST-0920,Technical Bug,High,Resolved,False,14.5,5.0,2025-11-27 00:00:00
TCK-0921-01,CUST-0921,Technical Bug,Medium,Resolved,False,14.3,4.0,2025-12-07 00:00:00
TCK-0921-02,CUST-0921,Account Access,Urgent,In Progress,True,-1.0,1.0,2026-01-07 00:00:00
TCK-0921-03,CUST-0921,Billing,Medium,In Progress,False,-1.0,3.0,2026-06-06 00:00:00
TCK-0921-04,CUST-0921,Feature Request,Medium,Closed,False,4.7,3.0,2025-10-17 00:00:00
TCK-0922-01,CUST-0922,Billing,High,Closed,True,7.2,2.0,2026-06-24 00:00:00
TCK-0922-02,CUST-0922,Performance Issue,High,Closed,True,39.8,1.0,2025-12-02 00:00:00
TCK-0922-03,CUST-0922,Account Access,Urgent,Closed,False,40.1,3.0,2025-08-11 00:00:00
TCK-0922-04,CUST-0922,Technical Bug,Urgent,In Progress,True,-1.0,3.0,2025-09-02 00:00:00
TCK-0922-05,CUST-0922,Feature Request,Medium,In Progress,False,-1.0,2.0,2025-09-23 00:00:00
TCK-0922-06,CUST-0922,Billing,Urgent,Resolved,False,3.1,4.0,2025-10-18 00:00:00
TCK-0922-07,CUST-0922,Account Access,Medium,In Progress,False,-1.0,3.0,2026-04-24 00:00:00
TCK-0922-08,CUST-0922,Billing,Low,Resolved,False,16.7,4.0,2026-02-02 00:00:00
TCK-0922-09,CUST-0922,Technical Bug,High,Closed,True,53.0,3.0,2025-09-09 00:00:00
TCK-0923-01,CUST-0923,Feature Request,Low,Escalation Pending,False,-1.0,2.0,2025-08-22 00:00:00
TCK-0923-02,CUST-0923,Account Access,Medium,Resolved,False,11.8,3.0,2026-01-13 00:00:00
TCK-0923-03,CUST-0923,Feature Request,Urgent,Escalation Pending,False,-1.0,1.0,2026-05-28 00:00:00
TCK-0923-04,CUST-0923,Feature Request,Medium,Closed,False,4.0,3.0,2026-02-07 00:00:00
TCK-0923-05,CUST-0923,Billing,Low,In Progress,False,-1.0,2.0,2025-10-22 00:00:00
TCK-0924-01,CUST-0924,Account Access,Low,Escalation Pending,False,-1.0,3.0,2025-04-09 00:00:00
TCK-0924-02,CUST-0924,Feature Request,Low,Closed,False,12.7,4.0,2025-03-15 00:00:00
TCK-0924-03,CUST-0924,Feature Request,Low,Closed,False,21.3,3.0,2025-07-25 00:00:00
TCK-0924-04,CUST-0924,Account Access,Medium,Closed,True,19.7,2.0,2025-06-02 00:00:00
TCK-0924-05,CUST-0924,Account Access,Urgent,In Progress,False,-1.0,1.0,2025-07-31 00:00:00
TCK-0925-01,CUST-0925,Feature Request,High,Resolved,False,25.5,4.0,2025-12-28 00:00:00
TCK-0925-02,CUST-0925,Feature Request,Low,Escalation Pending,False,-1.0,1.0,2026-06-22 00:00:00
TCK-0926-01,CUST-0926,Account Access,High,Resolved,True,41.8,2.0,2025-10-09 00:00:00
TCK-0926-02,CUST-0926,Account Access,High,Escalation Pending,False,-1.0,3.0,2025-04-04 00:00:00
TCK-0926-03,CUST-0926,Feature Request,High,Closed,True,4.4,2.0,2025-10-06 00:00:00
TCK-0926-04,CUST-0926,Billing,High,In Progress,False,-1.0,3.0,2025-12-12 00:00:00
TCK-0926-05,CUST-0926,Feature Request,Urgent,In Progress,False,-1.0,1.0,2025-07-10 00:00:00
TCK-0927-01,CUST-0927,Billing,Low,In Progress,True,-1.0,3.0,2025-06-15 00:00:00
TCK-0927-02,CUST-0927,Account Access,Low,Resolved,False,10.5,5.0,2025-05-15 00:00:00
TCK-0928-01,CUST-0928,Billing,Low,In Progress,True,-1.0,1.0,2025-10-05 00:00:00
TCK-0928-02,CUST-0928,Account Access,Urgent,In Progress,True,-1.0,2.0,2026-05-18 00:00:00
TCK-0928-03,CUST-0928,Feature Request,Medium,Escalation Pending,False,-1.0,2.0,2025-12-20 00:00:00
TCK-0928-04,CUST-0928,Account Access,Urgent,Closed,True,62.2,2.0,2026-04-29 00:00:00
TCK-0928-05,CUST-0928,Technical Bug,High,Resolved,False,7.8,4.0,2026-06-22 00:00:00
TCK-0928-06,CUST-0928,Billing,Urgent,Resolved,False,8.2,3.0,2025-12-20 00:00:00
TCK-0929-01,CUST-0929,Performance Issue,Low,In Progress,False,-1.0,3.0,2025-07-22 00:00:00
TCK-0929-02,CUST-0929,Account Access,Medium,Resolved,False,11.7,3.0,2026-03-22 00:00:00
TCK-0930-01,CUST-0930,Billing,Low,Closed,False,19.1,4.0,2025-11-22 00:00:00
TCK-0930-02,CUST-0930,Billing,Urgent,Resolved,False,13.4,5.0,2026-01-27 00:00:00
TCK-0930-03,CUST-0930,Billing,Urgent,In Progress,False,-1.0,2.0,2026-01-29 00:00:00
TCK-0930-04,CUST-0930,Performance Issue,Urgent,Closed,True,19.6,2.0,2025-08-31 00:00:00
TCK-0930-05,CUST-0930,Performance Issue,Medium,Resolved,False,21.1,4.0,2026-03-03 00:00:00
TCK-0931-01,CUST-0931,Account Access,Low,In Progress,False,-1.0,2.0,2025-12-19 00:00:00
TCK-0931-02,CUST-0931,Performance Issue,High,Resolved,True,42.2,2.0,2025-10-05 00:00:00
TCK-0931-03,CUST-0931,Account Access,High,Closed,False,63.7,4.0,2026-02-15 00:00:00
TCK-0931-04,CUST-0931,Account Access,Urgent,Escalation Pending,False,-1.0,1.0,2025-11-22 00:00:00
TCK-0931-05,CUST-0931,Feature Request,Urgent,In Progress,False,-1.0,3.0,2025-11-18 00:00:00
TCK-0931-06,CUST-0931,Technical Bug,Urgent,In Progress,False,-1.0,1.0,2025-08-10 00:00:00
TCK-0931-07,CUST-0931,Technical Bug,High,Resolved,True,61.9,2.0,2025-05-24 00:00:00
TCK-0931-08,CUST-0931,Feature Request,Medium,Escalation Pending,False,-1.0,2.0,2025-11-04 00:00:00
TCK-0931-09,CUST-0931,Feature Request,Urgent,Escalation Pending,False,-1.0,1.0,2026-03-12 00:00:00
TCK-0932-01,CUST-0932,Performance Issue,Medium,Escalation Pending,False,-1.0,3.0,2025-11-16 00:00:00
TCK-0932-02,CUST-0932,Billing,High,Escalation Pending,False,-1.0,2.0,2025-12-26 00:00:00
TCK-0932-03,CUST-0932,Billing,Low,Escalation Pending,False,-1.0,3.0,2026-04-13 00:00:00
TCK-0932-04,CUST-0932,Technical Bug,Urgent,In Progress,False,-1.0,2.0,2026-04-12 00:00:00
TCK-0932-05,CUST-0932,Feature Request,Urgent,Resolved,False,21.0,5.0,2026-04-23 00:00:00
TCK-0932-06,CUST-0932,Feature Request,Urgent,Resolved,False,11.4,5.0,2026-03-25 00:00:00
TCK-0932-07,CUST-0932,Billing,Low,In Progress,False,-1.0,2.0,2026-01-17 00:00:00
TCK-0933-01,CUST-0933,Account Access,Urgent,Closed,False,36.3,5.0,2026-03-24 00:00:00
TCK-0933-02,CUST-0933,Account Access,High,In Progress,True,-1.0,3.0,2026-05-24 00:00:00
TCK-0933-03,CUST-0933,Feature Request,Urgent,Escalation Pending,False,-1.0,1.0,2025-10-17 00:00:00
TCK-0933-04,CUST-0933,Account Access,High,Resolved,False,51.6,5.0,2025-06-29 00:00:00
TCK-0934-01,CUST-0934,Performance Issue,Medium,In Progress,False,-1.0,3.0,2026-05-16 00:00:00
TCK-0934-02,CUST-0934,Performance Issue,Urgent,In Progress,True,-1.0,1.0,2026-04-05 00:00:00
TCK-0934-03,CUST-0934,Feature Request,Low,Escalation Pending,False,-1.0,3.0,2026-06-02 00:00:00
TCK-0934-04,CUST-0934,Billing,Medium,Escalation Pending,False,-1.0,3.0,2026-02-02 00:00:00
TCK-0935-01,CUST-0935,Billing,Urgent,Escalation Pending,False,-1.0,1.0,2026-02-11 00:00:00
TCK-0935-02,CUST-0935,Account Access,Medium,Escalation Pending,False,-1.0,3.0,2026-03-31 00:00:00
TCK-0936-01,CUST-0936,Performance Issue,Low,Escalation Pending,False,-1.0,3.0,2025-11-15 00:00:00
TCK-0936-02,CUST-0936,Billing,Urgent,In Progress,False,-1.0,3.0,2025-08-27 00:00:00
TCK-0936-03,CUST-0936,Account Access,Low,Resolved,True,9.7,3.0,2026-01-27 00:00:00
TCK-0937-01,CUST-0937,Billing,Low,In Progress,True,-1.0,3.0,2026-06-26 00:00:00
TCK-0937-02,CUST-0937,Billing,Medium,Escalation Pending,True,-1.0,2.0,2025-12-30 00:00:00
TCK-0938-01,CUST-0938,Billing,Low,Escalation Pending,True,-1.0,3.0,2026-03-15 00:00:00
TCK-0938-02,CUST-0938,Account Access,Low,Closed,False,14.6,5.0,2025-12-25 00:00:00
TCK-0938-03,CUST-0938,Account Access,Low,Resolved,False,13.9,5.0,2026-03-26 00:00:00
TCK-0938-04,CUST-0938,Billing,High,In Progress,False,-1.0,3.0,2025-11-18 00:00:00
TCK-0938-05,CUST-0938,Billing,Low,Resolved,False,19.8,4.0,2026-03-08 00:00:00
TCK-0938-06,CUST-0938,Billing,High,Escalation Pending,False,-1.0,2.0,2026-05-07 00:00:00
TCK-0939-01,CUST-0939,Performance Issue,Medium,In Progress,False,-1.0,3.0,2026-06-15 00:00:00
TCK-0939-02,CUST-0939,Account Access,Medium,In Progress,False,-1.0,2.0,2025-10-01 00:00:00
TCK-0939-03,CUST-0939,Feature Request,Urgent,In Progress,True,-1.0,1.0,2026-06-10 00:00:00
TCK-0939-04,CUST-0939,Technical Bug,Low,Closed,False,21.2,5.0,2025-08-07 00:00:00
TCK-0939-05,CUST-0939,Billing,Urgent,Resolved,False,30.1,5.0,2025-06-22 00:00:00
TCK-0940-01,CUST-0940,Account Access,Medium,Closed,False,10.7,5.0,2026-04-11 00:00:00
TCK-0940-02,CUST-0940,Feature Request,Medium,In Progress,False,-1.0,3.0,2025-04-26 00:00:00
TCK-0940-03,CUST-0940,Technical Bug,Urgent,Escalation Pending,False,-1.0,2.0,2025-07-26 00:00:00
TCK-0940-04,CUST-0940,Feature Request,Urgent,Resolved,False,5.6,3.0,2025-10-29 00:00:00
TCK-0940-05,CUST-0940,Feature Request,Medium,Escalation Pending,False,-1.0,2.0,2025-06-18 00:00:00
TCK-0940-06,CUST-0940,Account Access,Low,Escalation Pending,False,-1.0,1.0,2025-04-24 00:00:00
TCK-0941-01,CUST-0941,Billing,Low,Resolved,False,14.5,4.0,2025-10-25 00:00:00
TCK-0941-02,CUST-0941,Technical Bug,Medium,Closed,False,11.3,5.0,2025-04-24 00:00:00
TCK-0941-03,CUST-0941,Account Access,Urgent,In Progress,True,-1.0,2.0,2025-02-11 00:00:00
TCK-0941-04,CUST-0941,Billing,Medium,Resolved,False,16.6,3.0,2025-05-08 00:00:00
TCK-0941-05,CUST-0941,Account Access,High,Escalation Pending,False,-1.0,1.0,2025-04-15 00:00:00
TCK-0941-06,CUST-0941,Technical Bug,Urgent,Resolved,True,52.7,3.0,2025-03-20 00:00:00
TCK-0942-01,CUST-0942,Feature Request,Medium,Resolved,True,17.5,3.0,2026-03-17 00:00:00
TCK-0942-02,CUST-0942,Technical Bug,Urgent,Escalation Pending,True,-1.0,3.0,2025-08-24 00:00:00
TCK-0943-01,CUST-0943,Feature Request,Medium,Closed,True,22.2,1.0,2026-02-28 00:00:00
TCK-0943-02,CUST-0943,Billing,Low,Closed,False,13.5,5.0,2026-03-05 00:00:00
TCK-0943-03,CUST-0943,Performance Issue,Urgent,Resolved,False,14.0,5.0,2025-11-30 00:00:00
TCK-0943-04,CUST-0943,Account Access,Medium,Resolved,False,20.4,5.0,2025-11-29 00:00:00
TCK-0944-01,CUST-0944,Account Access,Medium,Resolved,False,14.6,5.0,2026-03-20 00:00:00
TCK-0944-02,CUST-0944,Billing,Medium,Closed,False,19.6,5.0,2026-06-18 00:00:00
TCK-0944-03,CUST-0944,Feature Request,Urgent,In Progress,False,-1.0,2.0,2026-06-26 00:00:00
TCK-0945-01,CUST-0945,Billing,High,In Progress,True,-1.0,2.0,2026-01-11 00:00:00
TCK-0945-02,CUST-0945,Billing,Urgent,In Progress,False,-1.0,3.0,2026-05-14 00:00:00
TCK-0945-03,CUST-0945,Feature Request,Low,Escalation Pending,False,-1.0,2.0,2026-01-10 00:00:00
TCK-0945-04,CUST-0945,Billing,Medium,Escalation Pending,False,-1.0,1.0,2025-10-29 00:00:00
TCK-0945-05,CUST-0945,Account Access,Low,In Progress,False,-1.0,3.0,2025-09-10 00:00:00
TCK-0945-06,CUST-0945,Billing,Urgent,In Progress,False,-1.0,2.0,2026-05-08 00:00:00
TCK-0945-07,CUST-0945,Billing,Medium,Escalation Pending,False,-1.0,2.0,2025-09-23 00:00:00
TCK-0946-01,CUST-0946,Feature Request,Urgent,Resolved,False,39.1,3.0,2026-05-08 00:00:00
TCK-0946-02,CUST-0946,Account Access,Low,Resolved,True,7.0,3.0,2026-02-01 00:00:00
TCK-0946-03,CUST-0946,Feature Request,Medium,In Progress,False,-1.0,3.0,2025-12-28 00:00:00
TCK-0946-04,CUST-0946,Billing,High,Resolved,True,30.8,3.0,2026-04-20 00:00:00
TCK-0947-01,CUST-0947,Feature Request,Low,Resolved,True,21.8,1.0,2026-05-10 00:00:00
TCK-0947-02,CUST-0947,Account Access,Urgent,Closed,True,43.7,3.0,2026-05-31 00:00:00
TCK-0947-03,CUST-0947,Feature Request,Urgent,Resolved,False,23.9,3.0,2026-05-27 00:00:00
TCK-0948-01,CUST-0948,Account Access,Low,Resolved,False,2.1,5.0,2026-05-25 00:00:00
TCK-0948-02,CUST-0948,Feature Request,High,In Progress,True,-1.0,2.0,2025-08-16 00:00:00
TCK-0948-03,CUST-0948,Feature Request,Urgent,Escalation Pending,True,-1.0,2.0,2025-10-16 00:00:00
TCK-0948-04,CUST-0948,Billing,Urgent,Closed,False,50.2,4.0,2026-03-27 00:00:00
TCK-0948-05,CUST-0948,Technical Bug,Medium,Resolved,False,7.7,3.0,2026-06-13 00:00:00
TCK-0948-06,CUST-0948,Performance Issue,Medium,Closed,False,12.0,4.0,2026-02-28 00:00:00
TCK-0948-07,CUST-0948,Account Access,Urgent,Closed,False,31.6,5.0,2026-05-24 00:00:00
TCK-0948-08,CUST-0948,Account Access,Low,Resolved,False,5.8,3.0,2025-08-07 00:00:00
TCK-0948-09,CUST-0948,Performance Issue,High,Escalation Pending,False,-1.0,3.0,2026-05-07 00:00:00
TCK-0949-01,CUST-0949,Account Access,Urgent,Resolved,False,39.2,5.0,2025-05-21 00:00:00
TCK-0949-02,CUST-0949,Billing,Low,Escalation Pending,True,-1.0,3.0,2025-04-21 00:00:00
TCK-0949-03,CUST-0949,Billing,Urgent,Closed,False,52.2,5.0,2026-04-04 00:00:00
TCK-0949-04,CUST-0949,Technical Bug,Urgent,In Progress,True,-1.0,2.0,2026-02-12 00:00:00
TCK-0950-01,CUST-0950,Feature Request,Low,Escalation Pending,False,-1.0,1.0,2026-05-10 00:00:00
TCK-0950-02,CUST-0950,Feature Request,High,Escalation Pending,False,-1.0,3.0,2025-10-27 00:00:00
TCK-0950-03,CUST-0950,Feature Request,Low,In Progress,False,-1.0,1.0,2026-01-29 00:00:00
TCK-0950-04,CUST-0950,Performance Issue,Urgent,Closed,True,58.7,3.0,2025-10-04 00:00:00
TCK-0950-05,CUST-0950,Technical Bug,High,In Progress,False,-1.0,1.0,2026-04-28 00:00:00
TCK-0950-06,CUST-0950,Billing,Urgent,Resolved,False,44.9,5.0,2025-11-02 00:00:00
TCK-0950-07,CUST-0950,Performance Issue,Urgent,Closed,False,46.5,5.0,2025-09-19 00:00:00
TCK-0950-08,CUST-0950,Billing,Low,Escalation Pending,False,-1.0,2.0,2026-01-02 00:00:00
TCK-0950-09,CUST-0950,Performance Issue,High,Closed,False,61.6,4.0,2025-08-03 00:00:00
TCK-0951-01,CUST-0951,Billing,Urgent,Closed,True,34.9,3.0,2025-10-04 00:00:00
TCK-0951-02,CUST-0951,Account Access,High,Resolved,False,46.5,5.0,2026-02-03 00:00:00
TCK-0951-03,CUST-0951,Billing,High,Closed,False,36.2,3.0,2025-12-22 00:00:00
TCK-0951-04,CUST-0951,Feature Request,Urgent,Resolved,True,71.8,1.0,2025-10-26 00:00:00
TCK-0951-05,CUST-0951,Account Access,Low,Resolved,False,21.7,5.0,2026-06-10 00:00:00
TCK-0951-06,CUST-0951,Account Access,High,Resolved,False,39.9,4.0,2026-06-07 00:00:00
TCK-0951-07,CUST-0951,Account Access,Low,Closed,False,13.0,3.0,2026-05-17 00:00:00
TCK-0951-08,CUST-0951,Technical Bug,High,Closed,True,2.9,3.0,2025-12-12 00:00:00
TCK-0951-09,CUST-0951,Performance Issue,High,In Progress,True,-1.0,1.0,2025-11-30 00:00:00
TCK-0952-01,CUST-0952,Performance Issue,Urgent,In Progress,False,-1.0,1.0,2026-02-15 00:00:00
TCK-0952-02,CUST-0952,Billing,Medium,Resolved,False,21.3,5.0,2025-09-27 00:00:00
TCK-0952-03,CUST-0952,Performance Issue,Low,Resolved,False,20.1,3.0,2025-10-18 00:00:00
TCK-0952-04,CUST-0952,Billing,Low,Resolved,False,23.5,5.0,2025-09-17 00:00:00
TCK-0952-05,CUST-0952,Account Access,Urgent,Closed,False,17.1,4.0,2026-04-13 00:00:00
TCK-0952-06,CUST-0952,Feature Request,Medium,Escalation Pending,False,-1.0,3.0,2026-06-02 00:00:00
TCK-0952-07,CUST-0952,Performance Issue,High,Escalation Pending,False,-1.0,3.0,2025-11-25 00:00:00
TCK-0952-08,CUST-0952,Billing,Medium,Closed,False,20.7,3.0,2026-02-22 00:00:00
TCK-0952-09,CUST-0952,Billing,High,Escalation Pending,False,-1.0,1.0,2026-03-26 00:00:00
TCK-0952-10,CUST-0952,Billing,Medium,Resolved,True,6.5,1.0,2026-06-22 00:00:00
TCK-0953-01,CUST-0953,Feature Request,Urgent,Closed,False,32.1,4.0,2026-05-25 00:00:00
TCK-0953-02,CUST-0953,Account Access,Medium,In Progress,True,-1.0,3.0,2026-03-29 00:00:00
TCK-0953-03,CUST-0953,Performance Issue,High,Escalation Pending,False,-1.0,3.0,2025-12-18 00:00:00
TCK-0953-04,CUST-0953,Account Access,Low,In Progress,False,-1.0,1.0,2026-03-18 00:00:00
TCK-0953-05,CUST-0953,Feature Request,Medium,Resolved,False,13.8,5.0,2026-05-17 00:00:00
TCK-0954-01,CUST-0954,Technical Bug,Medium,Closed,False,4.3,5.0,2025-05-27 00:00:00
TCK-0954-02,CUST-0954,Technical Bug,High,Closed,True,36.7,2.0,2025-05-27 00:00:00
TCK-0954-03,CUST-0954,Billing,High,Escalation Pending,True,-1.0,2.0,2025-12-30 00:00:00
TCK-0954-04,CUST-0954,Performance Issue,High,Escalation Pending,False,-1.0,3.0,2025-08-11 00:00:00
TCK-0955-01,CUST-0955,Feature Request,Medium,Resolved,False,9.9,5.0,2025-12-26 00:00:00
TCK-0955-02,CUST-0955,Performance Issue,Low,Closed,False,6.4,3.0,2026-05-11 00:00:00
TCK-0955-03,CUST-0955,Billing,Low,Closed,False,8.5,5.0,2025-10-13 00:00:00
TCK-0955-04,CUST-0955,Feature Request,High,Escalation Pending,True,-1.0,1.0,2025-11-10 00:00:00
TCK-0955-05,CUST-0955,Billing,Urgent,Escalation Pending,False,-1.0,2.0,2026-06-15 00:00:00
TCK-0955-06,CUST-0955,Technical Bug,Low,Escalation Pending,False,-1.0,1.0,2025-09-25 00:00:00
TCK-0955-07,CUST-0955,Feature Request,Urgent,Resolved,False,63.3,4.0,2026-05-25 00:00:00
TCK-0955-08,CUST-0955,Performance Issue,Low,Closed,False,10.1,5.0,2026-03-30 00:00:00
TCK-0956-01,CUST-0956,Technical Bug,High,Escalation Pending,True,-1.0,3.0,2026-04-03 00:00:00
TCK-0956-02,CUST-0956,Billing,Medium,Resolved,True,13.7,2.0,2026-06-02 00:00:00
TCK-0956-03,CUST-0956,Billing,High,In Progress,False,-1.0,2.0,2026-05-18 00:00:00
TCK-0956-04,CUST-0956,Feature Request,Low,In Progress,False,-1.0,3.0,2025-12-24 00:00:00
TCK-0957-01,CUST-0957,Feature Request,Low,Closed,False,3.5,3.0,2026-03-28 00:00:00
TCK-0957-02,CUST-0957,Feature Request,Urgent,In Progress,True,-1.0,3.0,2026-06-30 00:00:00
TCK-0957-03,CUST-0957,Performance Issue,Urgent,In Progress,False,-1.0,1.0,2025-09-05 00:00:00
TCK-0957-04,CUST-0957,Performance Issue,Urgent,Resolved,False,60.9,4.0,2026-04-08 00:00:00
TCK-0958-01,CUST-0958,Performance Issue,Urgent,Resolved,True,25.4,2.0,2025-11-11 00:00:00
TCK-0958-02,CUST-0958,Performance Issue,Low,Escalation Pending,False,-1.0,1.0,2026-03-07 00:00:00
TCK-0958-03,CUST-0958,Billing,High,Resolved,False,60.9,5.0,2025-09-21 00:00:00
TCK-0958-04,CUST-0958,Technical Bug,High,In Progress,False,-1.0,3.0,2025-07-14 00:00:00
TCK-0958-05,CUST-0958,Technical Bug,Medium,Escalation Pending,False,-1.0,3.0,2025-05-27 00:00:00
TCK-0958-06,CUST-0958,Feature Request,Medium,Resolved,False,9.7,5.0,2025-10-02 00:00:00
TCK-0958-07,CUST-0958,Feature Request,Medium,In Progress,True,-1.0,1.0,2026-06-21 00:00:00
TCK-0958-08,CUST-0958,Feature Request,High,Escalation Pending,False,-1.0,2.0,2026-06-09 00:00:00
TCK-0959-01,CUST-0959,Technical Bug,Low,Escalation Pending,False,-1.0,3.0,2026-01-07 00:00:00
TCK-0959-02,CUST-0959,Feature Request,High,In Progress,False,-1.0,2.0,2025-12-29 00:00:00
TCK-0959-03,CUST-0959,Technical Bug,High,Escalation Pending,True,-1.0,2.0,2026-03-18 00:00:00
TCK-0959-04,CUST-0959,Technical Bug,Medium,Resolved,False,23.9,4.0,2025-10-06 00:00:00
TCK-0959-05,CUST-0959,Feature Request,Urgent,Resolved,False,32.3,3.0,2025-09-17 00:00:00
TCK-0959-06,CUST-0959,Account Access,High,Closed,True,32.7,1.0,2026-05-10 00:00:00
TCK-0959-07,CUST-0959,Feature Request,Medium,Closed,False,19.7,5.0,2025-10-07 00:00:00
TCK-0959-08,CUST-0959,Technical Bug,High,In Progress,False,-1.0,2.0,2026-06-26 00:00:00
TCK-0960-01,CUST-0960,Account Access,Urgent,Resolved,True,41.2,2.0,2025-10-15 00:00:00
TCK-0960-02,CUST-0960,Feature Request,Low,Closed,False,11.0,5.0,2025-10-31 00:00:00
TCK-0960-03,CUST-0960,Account Access,Low,Resolved,False,3.2,3.0,2025-09-19 00:00:00
TCK-0960-04,CUST-0960,Feature Request,Urgent,Escalation Pending,False,-1.0,3.0,2025-07-23 00:00:00
TCK-0960-05,CUST-0960,Performance Issue,Urgent,Resolved,True,41.7,1.0,2025-07-08 00:00:00
TCK-0960-06,CUST-0960,Billing,Low,In Progress,False,-1.0,3.0,2026-05-04 00:00:00
TCK-0960-07,CUST-0960,Account Access,High,In Progress,True,-1.0,3.0,2025-11-09 00:00:00
TCK-0960-08,CUST-0960,Billing,Low,In Progress,True,-1.0,2.0,2025-09-09 00:00:00
TCK-0961-01,CUST-0961,Account Access,Urgent,Closed,False,6.0,4.0,2025-06-23 00:00:00
TCK-0961-02,CUST-0961,Billing,Urgent,In Progress,False,-1.0,2.0,2026-01-20 00:00:00
TCK-0961-03,CUST-0961,Billing,Low,Resolved,False,15.8,5.0,2026-04-23 00:00:00
TCK-0961-04,CUST-0961,Billing,Low,Resolved,False,6.7,5.0,2025-04-04 00:00:00
TCK-0962-01,CUST-0962,Technical Bug,Urgent,In Progress,False,-1.0,1.0,2025-10-25 00:00:00
TCK-0962-02,CUST-0962,Performance Issue,High,Escalation Pending,False,-1.0,2.0,2025-07-30 00:00:00
TCK-0962-03,CUST-0962,Feature Request,High,In Progress,True,-1.0,1.0,2025-10-12 00:00:00
TCK-0962-04,CUST-0962,Feature Request,Urgent,In Progress,False,-1.0,1.0,2025-06-30 00:00:00
TCK-0963-01,CUST-0963,Feature Request,High,Escalation Pending,False,-1.0,2.0,2026-01-13 00:00:00
TCK-0963-02,CUST-0963,Billing,High,In Progress,False,-1.0,2.0,2026-01-01 00:00:00
TCK-0963-03,CUST-0963,Performance Issue,Medium,Resolved,False,19.7,3.0,2026-05-02 00:00:00
TCK-0963-04,CUST-0963,Account Access,Medium,Closed,True,15.8,1.0,2026-06-20 00:00:00
TCK-0963-05,CUST-0963,Feature Request,High,In Progress,True,-1.0,1.0,2026-02-03 00:00:00
TCK-0963-06,CUST-0963,Technical Bug,High,Escalation Pending,True,-1.0,3.0,2026-05-17 00:00:00
TCK-0963-07,CUST-0963,Feature Request,High,Resolved,False,22.6,5.0,2026-05-30 00:00:00
TCK-0963-08,CUST-0963,Technical Bug,High,Escalation Pending,False,-1.0,3.0,2026-02-27 00:00:00
TCK-0963-09,CUST-0963,Performance Issue,Urgent,Closed,True,48.3,2.0,2025-12-01 00:00:00
TCK-0963-10,CUST-0963,Performance Issue,Low,Resolved,False,2.5,5.0,2026-03-08 00:00:00
TCK-0964-01,CUST-0964,Account Access,Medium,Closed,False,11.3,5.0,2026-05-31 00:00:00
TCK-0964-02,CUST-0964,Billing,Medium,Resolved,True,2.0,3.0,2026-02-11 00:00:00
TCK-0964-03,CUST-0964,Feature Request,Low,In Progress,False,-1.0,1.0,2025-11-01 00:00:00
TCK-0964-04,CUST-0964,Account Access,Urgent,Resolved,False,47.5,4.0,2025-11-24 00:00:00
TCK-0964-05,CUST-0964,Technical Bug,High,Escalation Pending,True,-1.0,3.0,2025-03-03 00:00:00
TCK-0964-06,CUST-0964,Performance Issue,Low,Closed,False,3.6,4.0,2026-01-06 00:00:00
TCK-0964-07,CUST-0964,Performance Issue,High,Escalation Pending,True,-1.0,3.0,2025-11-06 00:00:00
TCK-0964-08,CUST-0964,Account Access,Low,Closed,False,23.9,3.0,2025-07-13 00:00:00
TCK-0965-01,CUST-0965,Billing,Low,In Progress,True,-1.0,2.0,2026-03-18 00:00:00
TCK-0965-02,CUST-0965,Performance Issue,Medium,Escalation Pending,False,-1.0,1.0,2026-02-12 00:00:00
TCK-0965-03,CUST-0965,Billing,High,Escalation Pending,False,-1.0,1.0,2026-04-22 00:00:00
TCK-0965-04,CUST-0965,Account Access,Low,Closed,False,10.5,4.0,2025-09-10 00:00:00
TCK-0966-01,CUST-0966,Technical Bug,Low,Escalation Pending,False,-1.0,3.0,2026-03-17 00:00:00
TCK-0966-02,CUST-0966,Billing,High,Resolved,False,35.7,4.0,2026-02-02 00:00:00
TCK-0966-03,CUST-0966,Performance Issue,Urgent,In Progress,False,-1.0,1.0,2026-06-15 00:00:00
TCK-0966-04,CUST-0966,Technical Bug,Urgent,Closed,False,29.2,3.0,2026-03-14 00:00:00
TCK-0966-05,CUST-0966,Account Access,High,Resolved,True,62.6,3.0,2026-03-28 00:00:00
TCK-0966-06,CUST-0966,Technical Bug,High,Closed,False,38.9,5.0,2025-09-05 00:00:00
TCK-0966-07,CUST-0966,Performance Issue,Low,In Progress,False,-1.0,1.0,2025-11-30 00:00:00
TCK-0966-08,CUST-0966,Performance Issue,High,In Progress,True,-1.0,2.0,2026-03-27 00:00:00
TCK-0966-09,CUST-0966,Feature Request,Low,In Progress,False,-1.0,3.0,2025-10-14 00:00:00
TCK-0967-01,CUST-0967,Account Access,Urgent,Escalation Pending,True,-1.0,1.0,2025-12-19 00:00:00
TCK-0967-02,CUST-0967,Feature Request,Low,Escalation Pending,False,-1.0,2.0,2025-12-26 00:00:00
TCK-0967-03,CUST-0967,Billing,Medium,Resolved,True,19.6,1.0,2025-05-05 00:00:00
TCK-0967-04,CUST-0967,Feature Request,Urgent,In Progress,True,-1.0,3.0,2026-01-16 00:00:00
TCK-0967-05,CUST-0967,Feature Request,Low,In Progress,False,-1.0,1.0,2025-12-29 00:00:00
TCK-0968-01,CUST-0968,Technical Bug,Urgent,Escalation Pending,False,-1.0,3.0,2025-08-04 00:00:00
TCK-0968-02,CUST-0968,Technical Bug,Urgent,Closed,False,51.6,5.0,2025-10-23 00:00:00
TCK-0968-03,CUST-0968,Feature Request,Medium,Escalation Pending,False,-1.0,2.0,2025-07-21 00:00:00
TCK-0968-04,CUST-0968,Billing,Low,In Progress,False,-1.0,1.0,2025-09-26 00:00:00
TCK-0968-05,CUST-0968,Technical Bug,Urgent,Resolved,True,33.1,2.0,2025-07-19 00:00:00
TCK-0968-06,CUST-0968,Billing,High,In Progress,False,-1.0,2.0,2025-10-04 00:00:00
TCK-0968-07,CUST-0968,Billing,Urgent,In Progress,False,-1.0,3.0,2026-01-31 00:00:00
TCK-0969-01,CUST-0969,Feature Request,Urgent,Resolved,False,61.1,5.0,2026-05-29 00:00:00
TCK-0969-02,CUST-0969,Technical Bug,Urgent,Resolved,False,47.3,3.0,2026-01-13 00:00:00
TCK-0969-03,CUST-0969,Billing,Medium,Resolved,True,19.4,1.0,2025-11-14 00:00:00
TCK-0969-04,CUST-0969,Performance Issue,Urgent,Resolved,False,35.4,3.0,2026-01-01 00:00:00
TCK-0970-01,CUST-0970,Feature Request,Urgent,Resolved,False,52.4,3.0,2025-12-14 00:00:00
TCK-0970-02,CUST-0970,Technical Bug,High,Resolved,False,2.1,4.0,2026-02-14 00:00:00
TCK-0970-03,CUST-0970,Account Access,High,In Progress,False,-1.0,2.0,2026-02-03 00:00:00
TCK-0970-04,CUST-0970,Feature Request,Urgent,Escalation Pending,False,-1.0,1.0,2025-10-08 00:00:00
TCK-0970-05,CUST-0970,Performance Issue,Urgent,In Progress,False,-1.0,1.0,2025-08-28 00:00:00
TCK-0970-06,CUST-0970,Account Access,Low,In Progress,False,-1.0,3.0,2025-08-08 00:00:00
TCK-0970-07,CUST-0970,Technical Bug,Medium,In Progress,False,-1.0,2.0,2025-11-01 00:00:00
TCK-0970-08,CUST-0970,Billing,High,Resolved,False,62.5,3.0,2026-02-06 00:00:00
TCK-0971-01,CUST-0971,Technical Bug,High,Resolved,True,68.6,3.0,2025-03-20 00:00:00
TCK-0971-02,CUST-0971,Feature Request,Medium,Resolved,False,22.6,5.0,2025-05-02 00:00:00
TCK-0971-03,CUST-0971,Account Access,Low,Resolved,False,11.5,3.0,2026-02-18 00:00:00
TCK-0971-04,CUST-0971,Performance Issue,Low,Escalation Pending,False,-1.0,1.0,2025-12-13 00:00:00
TCK-0971-05,CUST-0971,Performance Issue,Low,Resolved,False,12.1,5.0,2026-04-06 00:00:00
TCK-0971-06,CUST-0971,Performance Issue,Urgent,Resolved,False,43.6,5.0,2026-03-06 00:00:00
TCK-0971-07,CUST-0971,Feature Request,Low,Escalation Pending,False,-1.0,3.0,2025-02-26 00:00:00
TCK-0972-01,CUST-0972,Billing,Urgent,In Progress,False,-1.0,3.0,2026-05-18 00:00:00
TCK-0972-02,CUST-0972,Feature Request,Medium,Closed,False,12.0,5.0,2026-06-18 00:00:00
TCK-0972-03,CUST-0972,Feature Request,Urgent,Escalation Pending,False,-1.0,2.0,2026-06-04 00:00:00
TCK-0972-04,CUST-0972,Technical Bug,Medium,Resolved,True,14.5,2.0,2025-10-23 00:00:00
TCK-0972-05,CUST-0972,Account Access,High,In Progress,False,-1.0,3.0,2026-03-20 00:00:00
TCK-0973-01,CUST-0973,Billing,High,Resolved,False,21.4,4.0,2026-06-27 00:00:00
TCK-0973-02,CUST-0973,Performance Issue,Medium,Escalation Pending,False,-1.0,2.0,2026-01-25 00:00:00
TCK-0973-03,CUST-0973,Billing,Medium,Escalation Pending,False,-1.0,2.0,2025-04-17 00:00:00
TCK-0974-01,CUST-0974,Technical Bug,Urgent,Resolved,False,57.7,3.0,2026-06-11 00:00:00
TCK-0974-02,CUST-0974,Performance Issue,Low,Resolved,False,17.6,5.0,2026-05-05 00:00:00
TCK-0974-03,CUST-0974,Billing,Low,Escalation Pending,True,-1.0,3.0,2025-08-05 00:00:00
TCK-0974-04,CUST-0974,Account Access,Urgent,In Progress,False,-1.0,3.0,2025-11-23 00:00:00
TCK-0974-05,CUST-0974,Billing,High,Resolved,False,25.0,4.0,2026-05-23 00:00:00
TCK-0974-06,CUST-0974,Account Access,Medium,Resolved,False,24.0,3.0,2026-05-26 00:00:00
TCK-0974-07,CUST-0974,Technical Bug,Urgent,Resolved,False,3.5,5.0,2026-06-24 00:00:00
TCK-0974-08,CUST-0974,Billing,Urgent,Resolved,False,64.5,5.0,2025-12-16 00:00:00
TCK-0975-01,CUST-0975,Technical Bug,High,Resolved,True,30.6,2.0,2025-09-28 00:00:00
TCK-0975-02,CUST-0975,Performance Issue,Low,In Progress,False,-1.0,3.0,2025-11-20 00:00:00
TCK-0975-03,CUST-0975,Account Access,Low,Escalation Pending,False,-1.0,2.0,2026-07-01 00:00:00
TCK-0975-04,CUST-0975,Account Access,Urgent,Resolved,True,4.3,1.0,2025-12-13 00:00:00
TCK-0975-05,CUST-0975,Billing,High,Escalation Pending,True,-1.0,1.0,2026-04-20 00:00:00
TCK-0975-06,CUST-0975,Account Access,Urgent,Closed,True,50.0,3.0,2026-02-05 00:00:00
TCK-0975-07,CUST-0975,Feature Request,Urgent,Resolved,True,44.7,3.0,2026-02-27 00:00:00
TCK-0975-08,CUST-0975,Performance Issue,Medium,In Progress,False,-1.0,1.0,2026-06-23 00:00:00
TCK-0975-09,CUST-0975,Billing,Low,Escalation Pending,True,-1.0,1.0,2025-12-20 00:00:00
TCK-0976-01,CUST-0976,Performance Issue,High,Closed,False,31.6,4.0,2025-12-30 00:00:00
TCK-0976-02,CUST-0976,Performance Issue,High,In Progress,False,-1.0,1.0,2026-01-21 00:00:00
TCK-0977-01,CUST-0977,Billing,High,In Progress,False,-1.0,2.0,2026-02-23 00:00:00
TCK-0977-02,CUST-0977,Performance Issue,High,In Progress,False,-1.0,1.0,2025-08-07 00:00:00
TCK-0977-03,CUST-0977,Performance Issue,High,Closed,False,13.0,4.0,2026-04-30 00:00:00
TCK-0978-01,CUST-0978,Feature Request,High,In Progress,False,-1.0,1.0,2026-04-19 00:00:00
TCK-0978-02,CUST-0978,Technical Bug,Medium,In Progress,False,-1.0,3.0,2025-07-19 00:00:00
TCK-0978-03,CUST-0978,Billing,Medium,Escalation Pending,False,-1.0,3.0,2025-12-13 00:00:00
TCK-0979-01,CUST-0979,Technical Bug,High,Escalation Pending,True,-1.0,3.0,2026-01-20 00:00:00
TCK-0979-02,CUST-0979,Account Access,High,Resolved,False,71.9,5.0,2026-06-02 00:00:00
TCK-0979-03,CUST-0979,Technical Bug,High,Closed,True,38.4,1.0,2026-03-16 00:00:00
TCK-0979-04,CUST-0979,Account Access,Urgent,Closed,False,62.7,5.0,2025-09-21 00:00:00
TCK-0979-05,CUST-0979,Feature Request,Medium,In Progress,False,-1.0,3.0,2026-05-05 00:00:00
TCK-0980-01,CUST-0980,Technical Bug,Urgent,Closed,True,67.6,3.0,2025-11-15 00:00:00
TCK-0980-02,CUST-0980,Feature Request,Urgent,Resolved,False,6.4,5.0,2026-01-13 00:00:00
TCK-0980-03,CUST-0980,Technical Bug,Urgent,Closed,False,60.5,3.0,2026-02-27 00:00:00
TCK-0980-04,CUST-0980,Feature Request,Urgent,Escalation Pending,False,-1.0,3.0,2026-06-21 00:00:00
TCK-0981-01,CUST-0981,Feature Request,Low,In Progress,False,-1.0,1.0,2026-03-07 00:00:00
TCK-0981-02,CUST-0981,Technical Bug,Low,Closed,False,16.4,4.0,2026-04-15 00:00:00
TCK-0981-03,CUST-0981,Performance Issue,Urgent,In Progress,False,-1.0,2.0,2026-04-23 00:00:00
TCK-0981-04,CUST-0981,Account Access,Medium,Escalation Pending,False,-1.0,2.0,2026-01-06 00:00:00
TCK-0981-05,CUST-0981,Account Access,High,In Progress,True,-1.0,2.0,2025-12-07 00:00:00
TCK-0981-06,CUST-0981,Technical Bug,Medium,Closed,True,19.3,2.0,2026-05-29 00:00:00
TCK-0981-07,CUST-0981,Account Access,High,Closed,False,43.2,5.0,2025-11-29 00:00:00
TCK-0981-08,CUST-0981,Technical Bug,Low,Escalation Pending,False,-1.0,1.0,2026-06-20 00:00:00
TCK-0981-09,CUST-0981,Feature Request,Medium,In Progress,False,-1.0,2.0,2025-11-17 00:00:00
TCK-0981-10,CUST-0981,Billing,Urgent,Closed,False,38.3,4.0,2026-04-04 00:00:00
TCK-0982-01,CUST-0982,Technical Bug,Urgent,Escalation Pending,False,-1.0,1.0,2025-03-08 00:00:00
TCK-0982-02,CUST-0982,Technical Bug,Urgent,Resolved,False,27.2,5.0,2026-03-10 00:00:00
TCK-0982-03,CUST-0982,Technical Bug,High,Escalation Pending,False,-1.0,3.0,2025-11-12 00:00:00
TCK-0982-04,CUST-0982,Billing,Medium,Closed,True,14.0,3.0,2025-01-10 00:00:00
TCK-0982-05,CUST-0982,Performance Issue,Urgent,Resolved,False,8.4,3.0,2026-04-25 00:00:00
TCK-0982-06,CUST-0982,Billing,High,Closed,False,66.0,4.0,2026-02-22 00:00:00
TCK-0983-01,CUST-0983,Performance Issue,High,In Progress,True,-1.0,1.0,2026-02-25 00:00:00
TCK-0983-02,CUST-0983,Technical Bug,Low,Closed,False,11.5,5.0,2026-03-01 00:00:00
TCK-0983-03,CUST-0983,Feature Request,Medium,Closed,False,19.1,3.0,2026-06-22 00:00:00
TCK-0983-04,CUST-0983,Performance Issue,Low,Resolved,False,19.6,4.0,2026-03-10 00:00:00
TCK-0983-05,CUST-0983,Account Access,Medium,Escalation Pending,True,-1.0,3.0,2026-02-25 00:00:00
TCK-0983-06,CUST-0983,Account Access,Urgent,In Progress,False,-1.0,1.0,2025-08-20 00:00:00
TCK-0983-07,CUST-0983,Performance Issue,Low,Resolved,False,3.4,5.0,2025-11-10 00:00:00
TCK-0983-08,CUST-0983,Feature Request,Medium,Closed,False,4.3,4.0,2026-01-04 00:00:00
TCK-0983-09,CUST-0983,Account Access,Urgent,Resolved,True,17.2,1.0,2026-06-07 00:00:00
TCK-0983-10,CUST-0983,Technical Bug,Low,Escalation Pending,False,-1.0,3.0,2025-08-18 00:00:00
TCK-0984-01,CUST-0984,Performance Issue,Low,In Progress,False,-1.0,3.0,2025-09-05 00:00:00
TCK-0984-02,CUST-0984,Billing,Urgent,In Progress,True,-1.0,1.0,2025-12-24 00:00:00
TCK-0984-03,CUST-0984,Account Access,Medium,Closed,False,21.3,3.0,2026-03-22 00:00:00
TCK-0984-04,CUST-0984,Performance Issue,Low,In Progress,True,-1.0,1.0,2025-07-31 00:00:00
TCK-0984-05,CUST-0984,Billing,Low,Resolved,False,12.1,4.0,2025-11-24 00:00:00
TCK-0984-06,CUST-0984,Billing,Medium,Closed,False,5.4,3.0,2025-07-20 00:00:00
TCK-0984-07,CUST-0984,Technical Bug,Urgent,Closed,False,4.1,3.0,2026-04-13 00:00:00
TCK-0984-08,CUST-0984,Account Access,Low,In Progress,True,-1.0,2.0,2026-04-23 00:00:00
TCK-0984-09,CUST-0984,Feature Request,Low,Closed,False,20.0,3.0,2026-02-05 00:00:00
TCK-0984-10,CUST-0984,Feature Request,Medium,Closed,False,2.8,5.0,2025-12-15 00:00:00
TCK-0985-01,CUST-0985,Technical Bug,Medium,In Progress,False,-1.0,1.0,2025-06-12 00:00:00
TCK-0985-02,CUST-0985,Feature Request,Medium,In Progress,False,-1.0,1.0,2025-05-04 00:00:00
TCK-0985-03,CUST-0985,Account Access,High,Resolved,False,36.0,3.0,2025-10-18 00:00:00
TCK-0985-04,CUST-0985,Billing,High,Closed,True,48.0,1.0,2026-02-12 00:00:00
TCK-0985-05,CUST-0985,Feature Request,Urgent,Closed,True,22.5,1.0,2025-12-16 00:00:00
TCK-0985-06,CUST-0985,Account Access,Low,Closed,False,9.4,5.0,2025-11-14 00:00:00
TCK-0985-07,CUST-0985,Account Access,Medium,Resolved,False,6.9,5.0,2025-08-09 00:00:00
TCK-0986-01,CUST-0986,Billing,Low,In Progress,True,-1.0,1.0,2025-12-31 00:00:00
TCK-0986-02,CUST-0986,Technical Bug,Urgent,Resolved,False,8.5,5.0,2026-01-20 00:00:00
TCK-0986-03,CUST-0986,Performance Issue,Medium,In Progress,False,-1.0,2.0,2025-12-16 00:00:00
TCK-0986-04,CUST-0986,Billing,Low,In Progress,True,-1.0,3.0,2025-12-20 00:00:00
TCK-0986-05,CUST-0986,Account Access,High,In Progress,False,-1.0,3.0,2025-09-04 00:00:00
TCK-0986-06,CUST-0986,Billing,Low,Resolved,False,5.1,4.0,2025-06-15 00:00:00
TCK-0986-07,CUST-0986,Billing,Urgent,Resolved,False,44.0,3.0,2026-01-07 00:00:00
TCK-0986-08,CUST-0986,Billing,Low,In Progress,False,-1.0,1.0,2026-02-02 00:00:00
TCK-0986-09,CUST-0986,Account Access,Low,Closed,False,10.6,5.0,2026-02-11 00:00:00
TCK-0986-10,CUST-0986,Account Access,Low,Resolved,False,21.5,4.0,2026-05-18 00:00:00
TCK-0987-01,CUST-0987,Feature Request,Urgent,Closed,False,2.7,3.0,2025-12-19 00:00:00
TCK-0987-02,CUST-0987,Performance Issue,Urgent,Resolved,True,60.0,2.0,2026-01-30 00:00:00
TCK-0987-03,CUST-0987,Technical Bug,High,In Progress,False,-1.0,1.0,2025-12-17 00:00:00
TCK-0987-04,CUST-0987,Account Access,Medium,Escalation Pending,False,-1.0,1.0,2026-06-04 00:00:00
TCK-0987-05,CUST-0987,Feature Request,High,Resolved,True,62.5,2.0,2026-06-03 00:00:00
TCK-0987-06,CUST-0987,Account Access,High,Resolved,True,5.5,3.0,2026-06-22 00:00:00
TCK-0987-07,CUST-0987,Billing,Urgent,In Progress,False,-1.0,2.0,2026-04-07 00:00:00
TCK-0988-01,CUST-0988,Technical Bug,Urgent,Resolved,False,68.8,3.0,2025-12-28 00:00:00
TCK-0988-02,CUST-0988,Performance Issue,Medium,Resolved,False,16.2,3.0,2025-07-27 00:00:00
TCK-0988-03,CUST-0988,Feature Request,High,Closed,False,60.5,5.0,2025-03-17 00:00:00
TCK-0988-04,CUST-0988,Feature Request,High,Resolved,True,56.9,1.0,2025-06-07 00:00:00
TCK-0988-05,CUST-0988,Technical Bug,High,In Progress,True,-1.0,1.0,2026-02-15 00:00:00
TCK-0988-06,CUST-0988,Billing,Medium,Resolved,True,11.9,1.0,2025-06-17 00:00:00
TCK-0989-01,CUST-0989,Billing,Low,Escalation Pending,False,-1.0,3.0,2025-07-28 00:00:00
TCK-0989-02,CUST-0989,Account Access,High,Resolved,False,33.2,4.0,2025-10-26 00:00:00
TCK-0989-03,CUST-0989,Performance Issue,Urgent,Resolved,False,3.8,4.0,2026-05-05 00:00:00
TCK-0989-04,CUST-0989,Feature Request,High,Resolved,False,11.6,3.0,2026-01-21 00:00:00
TCK-0989-05,CUST-0989,Account Access,Urgent,Escalation Pending,True,-1.0,2.0,2026-01-18 00:00:00
TCK-0989-06,CUST-0989,Account Access,Urgent,In Progress,False,-1.0,2.0,2025-10-04 00:00:00
TCK-0990-01,CUST-0990,Technical Bug,Medium,Resolved,False,21.4,4.0,2025-10-31 00:00:00
TCK-0990-02,CUST-0990,Feature Request,Low,In Progress,True,-1.0,3.0,2025-07-31 00:00:00
TCK-0990-03,CUST-0990,Billing,High,Closed,True,24.6,2.0,2025-04-23 00:00:00
TCK-0990-04,CUST-0990,Billing,Medium,Escalation Pending,True,-1.0,2.0,2026-04-12 00:00:00
TCK-0990-05,CUST-0990,Performance Issue,Low,Resolved,False,20.9,3.0,2026-03-15 00:00:00
TCK-0990-06,CUST-0990,Account Access,Medium,Closed,False,19.8,3.0,2026-04-21 00:00:00
TCK-0991-01,CUST-0991,Billing,Medium,In Progress,False,-1.0,1.0,2025-11-28 00:00:00
TCK-0991-02,CUST-0991,Feature Request,Urgent,Escalation Pending,False,-1.0,3.0,2025-12-17 00:00:00
TCK-0991-03,CUST-0991,Billing,Low,In Progress,False,-1.0,1.0,2026-06-13 00:00:00
TCK-0991-04,CUST-0991,Billing,Urgent,In Progress,True,-1.0,2.0,2026-03-05 00:00:00
TCK-0991-05,CUST-0991,Account Access,High,In Progress,False,-1.0,1.0,2026-05-17 00:00:00
TCK-0992-01,CUST-0992,Performance Issue,High,In Progress,True,-1.0,3.0,2026-03-09 00:00:00
TCK-0992-02,CUST-0992,Feature Request,Urgent,In Progress,False,-1.0,3.0,2026-04-24 00:00:00
TCK-0992-03,CUST-0992,Performance Issue,Medium,Closed,False,18.2,4.0,2025-11-23 00:00:00
TCK-0992-04,CUST-0992,Feature Request,Medium,In Progress,False,-1.0,1.0,2026-05-08 00:00:00
TCK-0992-05,CUST-0992,Billing,Medium,Resolved,False,14.6,3.0,2026-02-14 00:00:00
TCK-0993-01,CUST-0993,Technical Bug,Low,Escalation Pending,False,-1.0,3.0,2026-03-30 00:00:00
TCK-0993-02,CUST-0993,Technical Bug,Medium,Escalation Pending,False,-1.0,2.0,2026-06-20 00:00:00
TCK-0993-03,CUST-0993,Performance Issue,Low,Escalation Pending,False,-1.0,1.0,2025-10-29 00:00:00
TCK-0993-04,CUST-0993,Billing,Low,Resolved,False,5.5,5.0,2025-08-04 00:00:00
TCK-0993-05,CUST-0993,Technical Bug,Urgent,Escalation Pending,False,-1.0,2.0,2026-05-09 00:00:00
TCK-0993-06,CUST-0993,Technical Bug,Urgent,Resolved,True,6.7,1.0,2026-01-25 00:00:00
TCK-0994-01,CUST-0994,Feature Request,Medium,Resolved,False,4.4,5.0,2026-04-29 00:00:00
TCK-0994-02,CUST-0994,Feature Request,Medium,Closed,True,7.6,3.0,2026-05-09 00:00:00
TCK-0994-03,CUST-0994,Technical Bug,High,In Progress,True,-1.0,2.0,2026-03-02 00:00:00
TCK-0995-01,CUST-0995,Performance Issue,High,Escalation Pending,False,-1.0,2.0,2025-06-19 00:00:00
TCK-0995-02,CUST-0995,Feature Request,Low,In Progress,True,-1.0,1.0,2025-11-28 00:00:00
TCK-0995-03,CUST-0995,Technical Bug,Low,In Progress,False,-1.0,2.0,2025-11-07 00:00:00
TCK-0995-04,CUST-0995,Billing,Urgent,Escalation Pending,False,-1.0,1.0,2025-11-13 00:00:00
TCK-0995-05,CUST-0995,Performance Issue,Low,In Progress,False,-1.0,1.0,2025-11-08 00:00:00
TCK-0995-06,CUST-0995,Performance Issue,Low,Closed,False,8.2,5.0,2026-04-09 00:00:00
TCK-0995-07,CUST-0995,Technical Bug,Medium,Escalation Pending,False,-1.0,1.0,2025-07-05 00:00:00
TCK-0995-08,CUST-0995,Feature Request,Low,Escalation Pending,False,-1.0,1.0,2026-03-19 00:00:00
TCK-0996-01,CUST-0996,Technical Bug,Urgent,Closed,False,43.3,4.0,2026-06-16 00:00:00
TCK-0996-02,CUST-0996,Billing,High,Closed,True,2.2,3.0,2026-06-18 00:00:00
TCK-0996-03,CUST-0996,Technical Bug,High,Resolved,False,30.1,5.0,2026-04-22 00:00:00
TCK-0997-01,CUST-0997,Billing,Medium,Escalation Pending,False,-1.0,3.0,2025-10-04 00:00:00
TCK-0997-02,CUST-0997,Technical Bug,Urgent,Resolved,False,41.1,5.0,2026-01-21 00:00:00
TCK-0997-03,CUST-0997,Technical Bug,Medium,Closed,False,2.8,4.0,2025-09-12 00:00:00
TCK-0997-04,CUST-0997,Technical Bug,Urgent,Escalation Pending,False,-1.0,1.0,2026-06-27 00:00:00
TCK-0997-05,CUST-0997,Technical Bug,Medium,Resolved,False,22.1,5.0,2026-04-21 00:00:00
TCK-0997-06,CUST-0997,Feature Request,Urgent,Escalation Pending,True,-1.0,2.0,2026-05-31 00:00:00
TCK-0997-07,CUST-0997,Billing,Urgent,In Progress,True,-1.0,3.0,2026-04-15 00:00:00
TCK-0997-08,CUST-0997,Billing,Low,Resolved,True,7.5,1.0,2026-02-27 00:00:00
TCK-0997-09,CUST-0997,Feature Request,Low,Closed,False,11.8,4.0,2026-06-02 00:00:00
TCK-0997-10,CUST-0997,Performance Issue,High,Closed,False,67.9,3.0,2026-05-09 00:00:00
TCK-0998-01,CUST-0998,Feature Request,High,In Progress,True,-1.0,1.0,2026-04-19 00:00:00
TCK-0998-02,CUST-0998,Feature Request,Medium,Closed,False,2.9,4.0,2026-01-09 00:00:00
TCK-0998-03,CUST-0998,Account Access,Urgent,Resolved,True,25.8,3.0,2026-04-21 00:00:00
TCK-0998-04,CUST-0998,Technical Bug,Medium,Escalation Pending,False,-1.0,2.0,2025-11-29 00:00:00
TCK-0998-05,CUST-0998,Billing,Low,In Progress,False,-1.0,2.0,2025-10-29 00:00:00
TCK-0998-06,CUST-0998,Billing,Low,Resolved,True,20.7,3.0,2026-05-20 00:00:00
TCK-0999-01,CUST-0999,Feature Request,Medium,Escalation Pending,False,-1.0,2.0,2026-06-30 00:00:00
TCK-0999-02,CUST-0999,Account Access,Urgent,Escalation Pending,True,-1.0,3.0,2026-05-21 00:00:00
TCK-0999-03,CUST-0999,Billing,Urgent,Closed,False,57.8,5.0,2026-05-12 00:00:00
TCK-0999-04,CUST-0999,Billing,Urgent,Closed,False,44.8,5.0,2025-11-18 00:00:00
TCK-0999-05,CUST-0999,Technical Bug,Urgent,Resolved,False,31.9,5.0,2026-03-14 00:00:00
TCK-1000-01,CUST-1000,Feature Request,Medium,Escalation Pending,False,-1.0,3.0,2026-06-25 00:00:00
TCK-1000-02,CUST-1000,Account Access,Urgent,In Progress,False,-1.0,2.0,2025-08-15 00:00:00
TCK-1000-03,CUST-1000,Account Access,Urgent,Escalation Pending,False,-1.0,3.0,2025-10-26 00:00:00
TCK-1000-04,CUST-1000,Performance Issue,Medium,In Progress,False,-1.0,2.0,2026-01-07 00:00:00
TCK-1000-05,CUST-1000,Technical Bug,Urgent,Closed,True,32.8,2.0,2026-01-26 00:00:00
TCK-1000-06,CUST-1000,Performance Issue,Medium,Escalation Pending,False,-1.0,1.0,2025-09-15 00:00:00
TCK-1000-07,CUST-1000,Technical Bug,High,Resolved,True,14.8,2.0,2026-01-03 00:00:00
TCK-1000-08,CUST-1000,Billing,Medium,Escalation Pending,True,-1.0,3.0,2025-07-21 00:00:00
