order_id,customer_id,amount,order_date
1,759,473.91,2025-01-01 00:00:00
2,243,206.1,2025-01-01 01:00:00
3,543,393.82,2025-01-01 02:00:00
4,40,140.3,2025-01-01 03:00:00
5,229,495.26,2025-01-01 04:00:00
6,548,22.63,2025-01-01 05:00:00
7,223,305.73,2025-01-01 06:00:00
8,6,333.16,2025-01-01 07:00:00
9,322,347.14,2025-01-01 08:00:00
10,468,68.99,2025-01-01 09:00:00
11,732,469.88,2025-01-01 10:00:00
12,75,98.78,2025-01-01 11:00:00
13,4,315.15,2025-01-01 12:00:00
14,646,119.11,2025-01-01 13:00:00
15,118,160.54,2025-01-01 14:00:00
16,606,277.76,2025-01-01 15:00:00
17,504,214.42,2025-01-01 16:00:00
18,574,88.51,2025-01-01 17:00:00
19,441,93.76,2025-01-01 18:00:00
20,194,214.89,2025-01-01 19:00:00
21,715,381.07,2025-01-01 20:00:00
22,392,450.0,2025-01-01 21:00:00
23,26,51.22,2025-01-01 22:00:00
24,435,202.62,2025-01-01 23:00:00
25,173,59.12,2025-01-02 00:00:00
26,300,18.13,2025-01-02 01:00:00
27,645,334.24,2025-01-02 02:00:00
28,326,305.2,2025-01-02 03:00:00
29,410,89.88,2025-01-02 04:00:00
30,118,124.57,2025-01-02 05:00:00
31,787,21.62,2025-01-02 06:00:00
32,724,419.12,2025-01-02 07:00:00
33,225,487.6,2025-01-02 08:00:00
34,532,76.38,2025-01-02 09:00:00
35,113,123.42,2025-01-02 10:00:00
36,140,435.52,2025-01-02 11:00:00
37,559,463.97,2025-01-02 12:00:00
38,1,215.62,2025-01-02 13:00:00
39,90,34.81,2025-01-02 14:00:00
40,654,29.3,2025-01-02 15:00:00
41,320,291.24,2025-01-02 16:00:00
42,550,202.52,2025-01-02 17:00:00
43,139,24.04,2025-01-02 18:00:00
44,511,295.79,2025-01-02 19:00:00
45,259,15.54,2025-01-02 20:00:00
46,673,395.81,2025-01-02 21:00:00
47,690,160.15,2025-01-02 22:00:00
48,10,29.73,2025-01-02 23:00:00
49,261,298.29,2025-01-03 00:00:00
50,650,204.87,2025-01-03 01:00:00
51,172,487.16,2025-01-03 02:00:00
52,13,276.66,2025-01-03 03:00:00
53,168,144.87,2025-01-03 04:00:00
54,642,357.63,2025-01-03 05:00:00
55,596,143.03,2025-01-03 06:00:00
56,321,453.08,2025-01-03 07:00:00
57,319,193.61,2025-01-03 08:00:00
58,613,279.44,2025-01-03 09:00:00
59,329,34.78,2025-01-03 10:00:00
60,785,218.8,2025-01-03 11:00:00
61,777,417.86,2025-01-03 12:00:00
62,550,404.77,2025-01-03 13:00:00
63,419,119.92,2025-01-03 14:00:00
64,606,120.78,2025-01-03 15:00:00
65,95,410.48,2025-01-03 16:00:00
66,581,465.9,2025-01-03 17:00:00
67,318,56.73,2025-01-03 18:00:00
68,236,230.53,2025-01-03 19:00:00
69,334,175.35,2025-01-03 20:00:00
70,376,436.64,2025-01-03 21:00:00
71,459,50.93,2025-01-03 22:00:00
72,137,113.45,2025-01-03 23:00:00
73,588,378.71,2025-01-04 00:00:00
74,547,35.13,2025-01-04 01:00:00
75,513,251.34,2025-01-04 02:00:00
76,296,226.63,2025-01-04 03:00:00
77,320,173.86,2025-01-04 04:00:00
78,572,203.34,2025-01-04 05:00:00
79,349,269.67,2025-01-04 06:00:00
80,779,89.07,2025-01-04 07:00:00
81,229,290.28,2025-01-04 08:00:00
82,270,404.66,2025-01-04 09:00:00
83,798,382.48,2025-01-04 10:00:00
84,291,85.41,2025-01-04 11:00:00
85,725,83.13,2025-01-04 12:00:00
86,165,141.41,2025-01-04 13:00:00
87,5,186.93,2025-01-04 14:00:00
88,379,210.14,2025-01-04 15:00:00
89,78,343.05,2025-01-04 16:00:00
90,410,37.77,2025-01-04 17:00:00
91,574,26.99,2025-01-04 18:00:00
92,132,202.04,2025-01-04 19:00:00
93,601,351.61,2025-01-04 20:00:00
94,749,104.78,2025-01-04 21:00:00
95,42,324.34,2025-01-04 22:00:00
96,89,137.32,2025-01-04 23:00:00
97,402,444.18,2025-01-05 00:00:00
98,296,448.89,2025-01-05 01:00:00
99,295,155.67,2025-01-05 02:00:00
100,616,122.7,2025-01-05 03:00:00
101,526,211.54,2025-01-05 04:00:00
102,800,127.86,2025-01-05 05:00:00
103,691,339.47,2025-01-05 06:00:00
104,637,414.77,2025-01-05 07:00:00
105,422,339.82,2025-01-05 08:00:00
106,23,413.93,2025-01-05 09:00:00
107,575,204.53,2025-01-05 10:00:00
108,143,86.6,2025-01-05 11:00:00
109,665,371.6,2025-01-05 12:00:00
110,145,186.63,2025-01-05 13:00:00
111,225,338.92,2025-01-05 14:00:00
112,503,142.62,2025-01-05 15:00:00
113,616,49.8,2025-01-05 16:00:00
114,104,496.37,2025-01-05 17:00:00
115,39,86.54,2025-01-05 18:00:00
116,198,494.33,2025-01-05 19:00:00
117,646,488.87,2025-01-05 20:00:00
118,579,398.97,2025-01-05 21:00:00
119,391,333.12,2025-01-05 22:00:00
120,179,293.13,2025-01-05 23:00:00
121,554,434.39,2025-01-06 00:00:00
122,448,151.83,2025-01-06 01:00:00
123,500,239.16,2025-01-06 02:00:00
124,15,313.5,2025-01-06 03:00:00
125,623,211.48,2025-01-06 04:00:00
126,669,219.47,2025-01-06 05:00:00
127,289,171.84,2025-01-06 06:00:00
128,478,286.47,2025-01-06 07:00:00
129,231,426.78,2025-01-06 08:00:00
130,420,108.75,2025-01-06 09:00:00
131,157,467.87,2025-01-06 10:00:00
132,550,347.65,2025-01-06 11:00:00
133,441,413.4,2025-01-06 12:00:00
134,97,282.53,2025-01-06 13:00:00
135,411,391.96,2025-01-06 14:00:00
136,289,17.94,2025-01-06 15:00:00
137,254,411.01,2025-01-06 16:00:00
138,196,29.67,2025-01-06 17:00:00
139,598,446.06,2025-01-06 18:00:00
140,522,496.06,2025-01-06 19:00:00
141,517,154.09,2025-01-06 20:00:00
142,635,113.06,2025-01-06 21:00:00
143,118,385.03,2025-01-06 22:00:00
144,159,133.98,2025-01-06 23:00:00
145,228,434.13,2025-01-07 00:00:00
146,216,60.39,2025-01-07 01:00:00
147,696,71.72,2025-01-07 02:00:00
148,15,489.78,2025-01-07 03:00:00
149,157,340.18,2025-01-07 04:00:00
150,648,424.97,2025-01-07 05:00:00
151,261,168.92,2025-01-07 06:00:00
152,157,341.48,2025-01-07 07:00:00
153,47,301.18,2025-01-07 08:00:00
154,324,305.54,2025-01-07 09:00:00
155,685,344.44,2025-01-07 10:00:00
156,130,291.93,2025-01-07 11:00:00
157,411,220.24,2025-01-07 12:00:00
158,95,145.2,2025-01-07 13:00:00
159,627,386.6,2025-01-07 14:00:00
160,755,120.87,2025-01-07 15:00:00
161,292,349.25,2025-01-07 16:00:00
162,794,124.33,2025-01-07 17:00:00
163,283,316.41,2025-01-07 18:00:00
164,69,376.07,2025-01-07 19:00:00
165,660,117.17,2025-01-07 20:00:00
166,11,39.37,2025-01-07 21:00:00
167,254,74.18,2025-01-07 22:00:00
168,550,306.94,2025-01-07 23:00:00
169,134,426.23,2025-01-08 00:00:00
170,712,32.05,2025-01-08 01:00:00
171,23,369.73,2025-01-08 02:00:00
172,346,177.25,2025-01-08 03:00:00
173,302,244.48,2025-01-08 04:00:00
174,363,465.14,2025-01-08 05:00:00
175,396,172.67,2025-01-08 06:00:00
176,218,238.02,2025-01-08 07:00:00
177,141,16.7,2025-01-08 08:00:00
178,616,49.98,2025-01-08 09:00:00
179,210,136.71,2025-01-08 10:00:00
180,623,23.65,2025-01-08 11:00:00
181,616,319.37,2025-01-08 12:00:00
182,683,218.94,2025-01-08 13:00:00
183,460,278.59,2025-01-08 14:00:00
184,356,95.58,2025-01-08 15:00:00
185,324,155.01,2025-01-08 16:00:00
186,133,335.27,2025-01-08 17:00:00
187,127,483.0,2025-01-08 18:00:00
188,106,34.7,2025-01-08 19:00:00
189,604,446.29,2025-01-08 20:00:00
190,799,292.67,2025-01-08 21:00:00
191,378,286.32,2025-01-08 22:00:00
192,51,255.14,2025-01-08 23:00:00
193,29,44.0,2025-01-09 00:00:00
194,462,54.04,2025-01-09 01:00:00
195,296,304.45,2025-01-09 02:00:00
196,297,177.07,2025-01-09 03:00:00
197,726,459.46,2025-01-09 04:00:00
198,779,209.23,2025-01-09 05:00:00
199,407,80.21,2025-01-09 06:00:00
200,769,360.21,2025-01-09 07:00:00
201,613,153.74,2025-01-09 08:00:00
202,405,267.48,2025-01-09 09:00:00
203,346,351.94,2025-01-09 10:00:00
204,622,451.13,2025-01-09 11:00:00
205,420,398.17,2025-01-09 12:00:00
206,182,341.42,2025-01-09 13:00:00
207,1,343.02,2025-01-09 14:00:00
208,567,473.5,2025-01-09 15:00:00
209,371,154.95,2025-01-09 16:00:00
210,661,10.54,2025-01-09 17:00:00
211,431,143.26,2025-01-09 18:00:00
212,309,116.77,2025-01-09 19:00:00
213,137,334.3,2025-01-09 20:00:00
214,202,320.52,2025-01-09 21:00:00
215,436,300.8,2025-01-09 22:00:00
216,313,17.96,2025-01-09 23:00:00
217,117,367.1,2025-01-10 00:00:00
218,666,168.53,2025-01-10 01:00:00
219,575,335.88,2025-01-10 02:00:00
220,244,282.72,2025-01-10 03:00:00
221,537,177.94,2025-01-10 04:00:00
222,602,75.94,2025-01-10 05:00:00
223,75,56.27,2025-01-10 06:00:00
224,386,417.44,2025-01-10 07:00:00
225,210,460.01,2025-01-10 08:00:00
226,475,328.4,2025-01-10 09:00:00
227,418,60.68,2025-01-10 10:00:00
228,347,206.99,2025-01-10 11:00:00
229,529,367.18,2025-01-10 12:00:00
230,640,392.11,2025-01-10 13:00:00
231,763,67.93,2025-01-10 14:00:00
232,179,10.02,2025-01-10 15:00:00
233,182,358.95,2025-01-10 16:00:00
234,664,184.73,2025-01-10 17:00:00
235,25,134.7,2025-01-10 18:00:00
236,180,16.32,2025-01-10 19:00:00
237,710,274.75,2025-01-10 20:00:00
238,501,427.06,2025-01-10 21:00:00
239,161,479.24,2025-01-10 22:00:00
240,177,287.22,2025-01-10 23:00:00
241,285,262.09,2025-01-11 00:00:00
242,63,51.68,2025-01-11 01:00:00
243,662,278.95,2025-01-11 02:00:00
244,666,196.19,2025-01-11 03:00:00
245,156,307.5,2025-01-11 04:00:00
246,469,200.48,2025-01-11 05:00:00
247,49,127.75,2025-01-11 06:00:00
248,84,56.53,2025-01-11 07:00:00
249,361,164.31,2025-01-11 08:00:00
250,689,57.36,2025-01-11 09:00:00
251,148,96.68,2025-01-11 10:00:00
252,630,493.79,2025-01-11 11:00:00
253,342,227.61,2025-01-11 12:00:00
254,476,270.62,2025-01-11 13:00:00
255,63,438.07,2025-01-11 14:00:00
256,701,497.83,2025-01-11 15:00:00
257,360,295.53,2025-01-11 16:00:00
258,561,408.11,2025-01-11 17:00:00
259,327,170.2,2025-01-11 18:00:00
260,769,159.81,2025-01-11 19:00:00
261,736,207.32,2025-01-11 20:00:00
262,141,339.53,2025-01-11 21:00:00
263,215,344.27,2025-01-11 22:00:00
264,435,164.47,2025-01-11 23:00:00
265,723,75.27,2025-01-12 00:00:00
266,318,319.87,2025-01-12 01:00:00
267,32,72.88,2025-01-12 02:00:00
268,670,293.46,2025-01-12 03:00:00
269,285,349.78,2025-01-12 04:00:00
270,305,353.3,2025-01-12 05:00:00
271,429,379.2,2025-01-12 06:00:00
272,477,437.7,2025-01-12 07:00:00
273,286,254.98,2025-01-12 08:00:00
274,144,367.82,2025-01-12 09:00:00
275,424,313.39,2025-01-12 10:00:00
276,19,101.45,2025-01-12 11:00:00
277,18,22.59,2025-01-12 12:00:00
278,769,149.43,2025-01-12 13:00:00
279,590,227.09,2025-01-12 14:00:00
280,371,312.38,2025-01-12 15:00:00
281,175,426.48,2025-01-12 16:00:00
282,194,106.16,2025-01-12 17:00:00
283,502,71.52,2025-01-12 18:00:00
284,113,482.11,2025-01-12 19:00:00
285,114,62.94,2025-01-12 20:00:00
286,222,244.46,2025-01-12 21:00:00
287,678,296.93,2025-01-12 22:00:00
288,644,275.27,2025-01-12 23:00:00
289,264,52.16,2025-01-13 00:00:00
290,55,37.94,2025-01-13 01:00:00
291,643,61.69,2025-01-13 02:00:00
292,800,296.94,2025-01-13 03:00:00
293,778,276.73,2025-01-13 04:00:00
294,458,124.53,2025-01-13 05:00:00
295,162,322.51,2025-01-13 06:00:00
296,380,411.83,2025-01-13 07:00:00
297,87,30.37,2025-01-13 08:00:00
298,55,254.08,2025-01-13 09:00:00
299,476,347.76,2025-01-13 10:00:00
300,800,133.63,2025-01-13 11:00:00
301,178,160.81,2025-01-13 12:00:00
302,391,310.68,2025-01-13 13:00:00
303,349,449.99,2025-01-13 14:00:00
304,8,406.86,2025-01-13 15:00:00
305,313,295.73,2025-01-13 16:00:00
306,759,367.81,2025-01-13 17:00:00
307,443,188.76,2025-01-13 18:00:00
308,767,324.07,2025-01-13 19:00:00
309,328,238.43,2025-01-13 20:00:00
310,54,103.07,2025-01-13 21:00:00
311,761,353.85,2025-01-13 22:00:00
312,239,282.67,2025-01-13 23:00:00
313,229,185.72,2025-01-14 00:00:00
314,579,456.56,2025-01-14 01:00:00
315,51,20.26,2025-01-14 02:00:00
316,609,164.73,2025-01-14 03:00:00
317,604,37.87,2025-01-14 04:00:00
318,264,385.6,2025-01-14 05:00:00
319,418,354.03,2025-01-14 06:00:00
320,96,172.36,2025-01-14 07:00:00
321,88,341.07,2025-01-14 08:00:00
322,78,204.01,2025-01-14 09:00:00
323,288,380.56,2025-01-14 10:00:00
324,120,232.55,2025-01-14 11:00:00
325,491,212.02,2025-01-14 12:00:00
326,452,468.02,2025-01-14 13:00:00
327,500,132.93,2025-01-14 14:00:00
328,165,69.02,2025-01-14 15:00:00
329,182,296.43,2025-01-14 16:00:00
330,469,484.97,2025-01-14 17:00:00
331,735,195.14,2025-01-14 18:00:00
332,7,40.4,2025-01-14 19:00:00
333,330,176.26,2025-01-14 20:00:00
334,775,257.91,2025-01-14 21:00:00
335,673,89.34,2025-01-14 22:00:00
336,151,332.47,2025-01-14 23:00:00
337,85,498.9,2025-01-15 00:00:00
338,147,231.35,2025-01-15 01:00:00
339,624,183.82,2025-01-15 02:00:00
340,381,206.35,2025-01-15 03:00:00
341,548,66.42,2025-01-15 04:00:00
342,285,442.8,2025-01-15 05:00:00
343,700,213.26,2025-01-15 06:00:00
344,82,199.76,2025-01-15 07:00:00
345,514,333.25,2025-01-15 08:00:00
346,709,226.6,2025-01-15 09:00:00
347,523,327.63,2025-01-15 10:00:00
348,746,40.11,2025-01-15 11:00:00
349,386,408.72,2025-01-15 12:00:00
350,707,470.85,2025-01-15 13:00:00
351,471,327.9,2025-01-15 14:00:00
352,119,477.74,2025-01-15 15:00:00
353,396,84.2,2025-01-15 16:00:00
354,532,243.93,2025-01-15 17:00:00
355,261,304.89,2025-01-15 18:00:00
356,256,295.05,2025-01-15 19:00:00
357,734,206.72,2025-01-15 20:00:00
358,226,175.66,2025-01-15 21:00:00
359,53,72.14,2025-01-15 22:00:00
360,500,201.95,2025-01-15 23:00:00
361,506,89.7,2025-01-16 00:00:00
362,364,369.84,2025-01-16 01:00:00
363,280,112.33,2025-01-16 02:00:00
364,593,38.7,2025-01-16 03:00:00
365,714,280.66,2025-01-16 04:00:00
366,158,301.66,2025-01-16 05:00:00
367,632,437.24,2025-01-16 06:00:00
368,59,292.72,2025-01-16 07:00:00
369,727,179.29,2025-01-16 08:00:00
370,128,403.48,2025-01-16 09:00:00
371,736,274.74,2025-01-16 10:00:00
372,721,48.85,2025-01-16 11:00:00
373,115,287.27,2025-01-16 12:00:00
374,209,454.93,2025-01-16 13:00:00
375,526,204.19,2025-01-16 14:00:00
376,521,155.2,2025-01-16 15:00:00
377,552,80.3,2025-01-16 16:00:00
378,237,84.21,2025-01-16 17:00:00
379,281,222.06,2025-01-16 18:00:00
380,359,301.88,2025-01-16 19:00:00
381,201,49.5,2025-01-16 20:00:00
382,758,470.39,2025-01-16 21:00:00
383,278,380.02,2025-01-16 22:00:00
384,235,297.45,2025-01-16 23:00:00
385,494,415.93,2025-01-17 00:00:00
386,4,49.29,2025-01-17 01:00:00
387,666,243.65,2025-01-17 02:00:00
388,442,318.75,2025-01-17 03:00:00
389,29,416.04,2025-01-17 04:00:00
390,109,393.9,2025-01-17 05:00:00
391,610,145.76,2025-01-17 06:00:00
392,727,471.03,2025-01-17 07:00:00
393,75,70.93,2025-01-17 08:00:00
394,146,438.82,2025-01-17 09:00:00
395,128,485.76,2025-01-17 10:00:00
396,42,96.81,2025-01-17 11:00:00
397,356,363.81,2025-01-17 12:00:00
398,41,29.74,2025-01-17 13:00:00
399,34,208.66,2025-01-17 14:00:00
400,17,262.98,2025-01-17 15:00:00
401,677,294.52,2025-01-17 16:00:00
402,153,468.61,2025-01-17 17:00:00
403,378,339.4,2025-01-17 18:00:00
404,588,245.83,2025-01-17 19:00:00
405,599,406.74,2025-01-17 20:00:00
406,629,475.76,2025-01-17 21:00:00
407,342,20.81,2025-01-17 22:00:00
408,27,491.44,2025-01-17 23:00:00
409,287,52.2,2025-01-18 00:00:00
410,646,409.05,2025-01-18 01:00:00
411,731,147.36,2025-01-18 02:00:00
412,168,74.77,2025-01-18 03:00:00
413,610,225.53,2025-01-18 04:00:00
414,268,325.54,2025-01-18 05:00:00
415,749,196.67,2025-01-18 06:00:00
416,455,36.74,2025-01-18 07:00:00
417,685,303.74,2025-01-18 08:00:00
418,401,452.18,2025-01-18 09:00:00
419,476,197.78,2025-01-18 10:00:00
420,702,116.0,2025-01-18 11:00:00
421,634,226.86,2025-01-18 12:00:00
422,558,33.7,2025-01-18 13:00:00
423,576,412.04,2025-01-18 14:00:00
424,130,414.91,2025-01-18 15:00:00
425,363,298.12,2025-01-18 16:00:00
426,705,183.02,2025-01-18 17:00:00
427,693,401.89,2025-01-18 18:00:00
428,292,281.8,2025-01-18 19:00:00
429,371,414.71,2025-01-18 20:00:00
430,794,319.41,2025-01-18 21:00:00
431,29,394.36,2025-01-18 22:00:00
432,149,303.3,2025-01-18 23:00:00
433,779,212.93,2025-01-19 00:00:00
434,296,479.39,2025-01-19 01:00:00
435,11,275.15,2025-01-19 02:00:00
436,512,306.49,2025-01-19 03:00:00
437,676,118.04,2025-01-19 04:00:00
438,113,316.57,2025-01-19 05:00:00
439,187,290.09,2025-01-19 06:00:00
440,744,100.57,2025-01-19 07:00:00
441,227,39.2,2025-01-19 08:00:00
442,310,306.14,2025-01-19 09:00:00
443,98,384.21,2025-01-19 10:00:00
444,55,266.47,2025-01-19 11:00:00
445,623,121.12,2025-01-19 12:00:00
446,664,336.6,2025-01-19 13:00:00
447,758,49.25,2025-01-19 14:00:00
448,406,226.5,2025-01-19 15:00:00
449,69,90.05,2025-01-19 16:00:00
450,312,100.38,2025-01-19 17:00:00
451,289,109.12,2025-01-19 18:00:00
452,762,199.49,2025-01-19 19:00:00
453,548,35.06,2025-01-19 20:00:00
454,751,204.92,2025-01-19 21:00:00
455,148,260.74,2025-01-19 22:00:00
456,467,246.81,2025-01-19 23:00:00
457,739,197.56,2025-01-20 00:00:00
458,244,421.18,2025-01-20 01:00:00
459,491,81.21,2025-01-20 02:00:00
460,507,257.79,2025-01-20 03:00:00
461,365,40.4,2025-01-20 04:00:00
462,482,44.87,2025-01-20 05:00:00
463,201,291.19,2025-01-20 06:00:00
464,154,287.35,2025-01-20 07:00:00
465,450,440.24,2025-01-20 08:00:00
466,501,283.36,2025-01-20 09:00:00
467,73,480.3,2025-01-20 10:00:00
468,713,33.86,2025-01-20 11:00:00
469,296,58.02,2025-01-20 12:00:00
470,17,31.59,2025-01-20 13:00:00
471,641,100.79,2025-01-20 14:00:00
472,217,275.22,2025-01-20 15:00:00
473,61,326.33,2025-01-20 16:00:00
474,616,32.34,2025-01-20 17:00:00
475,42,473.53,2025-01-20 18:00:00
476,25,422.66,2025-01-20 19:00:00
477,39,155.34,2025-01-20 20:00:00
478,131,47.82,2025-01-20 21:00:00
479,498,93.24,2025-01-20 22:00:00
480,229,72.2,2025-01-20 23:00:00
481,108,70.41,2025-01-21 00:00:00
482,172,264.1,2025-01-21 01:00:00
483,435,130.47,2025-01-21 02:00:00
484,478,185.49,2025-01-21 03:00:00
485,102,494.86,2025-01-21 04:00:00
486,524,345.31,2025-01-21 05:00:00
487,275,475.0,2025-01-21 06:00:00
488,613,79.85,2025-01-21 07:00:00
489,44,197.25,2025-01-21 08:00:00
490,17,281.82,2025-01-21 09:00:00
491,330,47.61,2025-01-21 10:00:00
492,569,12.05,2025-01-21 11:00:00
493,497,338.51,2025-01-21 12:00:00
494,12,324.49,2025-01-21 13:00:00
495,318,211.29,2025-01-21 14:00:00
496,592,249.93,2025-01-21 15:00:00
497,216,213.57,2025-01-21 16:00:00
498,339,21.76,2025-01-21 17:00:00
499,776,174.33,2025-01-21 18:00:00
500,661,96.77,2025-01-21 19:00:00
501,81,58.23,2025-01-21 20:00:00
502,727,478.79,2025-01-21 21:00:00
503,485,303.69,2025-01-21 22:00:00
504,374,367.04,2025-01-21 23:00:00
505,710,164.53,2025-01-22 00:00:00
506,200,202.64,2025-01-22 01:00:00
507,537,126.09,2025-01-22 02:00:00
508,466,57.51,2025-01-22 03:00:00
509,89,97.73,2025-01-22 04:00:00
510,268,400.78,2025-01-22 05:00:00
511,655,342.0,2025-01-22 06:00:00
512,571,278.0,2025-01-22 07:00:00
513,489,242.79,2025-01-22 08:00:00
514,538,461.99,2025-01-22 09:00:00
515,47,45.64,2025-01-22 10:00:00
516,288,147.49,2025-01-22 11:00:00
517,778,181.47,2025-01-22 12:00:00
518,16,393.39,2025-01-22 13:00:00
519,711,496.33,2025-01-22 14:00:00
520,401,127.93,2025-01-22 15:00:00
521,794,438.41,2025-01-22 16:00:00
522,86,417.01,2025-01-22 17:00:00
523,250,120.08,2025-01-22 18:00:00
524,391,205.67,2025-01-22 19:00:00
525,782,210.74,2025-01-22 20:00:00
526,335,489.33,2025-01-22 21:00:00
527,629,98.64,2025-01-22 22:00:00
528,519,401.59,2025-01-22 23:00:00
529,137,173.75,2025-01-23 00:00:00
530,688,368.13,2025-01-23 01:00:00
531,498,215.81,2025-01-23 02:00:00
532,727,293.4,2025-01-23 03:00:00
533,477,417.98,2025-01-23 04:00:00
534,594,404.04,2025-01-23 05:00:00
535,223,434.55,2025-01-23 06:00:00
536,372,39.21,2025-01-23 07:00:00
537,402,349.1,2025-01-23 08:00:00
538,443,78.59,2025-01-23 09:00:00
539,490,213.75,2025-01-23 10:00:00
540,615,278.81,2025-01-23 11:00:00
541,273,207.34,2025-01-23 12:00:00
542,526,264.61,2025-01-23 13:00:00
543,159,498.3,2025-01-23 14:00:00
544,152,76.26,2025-01-23 15:00:00
545,620,340.97,2025-01-23 16:00:00
546,188,204.04,2025-01-23 17:00:00
547,98,75.17,2025-01-23 18:00:00
548,131,87.78,2025-01-23 19:00:00
549,171,475.14,2025-01-23 20:00:00
550,183,441.0,2025-01-23 21:00:00
551,364,454.45,2025-01-23 22:00:00
552,39,495.85,2025-01-23 23:00:00
553,527,112.07,2025-01-24 00:00:00
554,497,184.17,2025-01-24 01:00:00
555,516,337.92,2025-01-24 02:00:00
556,349,247.06,2025-01-24 03:00:00
557,397,215.01,2025-01-24 04:00:00
558,722,185.33,2025-01-24 05:00:00
559,161,300.95,2025-01-24 06:00:00
560,16,292.04,2025-01-24 07:00:00
561,493,89.11,2025-01-24 08:00:00
562,426,241.15,2025-01-24 09:00:00
563,108,281.2,2025-01-24 10:00:00
564,450,289.44,2025-01-24 11:00:00
565,311,112.95,2025-01-24 12:00:00
566,739,373.71,2025-01-24 13:00:00
567,170,22.35,2025-01-24 14:00:00
568,546,183.87,2025-01-24 15:00:00
569,414,392.3,2025-01-24 16:00:00
570,251,286.31,2025-01-24 17:00:00
571,759,137.97,2025-01-24 18:00:00
572,781,350.53,2025-01-24 19:00:00
573,141,288.02,2025-01-24 20:00:00
574,274,400.16,2025-01-24 21:00:00
575,416,370.16,2025-01-24 22:00:00
576,608,308.95,2025-01-24 23:00:00
577,739,249.21,2025-01-25 00:00:00
578,39,75.26,2025-01-25 01:00:00
579,29,138.05,2025-01-25 02:00:00
580,477,215.36,2025-01-25 03:00:00
581,318,303.66,2025-01-25 04:00:00
582,245,261.72,2025-01-25 05:00:00
583,748,151.21,2025-01-25 06:00:00
584,697,13.17,2025-01-25 07:00:00
585,272,253.16,2025-01-25 08:00:00
586,440,149.96,2025-01-25 09:00:00
587,748,369.96,2025-01-25 10:00:00
588,239,21.73,2025-01-25 11:00:00
589,377,296.57,2025-01-25 12:00:00
590,266,471.32,2025-01-25 13:00:00
591,359,95.46,2025-01-25 14:00:00
592,340,241.11,2025-01-25 15:00:00
593,389,54.8,2025-01-25 16:00:00
594,577,316.58,2025-01-25 17:00:00
595,689,279.76,2025-01-25 18:00:00
596,3,209.61,2025-01-25 19:00:00
597,429,265.47,2025-01-25 20:00:00
598,142,449.32,2025-01-25 21:00:00
599,376,106.18,2025-01-25 22:00:00
600,670,21.06,2025-01-25 23:00:00
601,324,432.22,2025-01-26 00:00:00
602,146,292.79,2025-01-26 01:00:00
603,293,446.42,2025-01-26 02:00:00
604,665,302.5,2025-01-26 03:00:00
605,432,406.98,2025-01-26 04:00:00
606,705,220.54,2025-01-26 05:00:00
607,585,377.43,2025-01-26 06:00:00
608,399,457.39,2025-01-26 07:00:00
609,344,290.34,2025-01-26 08:00:00
610,140,98.58,2025-01-26 09:00:00
611,187,141.71,2025-01-26 10:00:00
612,61,107.34,2025-01-26 11:00:00
613,380,130.96,2025-01-26 12:00:00
614,710,160.14,2025-01-26 13:00:00
615,440,282.02,2025-01-26 14:00:00
616,319,298.12,2025-01-26 15:00:00
617,302,218.98,2025-01-26 16:00:00
618,344,311.56,2025-01-26 17:00:00
619,11,49.97,2025-01-26 18:00:00
620,62,53.02,2025-01-26 19:00:00
621,226,94.2,2025-01-26 20:00:00
622,153,263.86,2025-01-26 21:00:00
623,711,114.86,2025-01-26 22:00:00
624,564,148.81,2025-01-26 23:00:00
625,772,206.15,2025-01-27 00:00:00
626,571,407.81,2025-01-27 01:00:00
627,584,16.79,2025-01-27 02:00:00
628,660,328.2,2025-01-27 03:00:00
629,575,337.75,2025-01-27 04:00:00
630,310,401.34,2025-01-27 05:00:00
631,243,467.05,2025-01-27 06:00:00
632,493,19.87,2025-01-27 07:00:00
633,366,85.35,2025-01-27 08:00:00
634,330,444.22,2025-01-27 09:00:00
635,107,234.67,2025-01-27 10:00:00
636,226,286.65,2025-01-27 11:00:00
637,218,334.88,2025-01-27 12:00:00
638,753,342.74,2025-01-27 13:00:00
639,506,466.55,2025-01-27 14:00:00
640,259,498.51,2025-01-27 15:00:00
641,774,362.88,2025-01-27 16:00:00
642,517,150.74,2025-01-27 17:00:00
643,773,441.08,2025-01-27 18:00:00
644,54,34.12,2025-01-27 19:00:00
645,47,123.23,2025-01-27 20:00:00
646,727,449.72,2025-01-27 21:00:00
647,689,135.53,2025-01-27 22:00:00
648,521,118.12,2025-01-27 23:00:00
649,99,77.68,2025-01-28 00:00:00
650,20,430.96,2025-01-28 01:00:00
651,753,255.03,2025-01-28 02:00:00
652,573,340.7,2025-01-28 03:00:00
653,490,127.14,2025-01-28 04:00:00
654,419,381.44,2025-01-28 05:00:00
655,690,382.4,2025-01-28 06:00:00
656,62,163.17,2025-01-28 07:00:00
657,145,211.23,2025-01-28 08:00:00
658,216,112.75,2025-01-28 09:00:00
659,3,488.51,2025-01-28 10:00:00
660,160,326.35,2025-01-28 11:00:00
661,739,467.93,2025-01-28 12:00:00
662,781,158.66,2025-01-28 13:00:00
663,120,393.13,2025-01-28 14:00:00
664,89,385.27,2025-01-28 15:00:00
665,329,348.91,2025-01-28 16:00:00
666,580,483.16,2025-01-28 17:00:00
667,357,202.84,2025-01-28 18:00:00
668,610,74.05,2025-01-28 19:00:00
669,267,339.14,2025-01-28 20:00:00
670,617,367.36,2025-01-28 21:00:00
671,323,291.78,2025-01-28 22:00:00
672,635,111.34,2025-01-28 23:00:00
673,541,257.18,2025-01-29 00:00:00
674,649,162.97,2025-01-29 01:00:00
675,195,219.46,2025-01-29 02:00:00
676,738,326.16,2025-01-29 03:00:00
677,332,375.16,2025-01-29 04:00:00
678,170,123.79,2025-01-29 05:00:00
679,521,208.61,2025-01-29 06:00:00
680,463,141.89,2025-01-29 07:00:00
681,40,107.33,2025-01-29 08:00:00
682,537,393.86,2025-01-29 09:00:00
683,261,455.53,2025-01-29 10:00:00
684,395,191.41,2025-01-29 11:00:00
685,226,378.13,2025-01-29 12:00:00
686,124,449.53,2025-01-29 13:00:00
687,38,424.6,2025-01-29 14:00:00
688,328,99.58,2025-01-29 15:00:00
689,251,478.58,2025-01-29 16:00:00
690,176,194.57,2025-01-29 17:00:00
691,602,176.23,2025-01-29 18:00:00
692,454,40.59,2025-01-29 19:00:00
693,37,248.23,2025-01-29 20:00:00
694,316,63.42,2025-01-29 21:00:00
695,688,131.78,2025-01-29 22:00:00
696,796,165.3,2025-01-29 23:00:00
697,593,406.32,2025-01-30 00:00:00
698,114,438.99,2025-01-30 01:00:00
699,40,158.21,2025-01-30 02:00:00
700,301,430.76,2025-01-30 03:00:00
701,224,430.04,2025-01-30 04:00:00
702,318,384.68,2025-01-30 05:00:00
703,349,81.88,2025-01-30 06:00:00
704,115,348.26,2025-01-30 07:00:00
705,698,473.06,2025-01-30 08:00:00
706,323,344.44,2025-01-30 09:00:00
707,568,172.49,2025-01-30 10:00:00
708,40,255.28,2025-01-30 11:00:00
709,40,326.41,2025-01-30 12:00:00
710,749,260.18,2025-01-30 13:00:00
711,289,68.78,2025-01-30 14:00:00
712,262,162.91,2025-01-30 15:00:00
713,216,403.17,2025-01-30 16:00:00
714,147,432.09,2025-01-30 17:00:00
715,336,77.28,2025-01-30 18:00:00
716,168,476.67,2025-01-30 19:00:00
717,92,171.12,2025-01-30 20:00:00
718,353,334.53,2025-01-30 21:00:00
719,571,378.39,2025-01-30 22:00:00
720,571,407.85,2025-01-30 23:00:00
721,681,473.42,2025-01-31 00:00:00
722,781,163.33,2025-01-31 01:00:00
723,363,430.67,2025-01-31 02:00:00
724,557,74.53,2025-01-31 03:00:00
725,345,355.47,2025-01-31 04:00:00
726,693,373.57,2025-01-31 05:00:00
727,170,342.08,2025-01-31 06:00:00
728,356,133.63,2025-01-31 07:00:00
729,191,437.79,2025-01-31 08:00:00
730,667,92.74,2025-01-31 09:00:00
731,422,36.28,2025-01-31 10:00:00
732,700,361.56,2025-01-31 11:00:00
733,7,242.98,2025-01-31 12:00:00
734,133,426.06,2025-01-31 13:00:00
735,747,197.86,2025-01-31 14:00:00
736,557,92.46,2025-01-31 15:00:00
737,761,419.86,2025-01-31 16:00:00
738,31,278.97,2025-01-31 17:00:00
739,535,102.71,2025-01-31 18:00:00
740,426,362.99,2025-01-31 19:00:00
741,394,260.45,2025-01-31 20:00:00
742,672,306.11,2025-01-31 21:00:00
743,363,235.84,2025-01-31 22:00:00
744,437,416.07,2025-01-31 23:00:00
745,670,416.49,2025-02-01 00:00:00
746,551,357.6,2025-02-01 01:00:00
747,82,61.65,2025-02-01 02:00:00
748,356,421.04,2025-02-01 03:00:00
749,258,338.8,2025-02-01 04:00:00
750,718,351.54,2025-02-01 05:00:00
751,589,187.86,2025-02-01 06:00:00
752,524,440.85,2025-02-01 07:00:00
753,295,365.43,2025-02-01 08:00:00
754,224,65.17,2025-02-01 09:00:00
755,525,209.81,2025-02-01 10:00:00
756,46,444.33,2025-02-01 11:00:00
757,667,33.13,2025-02-01 12:00:00
758,113,481.09,2025-02-01 13:00:00
759,233,342.79,2025-02-01 14:00:00
760,17,319.37,2025-02-01 15:00:00
761,360,142.57,2025-02-01 16:00:00
762,223,131.91,2025-02-01 17:00:00
763,700,471.61,2025-02-01 18:00:00
764,448,156.15,2025-02-01 19:00:00
765,365,390.0,2025-02-01 20:00:00
766,675,202.63,2025-02-01 21:00:00
767,326,78.23,2025-02-01 22:00:00
768,467,15.25,2025-02-01 23:00:00
769,414,276.69,2025-02-02 00:00:00
770,455,488.13,2025-02-02 01:00:00
771,586,190.88,2025-02-02 02:00:00
772,233,185.02,2025-02-02 03:00:00
773,224,178.6,2025-02-02 04:00:00
774,412,265.07,2025-02-02 05:00:00
775,572,225.93,2025-02-02 06:00:00
776,335,441.16,2025-02-02 07:00:00
777,222,257.71,2025-02-02 08:00:00
778,37,258.8,2025-02-02 09:00:00
779,278,77.8,2025-02-02 10:00:00
780,196,491.54,2025-02-02 11:00:00
781,484,132.49,2025-02-02 12:00:00
782,242,45.95,2025-02-02 13:00:00
783,324,334.94,2025-02-02 14:00:00
784,731,301.73,2025-02-02 15:00:00
785,192,213.42,2025-02-02 16:00:00
786,17,216.87,2025-02-02 17:00:00
787,524,394.68,2025-02-02 18:00:00
788,401,105.9,2025-02-02 19:00:00
789,705,411.92,2025-02-02 20:00:00
790,22,327.89,2025-02-02 21:00:00
791,474,215.3,2025-02-02 22:00:00
792,120,234.43,2025-02-02 23:00:00
793,210,135.76,2025-02-03 00:00:00
794,306,378.54,2025-02-03 01:00:00
795,270,261.31,2025-02-03 02:00:00
796,704,167.22,2025-02-03 03:00:00
797,687,302.06,2025-02-03 04:00:00
798,285,497.91,2025-02-03 05:00:00
799,716,223.28,2025-02-03 06:00:00
800,676,461.14,2025-02-03 07:00:00
801,763,179.06,2025-02-03 08:00:00
802,227,36.82,2025-02-03 09:00:00
803,381,110.08,2025-02-03 10:00:00
804,460,215.16,2025-02-03 11:00:00
805,7,117.62,2025-02-03 12:00:00
806,29,10.11,2025-02-03 13:00:00
807,33,458.35,2025-02-03 14:00:00
808,646,423.5,2025-02-03 15:00:00
809,79,373.72,2025-02-03 16:00:00
810,459,92.23,2025-02-03 17:00:00
811,570,68.98,2025-02-03 18:00:00
812,538,43.13,2025-02-03 19:00:00
813,482,364.77,2025-02-03 20:00:00
814,430,465.12,2025-02-03 21:00:00
815,738,220.96,2025-02-03 22:00:00
816,285,68.38,2025-02-03 23:00:00
817,516,261.07,2025-02-04 00:00:00
818,99,180.93,2025-02-04 01:00:00
819,397,193.66,2025-02-04 02:00:00
820,489,314.45,2025-02-04 03:00:00
821,39,362.17,2025-02-04 04:00:00
822,271,64.2,2025-02-04 05:00:00
823,797,27.44,2025-02-04 06:00:00
824,157,497.22,2025-02-04 07:00:00
825,75,124.04,2025-02-04 08:00:00
826,800,36.38,2025-02-04 09:00:00
827,130,103.04,2025-02-04 10:00:00
828,687,29.09,2025-02-04 11:00:00
829,84,201.99,2025-02-04 12:00:00
830,22,403.18,2025-02-04 13:00:00
831,459,177.21,2025-02-04 14:00:00
832,539,227.65,2025-02-04 15:00:00
833,707,341.04,2025-02-04 16:00:00
834,382,259.36,2025-02-04 17:00:00
835,748,432.11,2025-02-04 18:00:00
836,440,434.36,2025-02-04 19:00:00
837,604,14.86,2025-02-04 20:00:00
838,21,391.24,2025-02-04 21:00:00
839,303,235.76,2025-02-04 22:00:00
840,84,494.53,2025-02-04 23:00:00
841,774,246.78,2025-02-05 00:00:00
842,659,493.58,2025-02-05 01:00:00
843,453,379.74,2025-02-05 02:00:00
844,387,131.82,2025-02-05 03:00:00
845,507,273.81,2025-02-05 04:00:00
846,257,496.15,2025-02-05 05:00:00
847,570,430.19,2025-02-05 06:00:00
848,527,57.71,2025-02-05 07:00:00
849,162,356.12,2025-02-05 08:00:00
850,163,179.33,2025-02-05 09:00:00
851,793,13.42,2025-02-05 10:00:00
852,792,207.71,2025-02-05 11:00:00
853,524,125.03,2025-02-05 12:00:00
854,786,411.25,2025-02-05 13:00:00
855,271,175.29,2025-02-05 14:00:00
856,492,415.49,2025-02-05 15:00:00
857,208,10.29,2025-02-05 16:00:00
858,539,160.83,2025-02-05 17:00:00
859,584,128.17,2025-02-05 18:00:00
860,60,124.45,2025-02-05 19:00:00
861,430,43.41,2025-02-05 20:00:00
862,657,101.69,2025-02-05 21:00:00
863,605,282.22,2025-02-05 22:00:00
864,309,152.77,2025-02-05 23:00:00
865,520,214.52,2025-02-06 00:00:00
866,591,194.66,2025-02-06 01:00:00
867,27,439.19,2025-02-06 02:00:00
868,686,453.6,2025-02-06 03:00:00
869,562,251.55,2025-02-06 04:00:00
870,199,171.78,2025-02-06 05:00:00
871,387,62.33,2025-02-06 06:00:00
872,349,477.17,2025-02-06 07:00:00
873,693,39.51,2025-02-06 08:00:00
874,536,155.85,2025-02-06 09:00:00
875,378,156.05,2025-02-06 10:00:00
876,558,167.0,2025-02-06 11:00:00
877,527,90.5,2025-02-06 12:00:00
878,153,393.75,2025-02-06 13:00:00
879,734,70.02,2025-02-06 14:00:00
880,206,321.1,2025-02-06 15:00:00
881,455,70.68,2025-02-06 16:00:00
882,273,44.56,2025-02-06 17:00:00
883,236,455.62,2025-02-06 18:00:00
884,740,103.16,2025-02-06 19:00:00
885,521,412.41,2025-02-06 20:00:00
886,678,276.87,2025-02-06 21:00:00
887,726,48.15,2025-02-06 22:00:00
888,501,478.17,2025-02-06 23:00:00
889,117,131.01,2025-02-07 00:00:00
890,386,431.23,2025-02-07 01:00:00
891,344,92.72,2025-02-07 02:00:00
892,584,428.43,2025-02-07 03:00:00
893,395,16.48,2025-02-07 04:00:00
894,64,260.77,2025-02-07 05:00:00
895,717,387.03,2025-02-07 06:00:00
896,721,468.05,2025-02-07 07:00:00
897,72,455.51,2025-02-07 08:00:00
898,789,411.62,2025-02-07 09:00:00
899,274,445.21,2025-02-07 10:00:00
900,320,107.62,2025-02-07 11:00:00
901,338,149.25,2025-02-07 12:00:00
902,366,151.59,2025-02-07 13:00:00
903,495,194.76,2025-02-07 14:00:00
904,607,202.73,2025-02-07 15:00:00
905,166,276.83,2025-02-07 16:00:00
906,544,88.34,2025-02-07 17:00:00
907,11,348.71,2025-02-07 18:00:00
908,301,92.11,2025-02-07 19:00:00
909,729,162.05,2025-02-07 20:00:00
910,102,256.64,2025-02-07 21:00:00
911,425,400.26,2025-02-07 22:00:00
912,392,372.34,2025-02-07 23:00:00
913,779,326.31,2025-02-08 00:00:00
914,214,86.33,2025-02-08 01:00:00
915,691,278.05,2025-02-08 02:00:00
916,88,52.85,2025-02-08 03:00:00
917,553,194.91,2025-02-08 04:00:00
918,401,212.62,2025-02-08 05:00:00
919,588,29.51,2025-02-08 06:00:00
920,46,144.25,2025-02-08 07:00:00
921,672,478.27,2025-02-08 08:00:00
922,463,477.28,2025-02-08 09:00:00
923,592,182.64,2025-02-08 10:00:00
924,310,31.12,2025-02-08 11:00:00
925,86,97.76,2025-02-08 12:00:00
926,92,202.19,2025-02-08 13:00:00
927,660,474.41,2025-02-08 14:00:00
928,673,79.19,2025-02-08 15:00:00
929,714,384.12,2025-02-08 16:00:00
930,242,63.25,2025-02-08 17:00:00
931,2,490.82,2025-02-08 18:00:00
932,225,196.99,2025-02-08 19:00:00
933,745,389.86,2025-02-08 20:00:00
934,589,177.87,2025-02-08 21:00:00
935,116,317.56,2025-02-08 22:00:00
936,666,104.09,2025-02-08 23:00:00
937,103,81.55,2025-02-09 00:00:00
938,194,469.65,2025-02-09 01:00:00
939,166,459.65,2025-02-09 02:00:00
940,90,444.86,2025-02-09 03:00:00
941,686,316.46,2025-02-09 04:00:00
942,122,406.05,2025-02-09 05:00:00
943,143,43.83,2025-02-09 06:00:00
944,106,174.05,2025-02-09 07:00:00
945,428,163.71,2025-02-09 08:00:00
946,305,321.47,2025-02-09 09:00:00
947,317,184.42,2025-02-09 10:00:00
948,635,82.77,2025-02-09 11:00:00
949,9,302.27,2025-02-09 12:00:00
950,774,409.05,2025-02-09 13:00:00
951,73,197.24,2025-02-09 14:00:00
952,359,74.81,2025-02-09 15:00:00
953,223,106.38,2025-02-09 16:00:00
954,416,126.37,2025-02-09 17:00:00
955,553,156.95,2025-02-09 18:00:00
956,370,324.97,2025-02-09 19:00:00
957,716,304.46,2025-02-09 20:00:00
958,264,351.08,2025-02-09 21:00:00
959,690,187.63,2025-02-09 22:00:00
960,318,413.76,2025-02-09 23:00:00
961,84,110.0,2025-02-10 00:00:00
962,318,239.83,2025-02-10 01:00:00
963,111,402.46,2025-02-10 02:00:00
964,251,98.28,2025-02-10 03:00:00
965,383,63.83,2025-02-10 04:00:00
966,7,443.01,2025-02-10 05:00:00
967,459,178.04,2025-02-10 06:00:00
968,84,345.1,2025-02-10 07:00:00
969,208,22.42,2025-02-10 08:00:00
970,390,348.12,2025-02-10 09:00:00
971,314,164.89,2025-02-10 10:00:00
972,22,37.31,2025-02-10 11:00:00
973,410,308.81,2025-02-10 12:00:00
974,515,127.99,2025-02-10 13:00:00
975,127,199.54,2025-02-10 14:00:00
976,700,49.48,2025-02-10 15:00:00
977,14,82.11,2025-02-10 16:00:00
978,12,156.01,2025-02-10 17:00:00
979,87,53.98,2025-02-10 18:00:00
980,524,456.3,2025-02-10 19:00:00
981,537,12.96,2025-02-10 20:00:00
982,301,247.09,2025-02-10 21:00:00
983,243,70.39,2025-02-10 22:00:00
984,122,160.76,2025-02-10 23:00:00
985,147,463.77,2025-02-11 00:00:00
986,567,89.23,2025-02-11 01:00:00
987,750,483.26,2025-02-11 02:00:00
988,356,110.84,2025-02-11 03:00:00
989,685,373.37,2025-02-11 04:00:00
990,733,277.87,2025-02-11 05:00:00
991,631,443.39,2025-02-11 06:00:00
992,309,281.46,2025-02-11 07:00:00
993,695,271.93,2025-02-11 08:00:00
994,288,105.77,2025-02-11 09:00:00
995,307,91.45,2025-02-11 10:00:00
996,594,459.08,2025-02-11 11:00:00
997,723,170.64,2025-02-11 12:00:00
998,662,192.32,2025-02-11 13:00:00
999,549,382.31,2025-02-11 14:00:00
1000,352,176.02,2025-02-11 15:00:00
1001,312,476.51,2025-02-11 16:00:00
1002,59,371.58,2025-02-11 17:00:00
1003,643,302.74,2025-02-11 18:00:00
1004,714,441.64,2025-02-11 19:00:00
1005,755,34.31,2025-02-11 20:00:00
1006,35,135.96,2025-02-11 21:00:00
1007,445,237.87,2025-02-11 22:00:00
1008,93,121.22,2025-02-11 23:00:00
1009,207,374.51,2025-02-12 00:00:00
1010,353,460.41,2025-02-12 01:00:00
1011,332,217.65,2025-02-12 02:00:00
1012,725,177.64,2025-02-12 03:00:00
1013,159,481.16,2025-02-12 04:00:00
1014,24,227.98,2025-02-12 05:00:00
1015,404,249.63,2025-02-12 06:00:00
1016,516,182.31,2025-02-12 07:00:00
1017,732,455.68,2025-02-12 08:00:00
1018,364,288.79,2025-02-12 09:00:00
1019,382,383.47,2025-02-12 10:00:00
1020,532,407.79,2025-02-12 11:00:00
1021,152,177.51,2025-02-12 12:00:00
1022,562,222.51,2025-02-12 13:00:00
1023,689,425.75,2025-02-12 14:00:00
1024,608,188.0,2025-02-12 15:00:00
1025,617,399.03,2025-02-12 16:00:00
1026,420,471.09,2025-02-12 17:00:00
1027,250,315.37,2025-02-12 18:00:00
1028,117,373.4,2025-02-12 19:00:00
1029,512,404.5,2025-02-12 20:00:00
1030,740,424.07,2025-02-12 21:00:00
1031,578,203.58,2025-02-12 22:00:00
1032,335,35.12,2025-02-12 23:00:00
1033,418,206.92,2025-02-13 00:00:00
1034,774,340.14,2025-02-13 01:00:00
1035,295,230.67,2025-02-13 02:00:00
1036,755,376.99,2025-02-13 03:00:00
1037,371,184.92,2025-02-13 04:00:00
1038,186,321.02,2025-02-13 05:00:00
1039,246,101.35,2025-02-13 06:00:00
1040,637,377.19,2025-02-13 07:00:00
1041,268,277.39,2025-02-13 08:00:00
1042,643,109.99,2025-02-13 09:00:00
1043,237,153.04,2025-02-13 10:00:00
1044,530,376.82,2025-02-13 11:00:00
1045,552,246.47,2025-02-13 12:00:00
1046,21,115.86,2025-02-13 13:00:00
1047,737,483.96,2025-02-13 14:00:00
1048,794,360.41,2025-02-13 15:00:00
1049,520,479.0,2025-02-13 16:00:00
1050,100,219.28,2025-02-13 17:00:00
1051,752,242.8,2025-02-13 18:00:00
1052,478,450.0,2025-02-13 19:00:00
1053,599,267.27,2025-02-13 20:00:00
1054,298,356.57,2025-02-13 21:00:00
1055,526,133.56,2025-02-13 22:00:00
1056,334,228.9,2025-02-13 23:00:00
1057,2,70.49,2025-02-14 00:00:00
1058,375,110.93,2025-02-14 01:00:00
1059,293,10.46,2025-02-14 02:00:00
1060,553,29.24,2025-02-14 03:00:00
1061,318,488.87,2025-02-14 04:00:00
1062,502,128.75,2025-02-14 05:00:00
1063,381,335.02,2025-02-14 06:00:00
1064,623,421.16,2025-02-14 07:00:00
1065,14,279.82,2025-02-14 08:00:00
1066,504,85.04,2025-02-14 09:00:00
1067,231,366.78,2025-02-14 10:00:00
1068,84,304.12,2025-02-14 11:00:00
1069,130,368.31,2025-02-14 12:00:00
1070,743,387.18,2025-02-14 13:00:00
1071,145,487.95,2025-02-14 14:00:00
1072,28,291.05,2025-02-14 15:00:00
1073,66,177.4,2025-02-14 16:00:00
1074,163,327.75,2025-02-14 17:00:00
1075,229,43.54,2025-02-14 18:00:00
1076,261,449.72,2025-02-14 19:00:00
1077,449,68.5,2025-02-14 20:00:00
1078,424,170.64,2025-02-14 21:00:00
1079,460,409.72,2025-02-14 22:00:00
1080,676,302.68,2025-02-14 23:00:00
1081,301,202.88,2025-02-15 00:00:00
1082,303,241.98,2025-02-15 01:00:00
1083,287,428.73,2025-02-15 02:00:00
1084,395,176.6,2025-02-15 03:00:00
1085,10,436.13,2025-02-15 04:00:00
1086,707,53.19,2025-02-15 05:00:00
1087,630,390.63,2025-02-15 06:00:00
1088,270,425.3,2025-02-15 07:00:00
1089,592,99.09,2025-02-15 08:00:00
1090,605,220.87,2025-02-15 09:00:00
1091,778,91.09,2025-02-15 10:00:00
1092,361,356.24,2025-02-15 11:00:00
1093,257,272.32,2025-02-15 12:00:00
1094,133,321.31,2025-02-15 13:00:00
1095,276,106.28,2025-02-15 14:00:00
1096,776,113.76,2025-02-15 15:00:00
1097,683,30.33,2025-02-15 16:00:00
1098,513,167.81,2025-02-15 17:00:00
1099,313,284.27,2025-02-15 18:00:00
1100,576,430.39,2025-02-15 19:00:00
1101,284,336.79,2025-02-15 20:00:00
1102,121,223.34,2025-02-15 21:00:00
1103,107,477.03,2025-02-15 22:00:00
1104,687,362.43,2025-02-15 23:00:00
1105,204,465.78,2025-02-16 00:00:00
1106,165,268.52,2025-02-16 01:00:00
1107,305,136.86,2025-02-16 02:00:00
1108,497,35.89,2025-02-16 03:00:00
1109,632,365.78,2025-02-16 04:00:00
1110,556,69.44,2025-02-16 05:00:00
1111,156,158.36,2025-02-16 06:00:00
1112,367,270.91,2025-02-16 07:00:00
1113,719,286.56,2025-02-16 08:00:00
1114,620,304.29,2025-02-16 09:00:00
1115,251,91.47,2025-02-16 10:00:00
1116,334,196.07,2025-02-16 11:00:00
1117,642,312.43,2025-02-16 12:00:00
1118,511,485.21,2025-02-16 13:00:00
1119,293,366.54,2025-02-16 14:00:00
1120,20,462.08,2025-02-16 15:00:00
1121,282,383.48,2025-02-16 16:00:00
1122,797,299.94,2025-02-16 17:00:00
1123,1,104.09,2025-02-16 18:00:00
1124,119,336.68,2025-02-16 19:00:00
1125,35,315.46,2025-02-16 20:00:00
1126,198,305.21,2025-02-16 21:00:00
1127,485,250.0,2025-02-16 22:00:00
1128,757,269.04,2025-02-16 23:00:00
1129,59,173.88,2025-02-17 00:00:00
1130,161,264.46,2025-02-17 01:00:00
1131,691,106.8,2025-02-17 02:00:00
1132,206,404.54,2025-02-17 03:00:00
1133,12,101.03,2025-02-17 04:00:00
1134,490,51.63,2025-02-17 05:00:00
1135,276,223.76,2025-02-17 06:00:00
1136,693,332.57,2025-02-17 07:00:00
1137,242,224.48,2025-02-17 08:00:00
1138,216,145.61,2025-02-17 09:00:00
1139,251,283.5,2025-02-17 10:00:00
1140,126,180.03,2025-02-17 11:00:00
1141,217,467.11,2025-02-17 12:00:00
1142,306,462.1,2025-02-17 13:00:00
1143,797,256.16,2025-02-17 14:00:00
1144,185,170.66,2025-02-17 15:00:00
1145,39,371.19,2025-02-17 16:00:00
1146,223,27.99,2025-02-17 17:00:00
1147,184,242.64,2025-02-17 18:00:00
1148,495,174.8,2025-02-17 19:00:00
1149,427,461.06,2025-02-17 20:00:00
1150,178,15.88,2025-02-17 21:00:00
1151,428,280.88,2025-02-17 22:00:00
1152,294,372.93,2025-02-17 23:00:00
1153,151,247.66,2025-02-18 00:00:00
1154,384,51.85,2025-02-18 01:00:00
1155,638,486.51,2025-02-18 02:00:00
1156,308,263.83,2025-02-18 03:00:00
1157,336,310.95,2025-02-18 04:00:00
1158,746,125.94,2025-02-18 05:00:00
1159,375,246.91,2025-02-18 06:00:00
1160,8,220.28,2025-02-18 07:00:00
1161,341,46.7,2025-02-18 08:00:00
1162,129,62.02,2025-02-18 09:00:00
1163,776,420.36,2025-02-18 10:00:00
1164,669,127.51,2025-02-18 11:00:00
1165,352,105.53,2025-02-18 12:00:00
1166,358,257.41,2025-02-18 13:00:00
1167,517,386.69,2025-02-18 14:00:00
1168,495,40.35,2025-02-18 15:00:00
1169,86,292.64,2025-02-18 16:00:00
1170,175,68.41,2025-02-18 17:00:00
1171,193,27.87,2025-02-18 18:00:00
1172,311,35.84,2025-02-18 19:00:00
1173,119,418.74,2025-02-18 20:00:00
1174,218,67.81,2025-02-18 21:00:00
1175,427,32.12,2025-02-18 22:00:00
1176,414,224.57,2025-02-18 23:00:00
1177,114,423.56,2025-02-19 00:00:00
1178,145,138.58,2025-02-19 01:00:00
1179,538,216.64,2025-02-19 02:00:00
1180,648,29.56,2025-02-19 03:00:00
1181,303,230.05,2025-02-19 04:00:00
1182,744,293.03,2025-02-19 05:00:00
1183,588,289.74,2025-02-19 06:00:00
1184,345,172.89,2025-02-19 07:00:00
1185,1,164.61,2025-02-19 08:00:00
1186,147,62.25,2025-02-19 09:00:00
1187,287,189.73,2025-02-19 10:00:00
1188,654,58.75,2025-02-19 11:00:00
1189,53,385.63,2025-02-19 12:00:00
1190,304,483.47,2025-02-19 13:00:00
1191,69,485.34,2025-02-19 14:00:00
1192,361,433.88,2025-02-19 15:00:00
1193,602,304.39,2025-02-19 16:00:00
1194,220,353.42,2025-02-19 17:00:00
1195,704,149.75,2025-02-19 18:00:00
1196,575,319.08,2025-02-19 19:00:00
1197,585,233.27,2025-02-19 20:00:00
1198,161,246.19,2025-02-19 21:00:00
1199,681,381.31,2025-02-19 22:00:00
1200,89,148.14,2025-02-19 23:00:00
1201,688,165.84,2025-02-20 00:00:00
1202,781,463.07,2025-02-20 01:00:00
1203,585,37.55,2025-02-20 02:00:00
1204,757,247.96,2025-02-20 03:00:00
1205,589,457.27,2025-02-20 04:00:00
1206,159,309.08,2025-02-20 05:00:00
1207,489,277.74,2025-02-20 06:00:00
1208,324,132.37,2025-02-20 07:00:00
1209,610,178.2,2025-02-20 08:00:00
1210,381,427.5,2025-02-20 09:00:00
1211,102,284.02,2025-02-20 10:00:00
1212,494,262.22,2025-02-20 11:00:00
1213,644,58.79,2025-02-20 12:00:00
1214,614,17.85,2025-02-20 13:00:00
1215,19,482.21,2025-02-20 14:00:00
1216,454,194.72,2025-02-20 15:00:00
1217,482,305.57,2025-02-20 16:00:00
1218,594,49.06,2025-02-20 17:00:00
1219,397,344.73,2025-02-20 18:00:00
1220,279,466.96,2025-02-20 19:00:00
1221,365,292.08,2025-02-20 20:00:00
1222,331,71.8,2025-02-20 21:00:00
1223,641,295.04,2025-02-20 22:00:00
1224,344,385.51,2025-02-20 23:00:00
1225,455,209.14,2025-02-21 00:00:00
1226,601,441.12,2025-02-21 01:00:00
1227,725,327.85,2025-02-21 02:00:00
1228,655,450.63,2025-02-21 03:00:00
1229,65,315.52,2025-02-21 04:00:00
1230,76,74.33,2025-02-21 05:00:00
1231,711,161.75,2025-02-21 06:00:00
1232,143,108.88,2025-02-21 07:00:00
1233,605,455.32,2025-02-21 08:00:00
1234,473,382.6,2025-02-21 09:00:00
1235,417,341.44,2025-02-21 10:00:00
1236,305,157.47,2025-02-21 11:00:00
1237,736,100.18,2025-02-21 12:00:00
1238,497,380.66,2025-02-21 13:00:00
1239,291,242.34,2025-02-21 14:00:00
1240,102,120.64,2025-02-21 15:00:00
1241,267,312.14,2025-02-21 16:00:00
1242,622,29.76,2025-02-21 17:00:00
1243,777,169.82,2025-02-21 18:00:00
1244,3,239.59,2025-02-21 19:00:00
1245,85,82.5,2025-02-21 20:00:00
1246,794,492.48,2025-02-21 21:00:00
1247,328,112.46,2025-02-21 22:00:00
1248,450,73.87,2025-02-21 23:00:00
1249,454,109.73,2025-02-22 00:00:00
1250,629,386.84,2025-02-22 01:00:00
1251,221,218.5,2025-02-22 02:00:00
1252,154,287.05,2025-02-22 03:00:00
1253,665,20.29,2025-02-22 04:00:00
1254,12,26.87,2025-02-22 05:00:00
1255,133,228.45,2025-02-22 06:00:00
1256,304,410.16,2025-02-22 07:00:00
1257,293,443.77,2025-02-22 08:00:00
1258,300,52.49,2025-02-22 09:00:00
1259,740,273.8,2025-02-22 10:00:00
1260,783,457.48,2025-02-22 11:00:00
1261,43,200.11,2025-02-22 12:00:00
1262,343,416.49,2025-02-22 13:00:00
1263,326,75.51,2025-02-22 14:00:00
1264,498,468.34,2025-02-22 15:00:00
1265,364,378.2,2025-02-22 16:00:00
1266,427,471.25,2025-02-22 17:00:00
1267,21,341.54,2025-02-22 18:00:00
1268,407,188.07,2025-02-22 19:00:00
1269,619,469.71,2025-02-22 20:00:00
1270,336,145.03,2025-02-22 21:00:00
1271,117,172.76,2025-02-22 22:00:00
1272,124,353.4,2025-02-22 23:00:00
1273,399,385.0,2025-02-23 00:00:00
1274,793,465.41,2025-02-23 01:00:00
1275,715,110.35,2025-02-23 02:00:00
1276,51,401.02,2025-02-23 03:00:00
1277,783,371.89,2025-02-23 04:00:00
1278,324,41.26,2025-02-23 05:00:00
1279,789,199.74,2025-02-23 06:00:00
1280,141,148.56,2025-02-23 07:00:00
1281,470,159.2,2025-02-23 08:00:00
1282,787,491.64,2025-02-23 09:00:00
1283,334,324.96,2025-02-23 10:00:00
1284,373,361.66,2025-02-23 11:00:00
1285,564,488.54,2025-02-23 12:00:00
1286,494,194.83,2025-02-23 13:00:00
1287,539,402.9,2025-02-23 14:00:00
1288,669,222.92,2025-02-23 15:00:00
1289,751,436.07,2025-02-23 16:00:00
1290,156,98.52,2025-02-23 17:00:00
1291,291,474.37,2025-02-23 18:00:00
1292,648,117.2,2025-02-23 19:00:00
1293,144,169.85,2025-02-23 20:00:00
1294,106,380.53,2025-02-23 21:00:00
1295,420,202.94,2025-02-23 22:00:00
1296,670,308.02,2025-02-23 23:00:00
1297,658,227.84,2025-02-24 00:00:00
1298,2,373.76,2025-02-24 01:00:00
1299,589,121.88,2025-02-24 02:00:00
1300,644,38.64,2025-02-24 03:00:00
1301,90,156.97,2025-02-24 04:00:00
1302,345,242.41,2025-02-24 05:00:00
1303,350,92.33,2025-02-24 06:00:00
1304,459,183.85,2025-02-24 07:00:00
1305,263,205.99,2025-02-24 08:00:00
1306,351,38.12,2025-02-24 09:00:00
1307,108,295.82,2025-02-24 10:00:00
1308,586,443.33,2025-02-24 11:00:00
1309,39,84.35,2025-02-24 12:00:00
1310,159,302.93,2025-02-24 13:00:00
1311,583,335.72,2025-02-24 14:00:00
1312,312,215.47,2025-02-24 15:00:00
1313,241,353.54,2025-02-24 16:00:00
1314,445,211.26,2025-02-24 17:00:00
1315,298,257.27,2025-02-24 18:00:00
1316,36,13.6,2025-02-24 19:00:00
1317,84,348.94,2025-02-24 20:00:00
1318,452,334.06,2025-02-24 21:00:00
1319,775,28.82,2025-02-24 22:00:00
1320,385,190.44,2025-02-24 23:00:00
1321,172,489.73,2025-02-25 00:00:00
1322,376,216.16,2025-02-25 01:00:00
1323,685,255.95,2025-02-25 02:00:00
1324,362,455.87,2025-02-25 03:00:00
1325,559,361.46,2025-02-25 04:00:00
1326,141,295.21,2025-02-25 05:00:00
1327,118,400.92,2025-02-25 06:00:00
1328,277,433.54,2025-02-25 07:00:00
1329,726,233.88,2025-02-25 08:00:00
1330,220,242.8,2025-02-25 09:00:00
1331,26,199.16,2025-02-25 10:00:00
1332,521,483.69,2025-02-25 11:00:00
1333,783,351.61,2025-02-25 12:00:00
1334,10,50.78,2025-02-25 13:00:00
1335,378,432.85,2025-02-25 14:00:00
1336,633,245.47,2025-02-25 15:00:00
1337,637,43.69,2025-02-25 16:00:00
1338,682,279.36,2025-02-25 17:00:00
1339,584,214.41,2025-02-25 18:00:00
1340,152,440.1,2025-02-25 19:00:00
1341,720,109.96,2025-02-25 20:00:00
1342,49,414.97,2025-02-25 21:00:00
1343,154,283.27,2025-02-25 22:00:00
1344,293,36.76,2025-02-25 23:00:00
1345,580,486.2,2025-02-26 00:00:00
1346,50,261.18,2025-02-26 01:00:00
1347,664,152.53,2025-02-26 02:00:00
1348,531,240.01,2025-02-26 03:00:00
1349,612,430.35,2025-02-26 04:00:00
1350,60,159.4,2025-02-26 05:00:00
1351,167,104.41,2025-02-26 06:00:00
1352,202,73.24,2025-02-26 07:00:00
1353,146,155.95,2025-02-26 08:00:00
1354,676,392.22,2025-02-26 09:00:00
1355,439,241.1,2025-02-26 10:00:00
1356,242,121.47,2025-02-26 11:00:00
1357,581,91.43,2025-02-26 12:00:00
1358,687,173.04,2025-02-26 13:00:00
1359,561,470.56,2025-02-26 14:00:00
1360,483,178.08,2025-02-26 15:00:00
1361,108,494.18,2025-02-26 16:00:00
1362,226,247.76,2025-02-26 17:00:00
1363,673,97.79,2025-02-26 18:00:00
1364,631,446.66,2025-02-26 19:00:00
1365,661,235.57,2025-02-26 20:00:00
1366,662,357.74,2025-02-26 21:00:00
1367,432,492.02,2025-02-26 22:00:00
1368,655,34.59,2025-02-26 23:00:00
1369,419,57.38,2025-02-27 00:00:00
1370,455,363.02,2025-02-27 01:00:00
1371,160,148.09,2025-02-27 02:00:00
1372,523,100.31,2025-02-27 03:00:00
1373,650,29.29,2025-02-27 04:00:00
1374,590,20.7,2025-02-27 05:00:00
1375,77,389.5,2025-02-27 06:00:00
1376,509,75.87,2025-02-27 07:00:00
1377,441,239.18,2025-02-27 08:00:00
1378,254,306.89,2025-02-27 09:00:00
1379,770,219.89,2025-02-27 10:00:00
1380,320,23.28,2025-02-27 11:00:00
1381,263,393.92,2025-02-27 12:00:00
1382,597,15.15,2025-02-27 13:00:00
1383,658,383.33,2025-02-27 14:00:00
1384,554,447.72,2025-02-27 15:00:00
1385,374,222.09,2025-02-27 16:00:00
1386,637,272.42,2025-02-27 17:00:00
1387,167,243.72,2025-02-27 18:00:00
1388,753,200.71,2025-02-27 19:00:00
1389,459,444.84,2025-02-27 20:00:00
1390,280,448.03,2025-02-27 21:00:00
1391,700,174.55,2025-02-27 22:00:00
1392,302,311.38,2025-02-27 23:00:00
1393,531,464.18,2025-02-28 00:00:00
1394,580,481.41,2025-02-28 01:00:00
1395,218,259.39,2025-02-28 02:00:00
1396,102,231.88,2025-02-28 03:00:00
1397,554,146.56,2025-02-28 04:00:00
1398,288,479.85,2025-02-28 05:00:00
1399,167,79.98,2025-02-28 06:00:00
1400,621,294.12,2025-02-28 07:00:00
1401,36,148.45,2025-02-28 08:00:00
1402,744,146.71,2025-02-28 09:00:00
1403,741,208.43,2025-02-28 10:00:00
1404,353,499.41,2025-02-28 11:00:00
1405,676,36.93,2025-02-28 12:00:00
1406,73,293.49,2025-02-28 13:00:00
1407,648,50.46,2025-02-28 14:00:00
1408,353,85.72,2025-02-28 15:00:00
1409,70,225.39,2025-02-28 16:00:00
1410,425,260.13,2025-02-28 17:00:00
1411,708,136.81,2025-02-28 18:00:00
1412,781,165.06,2025-02-28 19:00:00
1413,561,52.61,2025-02-28 20:00:00
1414,642,158.58,2025-02-28 21:00:00
1415,517,483.61,2025-02-28 22:00:00
1416,428,472.91,2025-02-28 23:00:00
1417,539,174.09,2025-03-01 00:00:00
1418,160,289.72,2025-03-01 01:00:00
1419,149,455.7,2025-03-01 02:00:00
1420,776,13.03,2025-03-01 03:00:00
1421,230,407.23,2025-03-01 04:00:00
1422,712,474.7,2025-03-01 05:00:00
1423,562,54.75,2025-03-01 06:00:00
1424,67,89.11,2025-03-01 07:00:00
1425,381,480.77,2025-03-01 08:00:00
1426,58,273.39,2025-03-01 09:00:00
1427,259,16.96,2025-03-01 10:00:00
1428,342,136.24,2025-03-01 11:00:00
1429,130,230.47,2025-03-01 12:00:00
1430,727,349.53,2025-03-01 13:00:00
1431,172,369.25,2025-03-01 14:00:00
1432,770,497.76,2025-03-01 15:00:00
1433,614,150.88,2025-03-01 16:00:00
1434,209,273.73,2025-03-01 17:00:00
1435,354,271.33,2025-03-01 18:00:00
1436,471,208.77,2025-03-01 19:00:00
1437,798,92.89,2025-03-01 20:00:00
1438,116,488.95,2025-03-01 21:00:00
1439,264,428.13,2025-03-01 22:00:00
1440,662,254.18,2025-03-01 23:00:00
1441,442,305.59,2025-03-02 00:00:00
1442,548,121.36,2025-03-02 01:00:00
1443,453,276.46,2025-03-02 02:00:00
1444,477,350.54,2025-03-02 03:00:00
1445,287,262.43,2025-03-02 04:00:00
1446,303,495.24,2025-03-02 05:00:00
1447,311,309.56,2025-03-02 06:00:00
1448,208,191.78,2025-03-02 07:00:00
1449,618,388.35,2025-03-02 08:00:00
1450,446,93.53,2025-03-02 09:00:00
1451,670,198.41,2025-03-02 10:00:00
1452,633,180.01,2025-03-02 11:00:00
1453,55,221.59,2025-03-02 12:00:00
1454,12,393.07,2025-03-02 13:00:00
1455,657,247.24,2025-03-02 14:00:00
1456,400,399.07,2025-03-02 15:00:00
1457,648,292.48,2025-03-02 16:00:00
1458,515,177.61,2025-03-02 17:00:00
1459,656,406.89,2025-03-02 18:00:00
1460,542,126.76,2025-03-02 19:00:00
1461,237,119.95,2025-03-02 20:00:00
1462,279,257.21,2025-03-02 21:00:00
1463,348,137.82,2025-03-02 22:00:00
1464,627,14.45,2025-03-02 23:00:00
1465,104,327.67,2025-03-03 00:00:00
1466,630,260.44,2025-03-03 01:00:00
1467,517,228.3,2025-03-03 02:00:00
1468,248,483.81,2025-03-03 03:00:00
1469,364,289.89,2025-03-03 04:00:00
1470,321,433.08,2025-03-03 05:00:00
1471,633,78.33,2025-03-03 06:00:00
1472,286,288.91,2025-03-03 07:00:00
1473,149,435.31,2025-03-03 08:00:00
1474,84,295.72,2025-03-03 09:00:00
1475,406,361.83,2025-03-03 10:00:00
1476,456,192.3,2025-03-03 11:00:00
1477,743,55.3,2025-03-03 12:00:00
1478,800,234.37,2025-03-03 13:00:00
1479,161,203.29,2025-03-03 14:00:00
1480,784,434.86,2025-03-03 15:00:00
1481,460,129.56,2025-03-03 16:00:00
1482,550,483.7,2025-03-03 17:00:00
1483,500,479.49,2025-03-03 18:00:00
1484,738,131.34,2025-03-03 19:00:00
1485,509,180.55,2025-03-03 20:00:00
1486,654,448.82,2025-03-03 21:00:00
1487,481,483.64,2025-03-03 22:00:00
1488,663,227.29,2025-03-03 23:00:00
1489,114,167.29,2025-03-04 00:00:00
1490,749,267.79,2025-03-04 01:00:00
1491,578,347.01,2025-03-04 02:00:00
1492,361,144.0,2025-03-04 03:00:00
1493,341,370.87,2025-03-04 04:00:00
1494,770,35.31,2025-03-04 05:00:00
1495,761,34.15,2025-03-04 06:00:00
1496,449,199.28,2025-03-04 07:00:00
1497,180,183.2,2025-03-04 08:00:00
1498,702,164.66,2025-03-04 09:00:00
1499,407,250.6,2025-03-04 10:00:00
1500,666,167.16,2025-03-04 11:00:00
1501,196,104.21,2025-03-04 12:00:00
1502,466,161.64,2025-03-04 13:00:00
1503,311,487.7,2025-03-04 14:00:00
1504,262,211.45,2025-03-04 15:00:00
1505,419,227.91,2025-03-04 16:00:00
1506,406,292.51,2025-03-04 17:00:00
1507,143,491.84,2025-03-04 18:00:00
1508,342,128.38,2025-03-04 19:00:00
1509,316,343.83,2025-03-04 20:00:00
1510,101,360.83,2025-03-04 21:00:00
1511,244,307.59,2025-03-04 22:00:00
1512,490,53.4,2025-03-04 23:00:00
1513,12,341.67,2025-03-05 00:00:00
1514,239,41.41,2025-03-05 01:00:00
1515,561,302.11,2025-03-05 02:00:00
1516,42,372.39,2025-03-05 03:00:00
1517,678,113.38,2025-03-05 04:00:00
1518,594,422.39,2025-03-05 05:00:00
1519,429,24.87,2025-03-05 06:00:00
1520,158,423.47,2025-03-05 07:00:00
1521,216,235.56,2025-03-05 08:00:00
1522,670,116.62,2025-03-05 09:00:00
1523,462,75.55,2025-03-05 10:00:00
1524,134,477.12,2025-03-05 11:00:00
1525,67,45.61,2025-03-05 12:00:00
1526,7,107.56,2025-03-05 13:00:00
1527,526,180.43,2025-03-05 14:00:00
1528,73,313.92,2025-03-05 15:00:00
1529,399,276.95,2025-03-05 16:00:00
1530,405,71.57,2025-03-05 17:00:00
1531,675,151.97,2025-03-05 18:00:00
1532,578,126.99,2025-03-05 19:00:00
1533,130,114.64,2025-03-05 20:00:00
1534,466,211.46,2025-03-05 21:00:00
1535,206,354.98,2025-03-05 22:00:00
1536,788,116.55,2025-03-05 23:00:00
1537,768,189.67,2025-03-06 00:00:00
1538,266,201.55,2025-03-06 01:00:00
1539,537,488.46,2025-03-06 02:00:00
1540,793,477.79,2025-03-06 03:00:00
1541,253,402.07,2025-03-06 04:00:00
1542,289,128.41,2025-03-06 05:00:00
1543,164,43.34,2025-03-06 06:00:00
1544,95,165.28,2025-03-06 07:00:00
1545,782,140.73,2025-03-06 08:00:00
1546,110,257.9,2025-03-06 09:00:00
1547,336,391.09,2025-03-06 10:00:00
1548,238,430.58,2025-03-06 11:00:00
1549,381,423.98,2025-03-06 12:00:00
1550,436,186.24,2025-03-06 13:00:00
1551,483,346.74,2025-03-06 14:00:00
1552,25,163.29,2025-03-06 15:00:00
1553,653,39.84,2025-03-06 16:00:00
1554,117,353.77,2025-03-06 17:00:00
1555,482,14.82,2025-03-06 18:00:00
1556,392,210.5,2025-03-06 19:00:00
1557,537,171.4,2025-03-06 20:00:00
1558,79,349.75,2025-03-06 21:00:00
1559,580,385.46,2025-03-06 22:00:00
1560,173,159.01,2025-03-06 23:00:00
1561,12,407.7,2025-03-07 00:00:00
1562,800,154.02,2025-03-07 01:00:00
1563,128,228.7,2025-03-07 02:00:00
1564,608,366.24,2025-03-07 03:00:00
1565,92,349.53,2025-03-07 04:00:00
1566,653,493.81,2025-03-07 05:00:00
1567,543,120.33,2025-03-07 06:00:00
1568,532,334.54,2025-03-07 07:00:00
1569,658,308.74,2025-03-07 08:00:00
1570,447,458.4,2025-03-07 09:00:00
1571,390,86.62,2025-03-07 10:00:00
1572,672,378.38,2025-03-07 11:00:00
1573,43,288.45,2025-03-07 12:00:00
1574,254,144.59,2025-03-07 13:00:00
1575,130,242.47,2025-03-07 14:00:00
1576,60,173.55,2025-03-07 15:00:00
1577,663,293.86,2025-03-07 16:00:00
1578,467,445.61,2025-03-07 17:00:00
1579,287,288.96,2025-03-07 18:00:00
1580,517,319.54,2025-03-07 19:00:00
1581,467,264.19,2025-03-07 20:00:00
1582,778,35.07,2025-03-07 21:00:00
1583,345,124.1,2025-03-07 22:00:00
1584,642,251.08,2025-03-07 23:00:00
1585,382,162.02,2025-03-08 00:00:00
1586,779,99.06,2025-03-08 01:00:00
1587,690,257.03,2025-03-08 02:00:00
1588,253,168.18,2025-03-08 03:00:00
1589,56,136.47,2025-03-08 04:00:00
1590,463,237.35,2025-03-08 05:00:00
1591,457,75.31,2025-03-08 06:00:00
1592,83,464.6,2025-03-08 07:00:00
1593,99,435.17,2025-03-08 08:00:00
1594,149,356.73,2025-03-08 09:00:00
1595,329,62.04,2025-03-08 10:00:00
1596,156,390.18,2025-03-08 11:00:00
1597,190,405.9,2025-03-08 12:00:00
1598,494,386.2,2025-03-08 13:00:00
1599,263,65.84,2025-03-08 14:00:00
1600,80,325.51,2025-03-08 15:00:00
1601,400,418.82,2025-03-08 16:00:00
1602,764,292.9,2025-03-08 17:00:00
1603,609,326.74,2025-03-08 18:00:00
1604,260,234.6,2025-03-08 19:00:00
1605,772,269.07,2025-03-08 20:00:00
1606,615,26.84,2025-03-08 21:00:00
1607,552,323.09,2025-03-08 22:00:00
1608,785,49.91,2025-03-08 23:00:00
1609,101,223.16,2025-03-09 00:00:00
1610,359,153.4,2025-03-09 01:00:00
1611,380,277.26,2025-03-09 02:00:00
1612,221,75.37,2025-03-09 03:00:00
1613,420,348.91,2025-03-09 04:00:00
1614,124,399.56,2025-03-09 05:00:00
1615,422,90.04,2025-03-09 06:00:00
1616,231,61.11,2025-03-09 07:00:00
1617,690,81.3,2025-03-09 08:00:00
1618,63,439.79,2025-03-09 09:00:00
1619,485,268.81,2025-03-09 10:00:00
1620,628,238.96,2025-03-09 11:00:00
1621,703,62.29,2025-03-09 12:00:00
1622,574,328.28,2025-03-09 13:00:00
1623,768,435.32,2025-03-09 14:00:00
1624,483,415.81,2025-03-09 15:00:00
1625,519,316.77,2025-03-09 16:00:00
1626,155,46.89,2025-03-09 17:00:00
1627,92,65.07,2025-03-09 18:00:00
1628,526,34.16,2025-03-09 19:00:00
1629,455,136.16,2025-03-09 20:00:00
1630,741,76.47,2025-03-09 21:00:00
1631,598,137.42,2025-03-09 22:00:00
1632,645,198.68,2025-03-09 23:00:00
1633,510,472.06,2025-03-10 00:00:00
1634,183,309.08,2025-03-10 01:00:00
1635,386,419.14,2025-03-10 02:00:00
1636,574,358.07,2025-03-10 03:00:00
1637,731,65.13,2025-03-10 04:00:00
1638,405,370.6,2025-03-10 05:00:00
1639,246,144.8,2025-03-10 06:00:00
1640,742,323.16,2025-03-10 07:00:00
1641,591,177.07,2025-03-10 08:00:00
1642,661,498.86,2025-03-10 09:00:00
1643,650,139.14,2025-03-10 10:00:00
1644,471,146.77,2025-03-10 11:00:00
1645,423,466.03,2025-03-10 12:00:00
1646,65,22.08,2025-03-10 13:00:00
1647,13,351.38,2025-03-10 14:00:00
1648,213,365.41,2025-03-10 15:00:00
1649,242,419.83,2025-03-10 16:00:00
1650,493,487.48,2025-03-10 17:00:00
1651,213,488.04,2025-03-10 18:00:00
1652,693,41.99,2025-03-10 19:00:00
1653,338,412.7,2025-03-10 20:00:00
1654,173,326.69,2025-03-10 21:00:00
1655,672,327.2,2025-03-10 22:00:00
1656,164,72.89,2025-03-10 23:00:00
1657,465,328.59,2025-03-11 00:00:00
1658,497,491.42,2025-03-11 01:00:00
1659,700,456.79,2025-03-11 02:00:00
1660,395,225.17,2025-03-11 03:00:00
1661,703,29.57,2025-03-11 04:00:00
1662,308,187.52,2025-03-11 05:00:00
1663,768,414.93,2025-03-11 06:00:00
1664,183,353.73,2025-03-11 07:00:00
1665,629,235.08,2025-03-11 08:00:00
1666,794,37.0,2025-03-11 09:00:00
1667,510,219.18,2025-03-11 10:00:00
1668,708,239.82,2025-03-11 11:00:00
1669,546,464.99,2025-03-11 12:00:00
1670,564,324.13,2025-03-11 13:00:00
1671,624,162.71,2025-03-11 14:00:00
1672,764,267.41,2025-03-11 15:00:00
1673,594,42.37,2025-03-11 16:00:00
1674,744,486.56,2025-03-11 17:00:00
1675,227,186.43,2025-03-11 18:00:00
1676,745,244.16,2025-03-11 19:00:00
1677,733,184.09,2025-03-11 20:00:00
1678,436,344.43,2025-03-11 21:00:00
1679,422,334.49,2025-03-11 22:00:00
1680,554,360.51,2025-03-11 23:00:00
1681,21,141.39,2025-03-12 00:00:00
1682,554,164.68,2025-03-12 01:00:00
1683,397,71.37,2025-03-12 02:00:00
1684,625,331.2,2025-03-12 03:00:00
1685,105,29.5,2025-03-12 04:00:00
1686,192,302.86,2025-03-12 05:00:00
1687,17,436.15,2025-03-12 06:00:00
1688,120,446.51,2025-03-12 07:00:00
1689,393,230.03,2025-03-12 08:00:00
1690,425,235.06,2025-03-12 09:00:00
1691,129,47.71,2025-03-12 10:00:00
1692,130,338.67,2025-03-12 11:00:00
1693,572,412.42,2025-03-12 12:00:00
1694,560,129.88,2025-03-12 13:00:00
1695,29,216.44,2025-03-12 14:00:00
1696,97,421.03,2025-03-12 15:00:00
1697,10,439.79,2025-03-12 16:00:00
1698,242,129.16,2025-03-12 17:00:00
1699,232,279.78,2025-03-12 18:00:00
1700,789,104.32,2025-03-12 19:00:00
1701,284,59.92,2025-03-12 20:00:00
1702,715,456.45,2025-03-12 21:00:00
1703,759,412.05,2025-03-12 22:00:00
1704,776,382.42,2025-03-12 23:00:00
1705,726,33.9,2025-03-13 00:00:00
1706,200,423.43,2025-03-13 01:00:00
1707,79,224.64,2025-03-13 02:00:00
1708,173,177.77,2025-03-13 03:00:00
1709,467,277.77,2025-03-13 04:00:00
1710,581,54.76,2025-03-13 05:00:00
1711,416,380.76,2025-03-13 06:00:00
1712,449,295.39,2025-03-13 07:00:00
1713,87,101.43,2025-03-13 08:00:00
1714,101,102.23,2025-03-13 09:00:00
1715,8,100.28,2025-03-13 10:00:00
1716,200,37.93,2025-03-13 11:00:00
1717,505,298.02,2025-03-13 12:00:00
1718,87,421.77,2025-03-13 13:00:00
1719,43,18.57,2025-03-13 14:00:00
1720,385,34.01,2025-03-13 15:00:00
1721,621,290.66,2025-03-13 16:00:00
1722,435,411.55,2025-03-13 17:00:00
1723,408,170.1,2025-03-13 18:00:00
1724,483,181.31,2025-03-13 19:00:00
1725,664,302.21,2025-03-13 20:00:00
1726,17,144.36,2025-03-13 21:00:00
1727,645,23.04,2025-03-13 22:00:00
1728,148,370.26,2025-03-13 23:00:00
1729,277,316.57,2025-03-14 00:00:00
1730,232,294.57,2025-03-14 01:00:00
1731,366,373.43,2025-03-14 02:00:00
1732,228,340.86,2025-03-14 03:00:00
1733,651,110.88,2025-03-14 04:00:00
1734,436,182.72,2025-03-14 05:00:00
1735,399,71.79,2025-03-14 06:00:00
1736,211,73.63,2025-03-14 07:00:00
1737,391,341.34,2025-03-14 08:00:00
1738,499,430.71,2025-03-14 09:00:00
1739,540,481.74,2025-03-14 10:00:00
1740,563,317.89,2025-03-14 11:00:00
1741,491,100.21,2025-03-14 12:00:00
1742,442,61.77,2025-03-14 13:00:00
1743,261,408.3,2025-03-14 14:00:00
1744,773,293.59,2025-03-14 15:00:00
1745,350,312.96,2025-03-14 16:00:00
1746,352,392.92,2025-03-14 17:00:00
1747,520,354.61,2025-03-14 18:00:00
1748,320,418.88,2025-03-14 19:00:00
1749,138,37.54,2025-03-14 20:00:00
1750,550,376.29,2025-03-14 21:00:00
1751,623,426.92,2025-03-14 22:00:00
1752,368,150.21,2025-03-14 23:00:00
1753,220,323.82,2025-03-15 00:00:00
1754,337,163.94,2025-03-15 01:00:00
1755,223,479.41,2025-03-15 02:00:00
1756,648,26.38,2025-03-15 03:00:00
1757,768,294.1,2025-03-15 04:00:00
1758,360,91.59,2025-03-15 05:00:00
1759,329,358.99,2025-03-15 06:00:00
1760,463,96.19,2025-03-15 07:00:00
1761,561,125.34,2025-03-15 08:00:00
1762,382,252.24,2025-03-15 09:00:00
1763,590,458.27,2025-03-15 10:00:00
1764,617,113.74,2025-03-15 11:00:00
1765,169,80.68,2025-03-15 12:00:00
1766,217,381.9,2025-03-15 13:00:00
1767,378,255.3,2025-03-15 14:00:00
1768,119,456.77,2025-03-15 15:00:00
1769,190,81.84,2025-03-15 16:00:00
1770,767,326.5,2025-03-15 17:00:00
1771,370,124.11,2025-03-15 18:00:00
1772,778,86.81,2025-03-15 19:00:00
1773,149,344.88,2025-03-15 20:00:00
1774,676,300.91,2025-03-15 21:00:00
1775,652,379.87,2025-03-15 22:00:00
1776,488,161.64,2025-03-15 23:00:00
1777,770,229.51,2025-03-16 00:00:00
1778,374,208.68,2025-03-16 01:00:00
1779,781,492.2,2025-03-16 02:00:00
1780,693,153.2,2025-03-16 03:00:00
1781,160,154.46,2025-03-16 04:00:00
1782,351,183.73,2025-03-16 05:00:00
1783,288,286.65,2025-03-16 06:00:00
1784,288,133.64,2025-03-16 07:00:00
1785,226,458.49,2025-03-16 08:00:00
1786,523,140.19,2025-03-16 09:00:00
1787,522,448.95,2025-03-16 10:00:00
1788,783,60.7,2025-03-16 11:00:00
1789,273,331.72,2025-03-16 12:00:00
1790,402,454.42,2025-03-16 13:00:00
1791,183,92.69,2025-03-16 14:00:00
1792,665,484.48,2025-03-16 15:00:00
1793,488,231.91,2025-03-16 16:00:00
1794,124,473.4,2025-03-16 17:00:00
1795,626,341.64,2025-03-16 18:00:00
1796,790,157.78,2025-03-16 19:00:00
1797,414,102.27,2025-03-16 20:00:00
1798,725,158.83,2025-03-16 21:00:00
1799,172,55.58,2025-03-16 22:00:00
1800,288,80.5,2025-03-16 23:00:00
1801,435,61.28,2025-03-17 00:00:00
1802,686,217.24,2025-03-17 01:00:00
1803,113,399.83,2025-03-17 02:00:00
1804,122,79.28,2025-03-17 03:00:00
1805,544,73.86,2025-03-17 04:00:00
1806,222,325.28,2025-03-17 05:00:00
1807,631,106.62,2025-03-17 06:00:00
1808,39,57.83,2025-03-17 07:00:00
1809,497,91.76,2025-03-17 08:00:00
1810,780,462.63,2025-03-17 09:00:00
1811,233,412.52,2025-03-17 10:00:00
1812,530,183.49,2025-03-17 11:00:00
1813,149,331.35,2025-03-17 12:00:00
1814,397,273.27,2025-03-17 13:00:00
1815,661,341.79,2025-03-17 14:00:00
1816,638,344.51,2025-03-17 15:00:00
1817,302,318.08,2025-03-17 16:00:00
1818,360,140.39,2025-03-17 17:00:00
1819,238,29.11,2025-03-17 18:00:00
1820,647,233.23,2025-03-17 19:00:00
1821,663,446.58,2025-03-17 20:00:00
1822,236,289.05,2025-03-17 21:00:00
1823,736,417.87,2025-03-17 22:00:00
1824,203,495.9,2025-03-17 23:00:00
1825,256,90.17,2025-03-18 00:00:00
1826,598,348.97,2025-03-18 01:00:00
1827,662,340.4,2025-03-18 02:00:00
1828,235,490.18,2025-03-18 03:00:00
1829,345,492.94,2025-03-18 04:00:00
1830,534,346.47,2025-03-18 05:00:00
1831,797,129.37,2025-03-18 06:00:00
1832,781,401.29,2025-03-18 07:00:00
1833,466,62.44,2025-03-18 08:00:00
1834,770,392.54,2025-03-18 09:00:00
1835,541,456.0,2025-03-18 10:00:00
1836,213,197.59,2025-03-18 11:00:00
1837,463,319.01,2025-03-18 12:00:00
1838,436,220.77,2025-03-18 13:00:00
1839,283,224.5,2025-03-18 14:00:00
1840,562,162.08,2025-03-18 15:00:00
1841,607,383.44,2025-03-18 16:00:00
1842,463,468.73,2025-03-18 17:00:00
1843,407,470.97,2025-03-18 18:00:00
1844,88,95.64,2025-03-18 19:00:00
1845,44,438.62,2025-03-18 20:00:00
1846,461,371.34,2025-03-18 21:00:00
1847,278,133.89,2025-03-18 22:00:00
1848,683,42.97,2025-03-18 23:00:00
1849,421,141.32,2025-03-19 00:00:00
1850,701,456.98,2025-03-19 01:00:00
1851,353,320.26,2025-03-19 02:00:00
1852,696,363.32,2025-03-19 03:00:00
1853,515,136.0,2025-03-19 04:00:00
1854,703,362.5,2025-03-19 05:00:00
1855,630,23.78,2025-03-19 06:00:00
1856,19,193.91,2025-03-19 07:00:00
1857,23,317.11,2025-03-19 08:00:00
1858,413,81.59,2025-03-19 09:00:00
1859,30,413.27,2025-03-19 10:00:00
1860,108,125.17,2025-03-19 11:00:00
1861,367,329.62,2025-03-19 12:00:00
1862,281,208.55,2025-03-19 13:00:00
1863,128,302.06,2025-03-19 14:00:00
1864,229,62.65,2025-03-19 15:00:00
1865,111,18.29,2025-03-19 16:00:00
1866,136,455.69,2025-03-19 17:00:00
1867,362,142.12,2025-03-19 18:00:00
1868,186,411.64,2025-03-19 19:00:00
1869,656,499.68,2025-03-19 20:00:00
1870,584,113.6,2025-03-19 21:00:00
1871,129,139.93,2025-03-19 22:00:00
1872,261,334.8,2025-03-19 23:00:00
1873,515,483.07,2025-03-20 00:00:00
1874,449,458.75,2025-03-20 01:00:00
1875,104,256.41,2025-03-20 02:00:00
1876,483,399.6,2025-03-20 03:00:00
1877,224,76.52,2025-03-20 04:00:00
1878,491,488.94,2025-03-20 05:00:00
1879,473,482.53,2025-03-20 06:00:00
1880,10,90.23,2025-03-20 07:00:00
1881,405,156.72,2025-03-20 08:00:00
1882,302,59.08,2025-03-20 09:00:00
1883,231,143.14,2025-03-20 10:00:00
1884,731,409.82,2025-03-20 11:00:00
1885,66,195.37,2025-03-20 12:00:00
1886,112,53.31,2025-03-20 13:00:00
1887,13,177.69,2025-03-20 14:00:00
1888,393,490.88,2025-03-20 15:00:00
1889,500,318.54,2025-03-20 16:00:00
1890,598,213.92,2025-03-20 17:00:00
1891,234,91.6,2025-03-20 18:00:00
1892,602,493.23,2025-03-20 19:00:00
1893,314,412.22,2025-03-20 20:00:00
1894,566,147.92,2025-03-20 21:00:00
1895,12,44.33,2025-03-20 22:00:00
1896,209,37.75,2025-03-20 23:00:00
1897,14,68.99,2025-03-21 00:00:00
1898,633,294.58,2025-03-21 01:00:00
1899,418,465.09,2025-03-21 02:00:00
1900,437,253.4,2025-03-21 03:00:00
1901,377,423.04,2025-03-21 04:00:00
1902,20,228.48,2025-03-21 05:00:00
1903,587,357.21,2025-03-21 06:00:00
1904,755,368.62,2025-03-21 07:00:00
1905,735,95.24,2025-03-21 08:00:00
1906,70,187.0,2025-03-21 09:00:00
1907,211,322.28,2025-03-21 10:00:00
1908,101,44.64,2025-03-21 11:00:00
1909,698,187.15,2025-03-21 12:00:00
1910,132,272.05,2025-03-21 13:00:00
1911,623,498.15,2025-03-21 14:00:00
1912,381,242.52,2025-03-21 15:00:00
1913,132,409.87,2025-03-21 16:00:00
1914,20,221.71,2025-03-21 17:00:00
1915,536,400.23,2025-03-21 18:00:00
1916,227,301.75,2025-03-21 19:00:00
1917,154,444.43,2025-03-21 20:00:00
1918,742,211.36,2025-03-21 21:00:00
1919,469,306.11,2025-03-21 22:00:00
1920,405,318.71,2025-03-21 23:00:00
1921,202,214.52,2025-03-22 00:00:00
1922,38,80.71,2025-03-22 01:00:00
1923,772,55.84,2025-03-22 02:00:00
1924,188,18.17,2025-03-22 03:00:00
1925,57,438.03,2025-03-22 04:00:00
1926,20,125.87,2025-03-22 05:00:00
1927,273,113.64,2025-03-22 06:00:00
1928,119,370.66,2025-03-22 07:00:00
1929,583,166.81,2025-03-22 08:00:00
1930,516,257.96,2025-03-22 09:00:00
1931,221,89.63,2025-03-22 10:00:00
1932,526,480.28,2025-03-22 11:00:00
1933,515,427.27,2025-03-22 12:00:00
1934,728,433.26,2025-03-22 13:00:00
1935,741,209.32,2025-03-22 14:00:00
1936,336,383.56,2025-03-22 15:00:00
1937,698,80.5,2025-03-22 16:00:00
1938,55,14.22,2025-03-22 17:00:00
1939,500,19.79,2025-03-22 18:00:00
1940,766,297.43,2025-03-22 19:00:00
1941,536,233.14,2025-03-22 20:00:00
1942,162,263.83,2025-03-22 21:00:00
1943,670,13.66,2025-03-22 22:00:00
1944,594,217.12,2025-03-22 23:00:00
1945,159,361.85,2025-03-23 00:00:00
1946,188,226.92,2025-03-23 01:00:00
1947,60,368.79,2025-03-23 02:00:00
1948,319,124.18,2025-03-23 03:00:00
1949,211,408.44,2025-03-23 04:00:00
1950,406,298.33,2025-03-23 05:00:00
1951,664,113.27,2025-03-23 06:00:00
1952,109,125.99,2025-03-23 07:00:00
1953,76,317.73,2025-03-23 08:00:00
1954,542,416.67,2025-03-23 09:00:00
1955,314,213.66,2025-03-23 10:00:00
1956,117,136.57,2025-03-23 11:00:00
1957,704,434.84,2025-03-23 12:00:00
1958,19,337.94,2025-03-23 13:00:00
1959,432,229.56,2025-03-23 14:00:00
1960,685,249.07,2025-03-23 15:00:00
1961,740,110.09,2025-03-23 16:00:00
1962,350,317.13,2025-03-23 17:00:00
1963,183,185.78,2025-03-23 18:00:00
1964,113,497.87,2025-03-23 19:00:00
1965,183,245.29,2025-03-23 20:00:00
1966,481,248.08,2025-03-23 21:00:00
1967,146,287.27,2025-03-23 22:00:00
1968,628,459.21,2025-03-23 23:00:00
1969,113,402.4,2025-03-24 00:00:00
1970,763,231.05,2025-03-24 01:00:00
1971,476,362.16,2025-03-24 02:00:00
1972,763,297.26,2025-03-24 03:00:00
1973,303,251.26,2025-03-24 04:00:00
1974,118,104.23,2025-03-24 05:00:00
1975,161,237.33,2025-03-24 06:00:00
1976,401,130.45,2025-03-24 07:00:00
1977,198,458.27,2025-03-24 08:00:00
1978,260,174.35,2025-03-24 09:00:00
1979,660,476.61,2025-03-24 10:00:00
1980,752,271.2,2025-03-24 11:00:00
1981,47,319.46,2025-03-24 12:00:00
1982,399,276.04,2025-03-24 13:00:00
1983,710,73.4,2025-03-24 14:00:00
1984,559,194.15,2025-03-24 15:00:00
1985,78,58.58,2025-03-24 16:00:00
1986,124,315.25,2025-03-24 17:00:00
1987,75,228.97,2025-03-24 18:00:00
1988,137,391.21,2025-03-24 19:00:00
1989,602,118.03,2025-03-24 20:00:00
1990,400,90.64,2025-03-24 21:00:00
1991,505,209.1,2025-03-24 22:00:00
1992,500,464.03,2025-03-24 23:00:00
1993,573,358.11,2025-03-25 00:00:00
1994,138,215.27,2025-03-25 01:00:00
1995,50,263.46,2025-03-25 02:00:00
1996,771,51.26,2025-03-25 03:00:00
1997,619,492.44,2025-03-25 04:00:00
1998,625,336.54,2025-03-25 05:00:00
1999,254,149.85,2025-03-25 06:00:00
2000,630,297.05,2025-03-25 07:00:00
2001,710,63.65,2025-03-25 08:00:00
2002,563,483.26,2025-03-25 09:00:00
2003,757,95.64,2025-03-25 10:00:00
2004,426,327.53,2025-03-25 11:00:00
2005,547,130.27,2025-03-25 12:00:00
2006,302,361.61,2025-03-25 13:00:00
2007,581,390.64,2025-03-25 14:00:00
2008,349,339.98,2025-03-25 15:00:00
2009,49,311.1,2025-03-25 16:00:00
2010,74,447.31,2025-03-25 17:00:00
2011,704,48.53,2025-03-25 18:00:00
2012,261,172.15,2025-03-25 19:00:00
2013,356,131.66,2025-03-25 20:00:00
2014,582,494.13,2025-03-25 21:00:00
2015,602,200.8,2025-03-25 22:00:00
2016,260,368.98,2025-03-25 23:00:00
2017,638,345.52,2025-03-26 00:00:00
2018,743,113.92,2025-03-26 01:00:00
2019,295,127.11,2025-03-26 02:00:00
2020,641,147.83,2025-03-26 03:00:00
2021,792,211.45,2025-03-26 04:00:00
2022,313,124.82,2025-03-26 05:00:00
2023,612,19.63,2025-03-26 06:00:00
2024,182,440.9,2025-03-26 07:00:00
2025,686,483.15,2025-03-26 08:00:00
2026,364,177.37,2025-03-26 09:00:00
2027,188,175.87,2025-03-26 10:00:00
2028,569,13.47,2025-03-26 11:00:00
2029,543,343.32,2025-03-26 12:00:00
2030,596,414.47,2025-03-26 13:00:00
2031,664,81.84,2025-03-26 14:00:00
2032,548,88.24,2025-03-26 15:00:00
2033,725,397.14,2025-03-26 16:00:00
2034,408,311.98,2025-03-26 17:00:00
2035,618,31.98,2025-03-26 18:00:00
2036,414,315.05,2025-03-26 19:00:00
2037,342,161.37,2025-03-26 20:00:00
2038,220,190.68,2025-03-26 21:00:00
2039,163,387.17,2025-03-26 22:00:00
2040,220,407.36,2025-03-26 23:00:00
2041,270,206.17,2025-03-27 00:00:00
2042,632,474.1,2025-03-27 01:00:00
2043,400,209.17,2025-03-27 02:00:00
2044,182,388.2,2025-03-27 03:00:00
2045,618,247.1,2025-03-27 04:00:00
2046,729,449.79,2025-03-27 05:00:00
2047,205,454.8,2025-03-27 06:00:00
2048,582,52.83,2025-03-27 07:00:00
2049,556,468.88,2025-03-27 08:00:00
2050,228,414.51,2025-03-27 09:00:00
2051,696,397.74,2025-03-27 10:00:00
2052,619,108.45,2025-03-27 11:00:00
2053,596,404.51,2025-03-27 12:00:00
2054,250,426.57,2025-03-27 13:00:00
2055,441,151.68,2025-03-27 14:00:00
2056,533,476.61,2025-03-27 15:00:00
2057,196,34.43,2025-03-27 16:00:00
2058,690,83.46,2025-03-27 17:00:00
2059,519,273.41,2025-03-27 18:00:00
2060,70,292.14,2025-03-27 19:00:00
2061,639,326.12,2025-03-27 20:00:00
2062,399,18.31,2025-03-27 21:00:00
2063,672,480.58,2025-03-27 22:00:00
2064,760,31.85,2025-03-27 23:00:00
2065,203,80.1,2025-03-28 00:00:00
2066,148,16.87,2025-03-28 01:00:00
2067,472,287.76,2025-03-28 02:00:00
2068,655,466.81,2025-03-28 03:00:00
2069,199,336.31,2025-03-28 04:00:00
2070,426,413.1,2025-03-28 05:00:00
2071,666,16.51,2025-03-28 06:00:00
2072,492,275.59,2025-03-28 07:00:00
2073,142,235.19,2025-03-28 08:00:00
2074,313,254.49,2025-03-28 09:00:00
2075,165,45.38,2025-03-28 10:00:00
2076,314,345.37,2025-03-28 11:00:00
2077,21,256.58,2025-03-28 12:00:00
2078,82,384.92,2025-03-28 13:00:00
2079,581,247.79,2025-03-28 14:00:00
2080,131,83.2,2025-03-28 15:00:00
2081,599,327.65,2025-03-28 16:00:00
2082,730,94.47,2025-03-28 17:00:00
2083,305,437.47,2025-03-28 18:00:00
2084,371,310.43,2025-03-28 19:00:00
2085,384,87.03,2025-03-28 20:00:00
2086,445,481.55,2025-03-28 21:00:00
2087,425,264.0,2025-03-28 22:00:00
2088,161,45.72,2025-03-28 23:00:00
2089,178,317.15,2025-03-29 00:00:00
2090,629,134.07,2025-03-29 01:00:00
2091,708,403.81,2025-03-29 02:00:00
2092,490,410.73,2025-03-29 03:00:00
2093,327,489.68,2025-03-29 04:00:00
2094,598,255.92,2025-03-29 05:00:00
2095,289,232.93,2025-03-29 06:00:00
2096,593,379.2,2025-03-29 07:00:00
2097,664,74.91,2025-03-29 08:00:00
2098,573,277.99,2025-03-29 09:00:00
2099,573,277.66,2025-03-29 10:00:00
2100,354,53.84,2025-03-29 11:00:00
2101,28,214.81,2025-03-29 12:00:00
2102,43,428.11,2025-03-29 13:00:00
2103,681,429.52,2025-03-29 14:00:00
2104,423,58.63,2025-03-29 15:00:00
2105,598,54.45,2025-03-29 16:00:00
2106,177,138.72,2025-03-29 17:00:00
2107,529,438.64,2025-03-29 18:00:00
2108,610,73.16,2025-03-29 19:00:00
2109,494,362.8,2025-03-29 20:00:00
2110,198,59.57,2025-03-29 21:00:00
2111,610,315.34,2025-03-29 22:00:00
2112,577,184.47,2025-03-29 23:00:00
2113,517,396.57,2025-03-30 00:00:00
2114,514,124.51,2025-03-30 01:00:00
2115,22,323.21,2025-03-30 02:00:00
2116,112,125.48,2025-03-30 03:00:00
2117,57,359.69,2025-03-30 04:00:00
2118,66,438.1,2025-03-30 05:00:00
2119,98,72.13,2025-03-30 06:00:00
2120,144,434.63,2025-03-30 07:00:00
2121,435,300.85,2025-03-30 08:00:00
2122,637,72.28,2025-03-30 09:00:00
2123,679,219.5,2025-03-30 10:00:00
2124,86,88.82,2025-03-30 11:00:00
2125,588,353.17,2025-03-30 12:00:00
2126,344,381.85,2025-03-30 13:00:00
2127,294,61.84,2025-03-30 14:00:00
2128,571,258.01,2025-03-30 15:00:00
2129,650,409.17,2025-03-30 16:00:00
2130,611,468.72,2025-03-30 17:00:00
2131,704,261.62,2025-03-30 18:00:00
2132,243,475.64,2025-03-30 19:00:00
2133,561,272.49,2025-03-30 20:00:00
2134,32,203.15,2025-03-30 21:00:00
2135,391,425.62,2025-03-30 22:00:00
2136,277,251.56,2025-03-30 23:00:00
2137,532,241.23,2025-03-31 00:00:00
2138,154,250.25,2025-03-31 01:00:00
2139,383,424.92,2025-03-31 02:00:00
2140,68,417.65,2025-03-31 03:00:00
2141,214,207.72,2025-03-31 04:00:00
2142,655,173.32,2025-03-31 05:00:00
2143,376,251.04,2025-03-31 06:00:00
2144,744,290.66,2025-03-31 07:00:00
2145,213,126.79,2025-03-31 08:00:00
2146,79,399.04,2025-03-31 09:00:00
2147,726,248.38,2025-03-31 10:00:00
2148,628,173.68,2025-03-31 11:00:00
2149,604,62.34,2025-03-31 12:00:00
2150,782,127.03,2025-03-31 13:00:00
2151,381,475.15,2025-03-31 14:00:00
2152,680,159.5,2025-03-31 15:00:00
2153,58,92.74,2025-03-31 16:00:00
2154,796,235.73,2025-03-31 17:00:00
2155,26,160.47,2025-03-31 18:00:00
2156,447,27.23,2025-03-31 19:00:00
2157,66,168.34,2025-03-31 20:00:00
2158,760,276.61,2025-03-31 21:00:00
2159,254,280.34,2025-03-31 22:00:00
2160,44,184.71,2025-03-31 23:00:00
2161,97,229.18,2025-04-01 00:00:00
2162,554,483.1,2025-04-01 01:00:00
2163,227,194.9,2025-04-01 02:00:00
2164,774,136.53,2025-04-01 03:00:00
2165,679,129.3,2025-04-01 04:00:00
2166,436,234.3,2025-04-01 05:00:00
2167,791,382.16,2025-04-01 06:00:00
2168,601,110.93,2025-04-01 07:00:00
2169,379,357.56,2025-04-01 08:00:00
2170,178,20.36,2025-04-01 09:00:00
2171,427,215.28,2025-04-01 10:00:00
2172,709,390.17,2025-04-01 11:00:00
2173,307,175.98,2025-04-01 12:00:00
2174,779,286.23,2025-04-01 13:00:00
2175,504,110.44,2025-04-01 14:00:00
2176,268,373.58,2025-04-01 15:00:00
2177,586,35.62,2025-04-01 16:00:00
2178,8,427.75,2025-04-01 17:00:00
2179,508,107.12,2025-04-01 18:00:00
2180,476,438.46,2025-04-01 19:00:00
2181,297,182.74,2025-04-01 20:00:00
2182,164,364.11,2025-04-01 21:00:00
2183,485,166.42,2025-04-01 22:00:00
2184,597,453.9,2025-04-01 23:00:00
2185,72,72.05,2025-04-02 00:00:00
2186,567,97.47,2025-04-02 01:00:00
2187,559,251.58,2025-04-02 02:00:00
2188,238,50.15,2025-04-02 03:00:00
2189,104,106.03,2025-04-02 04:00:00
2190,210,472.45,2025-04-02 05:00:00
2191,554,488.48,2025-04-02 06:00:00
2192,468,194.37,2025-04-02 07:00:00
2193,454,462.41,2025-04-02 08:00:00
2194,268,276.96,2025-04-02 09:00:00
2195,386,142.17,2025-04-02 10:00:00
2196,775,354.18,2025-04-02 11:00:00
2197,387,332.86,2025-04-02 12:00:00
2198,259,494.67,2025-04-02 13:00:00
2199,283,139.87,2025-04-02 14:00:00
2200,626,339.31,2025-04-02 15:00:00
2201,40,35.49,2025-04-02 16:00:00
2202,486,65.69,2025-04-02 17:00:00
2203,220,11.92,2025-04-02 18:00:00
2204,129,499.74,2025-04-02 19:00:00
2205,520,403.11,2025-04-02 20:00:00
2206,613,395.49,2025-04-02 21:00:00
2207,688,259.77,2025-04-02 22:00:00
2208,619,157.03,2025-04-02 23:00:00
2209,613,84.12,2025-04-03 00:00:00
2210,260,149.49,2025-04-03 01:00:00
2211,366,194.23,2025-04-03 02:00:00
2212,758,380.59,2025-04-03 03:00:00
2213,787,274.43,2025-04-03 04:00:00
2214,544,47.97,2025-04-03 05:00:00
2215,649,18.83,2025-04-03 06:00:00
2216,524,60.14,2025-04-03 07:00:00
2217,16,211.14,2025-04-03 08:00:00
2218,129,467.26,2025-04-03 09:00:00
2219,575,322.33,2025-04-03 10:00:00
2220,109,402.89,2025-04-03 11:00:00
2221,533,238.52,2025-04-03 12:00:00
2222,670,187.22,2025-04-03 13:00:00
2223,269,63.12,2025-04-03 14:00:00
2224,162,439.21,2025-04-03 15:00:00
2225,260,393.75,2025-04-03 16:00:00
2226,102,92.38,2025-04-03 17:00:00
2227,506,261.01,2025-04-03 18:00:00
2228,735,248.81,2025-04-03 19:00:00
2229,571,316.29,2025-04-03 20:00:00
2230,247,473.63,2025-04-03 21:00:00
2231,640,294.09,2025-04-03 22:00:00
2232,795,274.71,2025-04-03 23:00:00
2233,537,34.66,2025-04-04 00:00:00
2234,131,40.82,2025-04-04 01:00:00
2235,353,101.8,2025-04-04 02:00:00
2236,196,25.91,2025-04-04 03:00:00
2237,793,374.24,2025-04-04 04:00:00
2238,666,364.43,2025-04-04 05:00:00
2239,382,76.67,2025-04-04 06:00:00
2240,645,419.68,2025-04-04 07:00:00
2241,227,85.85,2025-04-04 08:00:00
2242,701,157.58,2025-04-04 09:00:00
2243,476,132.0,2025-04-04 10:00:00
2244,477,192.43,2025-04-04 11:00:00
2245,265,134.79,2025-04-04 12:00:00
2246,372,249.59,2025-04-04 13:00:00
2247,486,209.63,2025-04-04 14:00:00
2248,434,493.42,2025-04-04 15:00:00
2249,646,37.4,2025-04-04 16:00:00
2250,211,79.67,2025-04-04 17:00:00
2251,572,35.88,2025-04-04 18:00:00
2252,377,316.66,2025-04-04 19:00:00
2253,395,36.71,2025-04-04 20:00:00
2254,450,419.86,2025-04-04 21:00:00
2255,364,260.85,2025-04-04 22:00:00
2256,457,268.23,2025-04-04 23:00:00
2257,725,285.18,2025-04-05 00:00:00
2258,728,93.7,2025-04-05 01:00:00
2259,226,106.87,2025-04-05 02:00:00
2260,131,166.22,2025-04-05 03:00:00
2261,588,300.81,2025-04-05 04:00:00
2262,476,112.96,2025-04-05 05:00:00
2263,798,67.0,2025-04-05 06:00:00
2264,277,485.36,2025-04-05 07:00:00
2265,156,20.77,2025-04-05 08:00:00
2266,760,403.32,2025-04-05 09:00:00
2267,218,396.14,2025-04-05 10:00:00
2268,190,155.63,2025-04-05 11:00:00
2269,417,76.46,2025-04-05 12:00:00
2270,675,81.36,2025-04-05 13:00:00
2271,692,351.74,2025-04-05 14:00:00
2272,546,324.98,2025-04-05 15:00:00
2273,41,393.55,2025-04-05 16:00:00
2274,307,469.37,2025-04-05 17:00:00
2275,338,349.04,2025-04-05 18:00:00
2276,314,86.37,2025-04-05 19:00:00
2277,75,129.29,2025-04-05 20:00:00
2278,279,422.67,2025-04-05 21:00:00
2279,176,112.56,2025-04-05 22:00:00
2280,662,45.54,2025-04-05 23:00:00
2281,273,354.61,2025-04-06 00:00:00
2282,620,207.24,2025-04-06 01:00:00
2283,651,460.82,2025-04-06 02:00:00
2284,783,328.62,2025-04-06 03:00:00
2285,289,54.31,2025-04-06 04:00:00
2286,724,474.45,2025-04-06 05:00:00
2287,272,136.69,2025-04-06 06:00:00
2288,66,175.23,2025-04-06 07:00:00
2289,483,207.11,2025-04-06 08:00:00
2290,248,35.1,2025-04-06 09:00:00
2291,156,253.29,2025-04-06 10:00:00
2292,47,70.43,2025-04-06 11:00:00
2293,454,206.48,2025-04-06 12:00:00
2294,201,181.85,2025-04-06 13:00:00
2295,660,388.69,2025-04-06 14:00:00
2296,124,403.55,2025-04-06 15:00:00
2297,1,85.17,2025-04-06 16:00:00
2298,759,189.61,2025-04-06 17:00:00
2299,640,192.94,2025-04-06 18:00:00
2300,191,84.19,2025-04-06 19:00:00
2301,579,401.24,2025-04-06 20:00:00
2302,516,356.54,2025-04-06 21:00:00
2303,442,103.29,2025-04-06 22:00:00
2304,143,189.69,2025-04-06 23:00:00
2305,191,61.84,2025-04-07 00:00:00
2306,533,317.82,2025-04-07 01:00:00
2307,227,69.47,2025-04-07 02:00:00
2308,313,493.11,2025-04-07 03:00:00
2309,629,392.53,2025-04-07 04:00:00
2310,302,201.22,2025-04-07 05:00:00
2311,654,293.5,2025-04-07 06:00:00
2312,460,456.56,2025-04-07 07:00:00
2313,401,281.51,2025-04-07 08:00:00
2314,551,95.5,2025-04-07 09:00:00
2315,393,195.56,2025-04-07 10:00:00
2316,764,423.14,2025-04-07 11:00:00
2317,207,325.66,2025-04-07 12:00:00
2318,210,328.85,2025-04-07 13:00:00
2319,115,434.74,2025-04-07 14:00:00
2320,737,448.05,2025-04-07 15:00:00
2321,646,460.7,2025-04-07 16:00:00
2322,251,56.48,2025-04-07 17:00:00
2323,219,276.62,2025-04-07 18:00:00
2324,407,372.85,2025-04-07 19:00:00
2325,443,380.89,2025-04-07 20:00:00
2326,603,307.29,2025-04-07 21:00:00
2327,354,91.73,2025-04-07 22:00:00
2328,558,400.74,2025-04-07 23:00:00
2329,550,362.85,2025-04-08 00:00:00
2330,142,52.21,2025-04-08 01:00:00
2331,612,237.27,2025-04-08 02:00:00
2332,501,95.25,2025-04-08 03:00:00
2333,702,175.36,2025-04-08 04:00:00
2334,547,18.86,2025-04-08 05:00:00
2335,659,206.16,2025-04-08 06:00:00
2336,542,279.44,2025-04-08 07:00:00
2337,507,313.6,2025-04-08 08:00:00
2338,596,335.11,2025-04-08 09:00:00
2339,281,419.78,2025-04-08 10:00:00
2340,424,115.58,2025-04-08 11:00:00
2341,270,69.04,2025-04-08 12:00:00
2342,154,427.25,2025-04-08 13:00:00
2343,614,86.74,2025-04-08 14:00:00
2344,727,487.63,2025-04-08 15:00:00
2345,662,422.84,2025-04-08 16:00:00
2346,83,255.43,2025-04-08 17:00:00
2347,622,490.9,2025-04-08 18:00:00
2348,426,57.71,2025-04-08 19:00:00
2349,275,158.5,2025-04-08 20:00:00
2350,713,322.73,2025-04-08 21:00:00
2351,284,181.5,2025-04-08 22:00:00
2352,173,464.9,2025-04-08 23:00:00
2353,327,42.16,2025-04-09 00:00:00
2354,718,279.21,2025-04-09 01:00:00
2355,63,299.52,2025-04-09 02:00:00
2356,73,329.84,2025-04-09 03:00:00
2357,763,135.28,2025-04-09 04:00:00
2358,636,188.64,2025-04-09 05:00:00
2359,375,423.4,2025-04-09 06:00:00
2360,633,105.52,2025-04-09 07:00:00
2361,508,415.17,2025-04-09 08:00:00
2362,787,285.7,2025-04-09 09:00:00
2363,398,383.47,2025-04-09 10:00:00
2364,120,359.67,2025-04-09 11:00:00
2365,437,111.68,2025-04-09 12:00:00
2366,676,288.72,2025-04-09 13:00:00
2367,465,435.18,2025-04-09 14:00:00
2368,286,221.74,2025-04-09 15:00:00
2369,265,483.63,2025-04-09 16:00:00
2370,320,231.59,2025-04-09 17:00:00
2371,673,79.96,2025-04-09 18:00:00
2372,376,200.82,2025-04-09 19:00:00
2373,89,476.33,2025-04-09 20:00:00
2374,654,166.66,2025-04-09 21:00:00
2375,203,435.37,2025-04-09 22:00:00
2376,739,441.81,2025-04-09 23:00:00
2377,334,181.59,2025-04-10 00:00:00
2378,222,50.8,2025-04-10 01:00:00
2379,41,365.03,2025-04-10 02:00:00
2380,708,162.64,2025-04-10 03:00:00
2381,68,393.63,2025-04-10 04:00:00
2382,776,226.9,2025-04-10 05:00:00
2383,514,247.78,2025-04-10 06:00:00
2384,637,391.18,2025-04-10 07:00:00
2385,622,197.36,2025-04-10 08:00:00
2386,598,227.13,2025-04-10 09:00:00
2387,632,194.33,2025-04-10 10:00:00
2388,127,190.0,2025-04-10 11:00:00
2389,255,267.71,2025-04-10 12:00:00
2390,695,406.31,2025-04-10 13:00:00
2391,16,187.27,2025-04-10 14:00:00
2392,477,266.88,2025-04-10 15:00:00
2393,62,338.66,2025-04-10 16:00:00
2394,432,142.03,2025-04-10 17:00:00
2395,670,145.99,2025-04-10 18:00:00
2396,268,467.37,2025-04-10 19:00:00
2397,35,364.53,2025-04-10 20:00:00
2398,779,292.82,2025-04-10 21:00:00
2399,576,327.38,2025-04-10 22:00:00
2400,494,24.36,2025-04-10 23:00:00
2401,562,312.87,2025-04-11 00:00:00
2402,469,259.66,2025-04-11 01:00:00
2403,767,277.42,2025-04-11 02:00:00
2404,661,186.12,2025-04-11 03:00:00
2405,325,49.92,2025-04-11 04:00:00
2406,304,104.74,2025-04-11 05:00:00
2407,276,475.86,2025-04-11 06:00:00
2408,684,210.26,2025-04-11 07:00:00
2409,201,238.67,2025-04-11 08:00:00
2410,445,35.83,2025-04-11 09:00:00
2411,324,28.41,2025-04-11 10:00:00
2412,35,361.42,2025-04-11 11:00:00
2413,482,273.67,2025-04-11 12:00:00
2414,728,259.27,2025-04-11 13:00:00
2415,480,129.13,2025-04-11 14:00:00
2416,65,374.93,2025-04-11 15:00:00
2417,8,92.44,2025-04-11 16:00:00
2418,301,103.07,2025-04-11 17:00:00
2419,343,235.75,2025-04-11 18:00:00
2420,431,150.28,2025-04-11 19:00:00
2421,424,131.26,2025-04-11 20:00:00
2422,332,326.17,2025-04-11 21:00:00
2423,438,328.98,2025-04-11 22:00:00
2424,588,414.01,2025-04-11 23:00:00
2425,174,214.68,2025-04-12 00:00:00
2426,559,45.81,2025-04-12 01:00:00
2427,527,144.1,2025-04-12 02:00:00
2428,659,490.2,2025-04-12 03:00:00
2429,26,302.17,2025-04-12 04:00:00
2430,605,357.77,2025-04-12 05:00:00
2431,406,13.61,2025-04-12 06:00:00
2432,232,263.92,2025-04-12 07:00:00
2433,533,28.39,2025-04-12 08:00:00
2434,550,288.92,2025-04-12 09:00:00
2435,788,461.18,2025-04-12 10:00:00
2436,505,484.53,2025-04-12 11:00:00
2437,669,274.87,2025-04-12 12:00:00
2438,179,234.52,2025-04-12 13:00:00
2439,132,473.06,2025-04-12 14:00:00
2440,455,340.07,2025-04-12 15:00:00
2441,348,41.8,2025-04-12 16:00:00
2442,540,238.21,2025-04-12 17:00:00
2443,772,127.72,2025-04-12 18:00:00
2444,406,240.2,2025-04-12 19:00:00
2445,76,233.18,2025-04-12 20:00:00
2446,579,295.25,2025-04-12 21:00:00
2447,492,184.82,2025-04-12 22:00:00
2448,194,90.49,2025-04-12 23:00:00
2449,162,256.82,2025-04-13 00:00:00
2450,347,416.8,2025-04-13 01:00:00
2451,361,335.37,2025-04-13 02:00:00
2452,769,175.8,2025-04-13 03:00:00
2453,584,468.41,2025-04-13 04:00:00
2454,87,456.98,2025-04-13 05:00:00
2455,262,112.58,2025-04-13 06:00:00
2456,214,29.31,2025-04-13 07:00:00
2457,665,373.24,2025-04-13 08:00:00
2458,722,415.53,2025-04-13 09:00:00
2459,573,484.25,2025-04-13 10:00:00
2460,780,446.02,2025-04-13 11:00:00
2461,262,304.26,2025-04-13 12:00:00
2462,730,269.73,2025-04-13 13:00:00
2463,283,23.64,2025-04-13 14:00:00
2464,648,130.86,2025-04-13 15:00:00
2465,467,235.21,2025-04-13 16:00:00
2466,380,317.97,2025-04-13 17:00:00
2467,362,283.05,2025-04-13 18:00:00
2468,449,373.89,2025-04-13 19:00:00
2469,441,147.09,2025-04-13 20:00:00
2470,93,286.83,2025-04-13 21:00:00
2471,621,53.19,2025-04-13 22:00:00
2472,753,212.7,2025-04-13 23:00:00
2473,424,377.58,2025-04-14 00:00:00
2474,142,349.77,2025-04-14 01:00:00
2475,291,495.41,2025-04-14 02:00:00
2476,432,146.17,2025-04-14 03:00:00
2477,749,254.11,2025-04-14 04:00:00
2478,689,171.47,2025-04-14 05:00:00
2479,653,225.9,2025-04-14 06:00:00
2480,701,429.91,2025-04-14 07:00:00
2481,49,345.26,2025-04-14 08:00:00
2482,302,442.4,2025-04-14 09:00:00
2483,190,109.72,2025-04-14 10:00:00
2484,136,437.95,2025-04-14 11:00:00
2485,555,39.28,2025-04-14 12:00:00
2486,404,445.41,2025-04-14 13:00:00
2487,602,171.25,2025-04-14 14:00:00
2488,341,164.15,2025-04-14 15:00:00
2489,757,260.92,2025-04-14 16:00:00
2490,704,470.94,2025-04-14 17:00:00
2491,318,33.41,2025-04-14 18:00:00
2492,618,182.59,2025-04-14 19:00:00
2493,363,429.72,2025-04-14 20:00:00
2494,382,204.07,2025-04-14 21:00:00
2495,233,107.59,2025-04-14 22:00:00
2496,777,218.15,2025-04-14 23:00:00
2497,344,198.92,2025-04-15 00:00:00
2498,549,458.55,2025-04-15 01:00:00
2499,553,383.35,2025-04-15 02:00:00
2500,529,257.51,2025-04-15 03:00:00
2501,789,494.3,2025-04-15 04:00:00
2502,571,237.99,2025-04-15 05:00:00
2503,183,38.54,2025-04-15 06:00:00
2504,41,138.51,2025-04-15 07:00:00
2505,551,223.67,2025-04-15 08:00:00
2506,397,86.88,2025-04-15 09:00:00
2507,704,474.31,2025-04-15 10:00:00
2508,779,385.76,2025-04-15 11:00:00
2509,494,141.46,2025-04-15 12:00:00
2510,659,299.49,2025-04-15 13:00:00
2511,333,363.51,2025-04-15 14:00:00
2512,127,471.23,2025-04-15 15:00:00
2513,558,442.0,2025-04-15 16:00:00
2514,557,262.44,2025-04-15 17:00:00
2515,1,389.58,2025-04-15 18:00:00
2516,168,285.45,2025-04-15 19:00:00
2517,620,280.82,2025-04-15 20:00:00
2518,19,66.22,2025-04-15 21:00:00
2519,332,71.81,2025-04-15 22:00:00
2520,584,269.47,2025-04-15 23:00:00
2521,456,141.74,2025-04-16 00:00:00
2522,109,20.31,2025-04-16 01:00:00
2523,268,364.19,2025-04-16 02:00:00
2524,445,25.92,2025-04-16 03:00:00
2525,240,301.69,2025-04-16 04:00:00
2526,301,274.2,2025-04-16 05:00:00
2527,602,484.72,2025-04-16 06:00:00
2528,103,247.26,2025-04-16 07:00:00
2529,250,41.16,2025-04-16 08:00:00
2530,453,280.33,2025-04-16 09:00:00
2531,520,422.14,2025-04-16 10:00:00
2532,153,498.46,2025-04-16 11:00:00
2533,174,220.87,2025-04-16 12:00:00
2534,343,166.95,2025-04-16 13:00:00
2535,670,454.26,2025-04-16 14:00:00
2536,431,103.71,2025-04-16 15:00:00
2537,727,311.56,2025-04-16 16:00:00
2538,689,208.8,2025-04-16 17:00:00
2539,687,30.13,2025-04-16 18:00:00
2540,658,180.17,2025-04-16 19:00:00
2541,324,139.96,2025-04-16 20:00:00
2542,673,346.18,2025-04-16 21:00:00
2543,639,474.91,2025-04-16 22:00:00
2544,420,141.34,2025-04-16 23:00:00
2545,594,407.62,2025-04-17 00:00:00
2546,485,37.13,2025-04-17 01:00:00
2547,659,273.68,2025-04-17 02:00:00
2548,751,44.57,2025-04-17 03:00:00
2549,412,467.68,2025-04-17 04:00:00
2550,84,385.51,2025-04-17 05:00:00
2551,113,332.4,2025-04-17 06:00:00
2552,737,413.71,2025-04-17 07:00:00
2553,332,327.28,2025-04-17 08:00:00
2554,378,484.78,2025-04-17 09:00:00
2555,755,359.84,2025-04-17 10:00:00
2556,655,463.08,2025-04-17 11:00:00
2557,41,263.39,2025-04-17 12:00:00
2558,770,67.36,2025-04-17 13:00:00
2559,797,268.81,2025-04-17 14:00:00
2560,105,72.17,2025-04-17 15:00:00
2561,202,300.32,2025-04-17 16:00:00
2562,450,246.42,2025-04-17 17:00:00
2563,266,315.06,2025-04-17 18:00:00
2564,210,14.92,2025-04-17 19:00:00
2565,563,105.47,2025-04-17 20:00:00
2566,118,250.75,2025-04-17 21:00:00
2567,713,475.75,2025-04-17 22:00:00
2568,377,197.97,2025-04-17 23:00:00
2569,551,217.94,2025-04-18 00:00:00
2570,540,360.2,2025-04-18 01:00:00
2571,771,305.86,2025-04-18 02:00:00
2572,84,156.47,2025-04-18 03:00:00
2573,454,211.3,2025-04-18 04:00:00
2574,667,116.67,2025-04-18 05:00:00
2575,629,483.35,2025-04-18 06:00:00
2576,514,74.01,2025-04-18 07:00:00
2577,605,192.2,2025-04-18 08:00:00
2578,678,22.66,2025-04-18 09:00:00
2579,387,118.67,2025-04-18 10:00:00
2580,350,392.43,2025-04-18 11:00:00
2581,296,108.58,2025-04-18 12:00:00
2582,258,49.23,2025-04-18 13:00:00
2583,81,242.48,2025-04-18 14:00:00
2584,268,14.88,2025-04-18 15:00:00
2585,419,51.54,2025-04-18 16:00:00
2586,235,405.74,2025-04-18 17:00:00
2587,311,388.02,2025-04-18 18:00:00
2588,357,458.42,2025-04-18 19:00:00
2589,213,428.71,2025-04-18 20:00:00
2590,574,344.76,2025-04-18 21:00:00
2591,49,35.64,2025-04-18 22:00:00
2592,127,393.6,2025-04-18 23:00:00
2593,223,424.3,2025-04-19 00:00:00
2594,279,401.55,2025-04-19 01:00:00
2595,408,259.15,2025-04-19 02:00:00
2596,505,124.12,2025-04-19 03:00:00
2597,294,424.21,2025-04-19 04:00:00
2598,796,366.31,2025-04-19 05:00:00
2599,277,490.57,2025-04-19 06:00:00
2600,438,86.29,2025-04-19 07:00:00
2601,107,120.58,2025-04-19 08:00:00
2602,658,113.78,2025-04-19 09:00:00
2603,420,398.34,2025-04-19 10:00:00
2604,611,101.58,2025-04-19 11:00:00
2605,429,42.66,2025-04-19 12:00:00
2606,375,499.29,2025-04-19 13:00:00
2607,73,22.16,2025-04-19 14:00:00
2608,634,419.27,2025-04-19 15:00:00
2609,30,189.03,2025-04-19 16:00:00
2610,188,422.39,2025-04-19 17:00:00
2611,364,281.76,2025-04-19 18:00:00
2612,800,451.8,2025-04-19 19:00:00
2613,451,463.83,2025-04-19 20:00:00
2614,195,14.46,2025-04-19 21:00:00
2615,156,46.95,2025-04-19 22:00:00
2616,172,132.68,2025-04-19 23:00:00
2617,41,337.96,2025-04-20 00:00:00
2618,63,445.25,2025-04-20 01:00:00
2619,23,235.37,2025-04-20 02:00:00
2620,360,307.42,2025-04-20 03:00:00
2621,75,102.36,2025-04-20 04:00:00
2622,560,404.43,2025-04-20 05:00:00
2623,672,483.99,2025-04-20 06:00:00
2624,118,141.61,2025-04-20 07:00:00
2625,612,252.46,2025-04-20 08:00:00
2626,380,52.2,2025-04-20 09:00:00
2627,679,283.98,2025-04-20 10:00:00
2628,290,256.36,2025-04-20 11:00:00
2629,440,80.77,2025-04-20 12:00:00
2630,668,226.61,2025-04-20 13:00:00
2631,7,173.71,2025-04-20 14:00:00
2632,196,265.7,2025-04-20 15:00:00
2633,421,296.97,2025-04-20 16:00:00
2634,568,14.16,2025-04-20 17:00:00
2635,193,382.89,2025-04-20 18:00:00
2636,559,359.38,2025-04-20 19:00:00
2637,148,189.48,2025-04-20 20:00:00
2638,787,35.94,2025-04-20 21:00:00
2639,669,379.92,2025-04-20 22:00:00
2640,202,478.04,2025-04-20 23:00:00
2641,444,127.67,2025-04-21 00:00:00
2642,419,168.53,2025-04-21 01:00:00
2643,427,100.07,2025-04-21 02:00:00
2644,479,292.7,2025-04-21 03:00:00
2645,475,85.87,2025-04-21 04:00:00
2646,126,184.54,2025-04-21 05:00:00
2647,395,351.54,2025-04-21 06:00:00
2648,576,284.46,2025-04-21 07:00:00
2649,325,199.37,2025-04-21 08:00:00
2650,392,215.92,2025-04-21 09:00:00
2651,688,285.43,2025-04-21 10:00:00
2652,628,12.87,2025-04-21 11:00:00
2653,440,48.47,2025-04-21 12:00:00
2654,204,441.82,2025-04-21 13:00:00
2655,486,48.16,2025-04-21 14:00:00
2656,31,356.33,2025-04-21 15:00:00
2657,388,460.82,2025-04-21 16:00:00
2658,625,142.63,2025-04-21 17:00:00
2659,434,191.54,2025-04-21 18:00:00
2660,376,288.77,2025-04-21 19:00:00
2661,344,442.04,2025-04-21 20:00:00
2662,443,471.53,2025-04-21 21:00:00
2663,579,372.39,2025-04-21 22:00:00
2664,75,52.44,2025-04-21 23:00:00
2665,557,337.89,2025-04-22 00:00:00
2666,772,211.05,2025-04-22 01:00:00
2667,666,240.64,2025-04-22 02:00:00
2668,155,34.08,2025-04-22 03:00:00
2669,430,103.62,2025-04-22 04:00:00
2670,363,397.35,2025-04-22 05:00:00
2671,448,232.44,2025-04-22 06:00:00
2672,234,157.81,2025-04-22 07:00:00
2673,563,198.17,2025-04-22 08:00:00
2674,262,428.66,2025-04-22 09:00:00
2675,125,377.01,2025-04-22 10:00:00
2676,245,143.43,2025-04-22 11:00:00
2677,542,67.58,2025-04-22 12:00:00
2678,485,133.48,2025-04-22 13:00:00
2679,122,461.17,2025-04-22 14:00:00
2680,125,294.98,2025-04-22 15:00:00
2681,549,271.41,2025-04-22 16:00:00
2682,170,302.23,2025-04-22 17:00:00
2683,124,189.35,2025-04-22 18:00:00
2684,35,405.48,2025-04-22 19:00:00
2685,87,266.41,2025-04-22 20:00:00
2686,646,67.21,2025-04-22 21:00:00
2687,708,73.24,2025-04-22 22:00:00
2688,786,273.06,2025-04-22 23:00:00
2689,201,468.92,2025-04-23 00:00:00
2690,369,161.09,2025-04-23 01:00:00
2691,797,436.08,2025-04-23 02:00:00
2692,77,384.41,2025-04-23 03:00:00
2693,59,131.43,2025-04-23 04:00:00
2694,431,27.81,2025-04-23 05:00:00
2695,638,59.91,2025-04-23 06:00:00
2696,500,366.96,2025-04-23 07:00:00
2697,109,107.84,2025-04-23 08:00:00
2698,736,191.92,2025-04-23 09:00:00
2699,278,255.83,2025-04-23 10:00:00
2700,68,365.48,2025-04-23 11:00:00
2701,69,65.48,2025-04-23 12:00:00
2702,165,209.12,2025-04-23 13:00:00
2703,489,247.69,2025-04-23 14:00:00
2704,305,275.01,2025-04-23 15:00:00
2705,674,411.0,2025-04-23 16:00:00
2706,365,94.12,2025-04-23 17:00:00
2707,379,405.84,2025-04-23 18:00:00
2708,343,349.51,2025-04-23 19:00:00
2709,554,282.38,2025-04-23 20:00:00
2710,354,352.77,2025-04-23 21:00:00
2711,416,211.89,2025-04-23 22:00:00
2712,109,77.81,2025-04-23 23:00:00
2713,563,336.22,2025-04-24 00:00:00
2714,762,267.09,2025-04-24 01:00:00
2715,497,323.29,2025-04-24 02:00:00
2716,341,175.62,2025-04-24 03:00:00
2717,383,454.36,2025-04-24 04:00:00
2718,533,297.81,2025-04-24 05:00:00
2719,300,51.85,2025-04-24 06:00:00
2720,139,230.4,2025-04-24 07:00:00
2721,359,380.61,2025-04-24 08:00:00
2722,499,399.13,2025-04-24 09:00:00
2723,385,252.35,2025-04-24 10:00:00
2724,604,448.43,2025-04-24 11:00:00
2725,280,141.16,2025-04-24 12:00:00
2726,637,211.19,2025-04-24 13:00:00
2727,483,450.31,2025-04-24 14:00:00
2728,111,449.17,2025-04-24 15:00:00
2729,139,346.0,2025-04-24 16:00:00
2730,435,430.9,2025-04-24 17:00:00
2731,509,53.5,2025-04-24 18:00:00
2732,273,433.85,2025-04-24 19:00:00
2733,99,167.1,2025-04-24 20:00:00
2734,764,97.38,2025-04-24 21:00:00
2735,104,127.29,2025-04-24 22:00:00
2736,214,214.8,2025-04-24 23:00:00
2737,761,133.08,2025-04-25 00:00:00
2738,664,167.08,2025-04-25 01:00:00
2739,762,76.14,2025-04-25 02:00:00
2740,787,155.13,2025-04-25 03:00:00
2741,165,290.42,2025-04-25 04:00:00
2742,520,226.51,2025-04-25 05:00:00
2743,284,179.89,2025-04-25 06:00:00
2744,517,375.76,2025-04-25 07:00:00
2745,657,447.82,2025-04-25 08:00:00
2746,613,380.83,2025-04-25 09:00:00
2747,164,172.68,2025-04-25 10:00:00
2748,659,374.78,2025-04-25 11:00:00
2749,64,84.47,2025-04-25 12:00:00
2750,91,73.86,2025-04-25 13:00:00
2751,117,179.36,2025-04-25 14:00:00
2752,267,405.77,2025-04-25 15:00:00
2753,685,130.71,2025-04-25 16:00:00
2754,559,40.99,2025-04-25 17:00:00
2755,140,74.54,2025-04-25 18:00:00
2756,246,430.79,2025-04-25 19:00:00
2757,661,320.55,2025-04-25 20:00:00
2758,758,134.07,2025-04-25 21:00:00
2759,395,282.09,2025-04-25 22:00:00
2760,487,268.51,2025-04-25 23:00:00
2761,476,331.16,2025-04-26 00:00:00
2762,517,124.26,2025-04-26 01:00:00
2763,184,433.56,2025-04-26 02:00:00
2764,20,161.59,2025-04-26 03:00:00
2765,558,350.12,2025-04-26 04:00:00
2766,524,17.9,2025-04-26 05:00:00
2767,582,192.6,2025-04-26 06:00:00
2768,529,182.34,2025-04-26 07:00:00
2769,147,276.31,2025-04-26 08:00:00
2770,666,45.64,2025-04-26 09:00:00
2771,304,397.16,2025-04-26 10:00:00
2772,620,116.71,2025-04-26 11:00:00
2773,748,341.75,2025-04-26 12:00:00
2774,582,403.57,2025-04-26 13:00:00
2775,695,285.32,2025-04-26 14:00:00
2776,762,373.03,2025-04-26 15:00:00
2777,228,334.31,2025-04-26 16:00:00
2778,102,184.21,2025-04-26 17:00:00
2779,587,406.34,2025-04-26 18:00:00
2780,417,154.4,2025-04-26 19:00:00
2781,216,289.89,2025-04-26 20:00:00
2782,407,375.24,2025-04-26 21:00:00
2783,399,195.69,2025-04-26 22:00:00
2784,715,158.36,2025-04-26 23:00:00
2785,704,235.08,2025-04-27 00:00:00
2786,761,410.8,2025-04-27 01:00:00
2787,499,465.66,2025-04-27 02:00:00
2788,754,277.09,2025-04-27 03:00:00
2789,465,334.12,2025-04-27 04:00:00
2790,691,452.6,2025-04-27 05:00:00
2791,731,58.29,2025-04-27 06:00:00
2792,82,123.72,2025-04-27 07:00:00
2793,604,357.36,2025-04-27 08:00:00
2794,687,413.63,2025-04-27 09:00:00
2795,751,429.94,2025-04-27 10:00:00
2796,772,213.4,2025-04-27 11:00:00
2797,365,53.78,2025-04-27 12:00:00
2798,163,224.51,2025-04-27 13:00:00
2799,48,123.06,2025-04-27 14:00:00
2800,511,152.69,2025-04-27 15:00:00
2801,329,388.41,2025-04-27 16:00:00
2802,116,47.01,2025-04-27 17:00:00
2803,337,415.51,2025-04-27 18:00:00
2804,737,219.56,2025-04-27 19:00:00
2805,147,302.07,2025-04-27 20:00:00
2806,575,53.93,2025-04-27 21:00:00
2807,323,175.31,2025-04-27 22:00:00
2808,443,53.95,2025-04-27 23:00:00
2809,13,481.16,2025-04-28 00:00:00
2810,494,405.56,2025-04-28 01:00:00
2811,701,235.22,2025-04-28 02:00:00
2812,287,119.57,2025-04-28 03:00:00
2813,720,467.39,2025-04-28 04:00:00
2814,114,178.85,2025-04-28 05:00:00
2815,480,88.88,2025-04-28 06:00:00
2816,22,285.95,2025-04-28 07:00:00
2817,349,472.45,2025-04-28 08:00:00
2818,726,11.88,2025-04-28 09:00:00
2819,683,126.68,2025-04-28 10:00:00
2820,566,469.84,2025-04-28 11:00:00
2821,320,93.83,2025-04-28 12:00:00
2822,126,65.49,2025-04-28 13:00:00
2823,277,289.39,2025-04-28 14:00:00
2824,204,432.3,2025-04-28 15:00:00
2825,194,243.78,2025-04-28 16:00:00
2826,681,497.34,2025-04-28 17:00:00
2827,664,342.79,2025-04-28 18:00:00
2828,547,46.3,2025-04-28 19:00:00
2829,696,496.49,2025-04-28 20:00:00
2830,286,209.87,2025-04-28 21:00:00
2831,57,150.83,2025-04-28 22:00:00
2832,734,283.36,2025-04-28 23:00:00
2833,303,159.11,2025-04-29 00:00:00
2834,163,52.36,2025-04-29 01:00:00
2835,19,10.7,2025-04-29 02:00:00
2836,370,230.3,2025-04-29 03:00:00
2837,264,420.06,2025-04-29 04:00:00
2838,794,290.43,2025-04-29 05:00:00
2839,113,499.61,2025-04-29 06:00:00
2840,488,150.55,2025-04-29 07:00:00
2841,327,147.42,2025-04-29 08:00:00
2842,542,88.28,2025-04-29 09:00:00
2843,647,90.39,2025-04-29 10:00:00
2844,579,149.74,2025-04-29 11:00:00
2845,65,398.49,2025-04-29 12:00:00
2846,292,453.82,2025-04-29 13:00:00
2847,25,487.79,2025-04-29 14:00:00
2848,549,123.82,2025-04-29 15:00:00
2849,1,441.84,2025-04-29 16:00:00
2850,549,170.84,2025-04-29 17:00:00
2851,141,65.29,2025-04-29 18:00:00
2852,744,436.31,2025-04-29 19:00:00
2853,648,321.69,2025-04-29 20:00:00
2854,188,90.72,2025-04-29 21:00:00
2855,128,220.62,2025-04-29 22:00:00
2856,201,150.76,2025-04-29 23:00:00
2857,127,371.03,2025-04-30 00:00:00
2858,257,232.17,2025-04-30 01:00:00
2859,676,494.75,2025-04-30 02:00:00
2860,547,36.83,2025-04-30 03:00:00
2861,194,183.96,2025-04-30 04:00:00
2862,703,246.13,2025-04-30 05:00:00
2863,104,256.54,2025-04-30 06:00:00
2864,535,164.81,2025-04-30 07:00:00
2865,265,367.33,2025-04-30 08:00:00
2866,384,438.63,2025-04-30 09:00:00
2867,260,469.97,2025-04-30 10:00:00
2868,414,404.5,2025-04-30 11:00:00
2869,358,426.78,2025-04-30 12:00:00
2870,75,279.77,2025-04-30 13:00:00
2871,355,414.69,2025-04-30 14:00:00
2872,584,158.72,2025-04-30 15:00:00
2873,771,205.25,2025-04-30 16:00:00
2874,188,165.29,2025-04-30 17:00:00
2875,685,239.02,2025-04-30 18:00:00
2876,290,149.93,2025-04-30 19:00:00
2877,45,481.19,2025-04-30 20:00:00
2878,573,163.29,2025-04-30 21:00:00
2879,83,58.04,2025-04-30 22:00:00
2880,123,268.14,2025-04-30 23:00:00
2881,358,37.98,2025-05-01 00:00:00
2882,528,64.17,2025-05-01 01:00:00
2883,66,117.5,2025-05-01 02:00:00
2884,657,237.53,2025-05-01 03:00:00
2885,375,222.29,2025-05-01 04:00:00
2886,162,401.85,2025-05-01 05:00:00
2887,746,372.34,2025-05-01 06:00:00
2888,380,218.9,2025-05-01 07:00:00
2889,656,173.52,2025-05-01 08:00:00
2890,358,165.07,2025-05-01 09:00:00
2891,188,389.26,2025-05-01 10:00:00
2892,322,35.52,2025-05-01 11:00:00
2893,450,16.28,2025-05-01 12:00:00
2894,474,399.82,2025-05-01 13:00:00
2895,13,243.8,2025-05-01 14:00:00
2896,184,74.13,2025-05-01 15:00:00
2897,111,125.43,2025-05-01 16:00:00
2898,508,466.93,2025-05-01 17:00:00
2899,290,431.16,2025-05-01 18:00:00
2900,295,357.79,2025-05-01 19:00:00
2901,451,246.29,2025-05-01 20:00:00
2902,215,264.96,2025-05-01 21:00:00
2903,632,487.87,2025-05-01 22:00:00
2904,567,483.23,2025-05-01 23:00:00
2905,27,115.48,2025-05-02 00:00:00
2906,630,407.44,2025-05-02 01:00:00
2907,733,106.65,2025-05-02 02:00:00
2908,231,114.63,2025-05-02 03:00:00
2909,565,341.29,2025-05-02 04:00:00
2910,321,208.45,2025-05-02 05:00:00
2911,233,466.46,2025-05-02 06:00:00
2912,670,53.61,2025-05-02 07:00:00
2913,437,260.65,2025-05-02 08:00:00
2914,781,460.08,2025-05-02 09:00:00
2915,533,453.02,2025-05-02 10:00:00
2916,403,86.7,2025-05-02 11:00:00
2917,53,189.65,2025-05-02 12:00:00
2918,787,313.37,2025-05-02 13:00:00
2919,313,88.1,2025-05-02 14:00:00
2920,281,484.33,2025-05-02 15:00:00
2921,726,458.23,2025-05-02 16:00:00
2922,31,91.81,2025-05-02 17:00:00
2923,337,69.37,2025-05-02 18:00:00
2924,183,51.85,2025-05-02 19:00:00
2925,23,455.63,2025-05-02 20:00:00
2926,544,104.88,2025-05-02 21:00:00
2927,446,213.98,2025-05-02 22:00:00
2928,74,229.94,2025-05-02 23:00:00
2929,10,303.52,2025-05-03 00:00:00
2930,484,45.15,2025-05-03 01:00:00
2931,456,121.11,2025-05-03 02:00:00
2932,566,466.43,2025-05-03 03:00:00
2933,564,455.12,2025-05-03 04:00:00
2934,660,392.83,2025-05-03 05:00:00
2935,160,19.51,2025-05-03 06:00:00
2936,14,170.23,2025-05-03 07:00:00
2937,178,317.7,2025-05-03 08:00:00
2938,412,144.84,2025-05-03 09:00:00
2939,53,455.7,2025-05-03 10:00:00
2940,408,320.61,2025-05-03 11:00:00
2941,22,45.23,2025-05-03 12:00:00
2942,30,455.41,2025-05-03 13:00:00
2943,703,479.31,2025-05-03 14:00:00
2944,260,48.08,2025-05-03 15:00:00
2945,205,270.86,2025-05-03 16:00:00
2946,59,158.65,2025-05-03 17:00:00
2947,471,202.49,2025-05-03 18:00:00
2948,776,98.03,2025-05-03 19:00:00
2949,466,293.26,2025-05-03 20:00:00
2950,12,479.41,2025-05-03 21:00:00
2951,631,256.51,2025-05-03 22:00:00
2952,290,50.63,2025-05-03 23:00:00
2953,760,313.8,2025-05-04 00:00:00
2954,354,176.71,2025-05-04 01:00:00
2955,639,429.4,2025-05-04 02:00:00
2956,75,222.99,2025-05-04 03:00:00
2957,716,104.49,2025-05-04 04:00:00
2958,561,103.64,2025-05-04 05:00:00
2959,591,386.69,2025-05-04 06:00:00
2960,441,140.14,2025-05-04 07:00:00
2961,241,385.94,2025-05-04 08:00:00
2962,154,110.88,2025-05-04 09:00:00
2963,786,167.63,2025-05-04 10:00:00
2964,96,238.09,2025-05-04 11:00:00
2965,726,472.17,2025-05-04 12:00:00
2966,294,466.55,2025-05-04 13:00:00
2967,209,111.37,2025-05-04 14:00:00
2968,343,185.53,2025-05-04 15:00:00
2969,88,83.21,2025-05-04 16:00:00
2970,776,259.89,2025-05-04 17:00:00
2971,390,235.69,2025-05-04 18:00:00
2972,325,451.37,2025-05-04 19:00:00
2973,157,465.7,2025-05-04 20:00:00
2974,668,197.95,2025-05-04 21:00:00
2975,651,250.95,2025-05-04 22:00:00
2976,633,449.16,2025-05-04 23:00:00
2977,577,405.29,2025-05-05 00:00:00
2978,619,11.79,2025-05-05 01:00:00
2979,659,166.83,2025-05-05 02:00:00
2980,137,216.67,2025-05-05 03:00:00
2981,674,122.56,2025-05-05 04:00:00
2982,428,107.79,2025-05-05 05:00:00
2983,452,28.51,2025-05-05 06:00:00
2984,612,325.25,2025-05-05 07:00:00
2985,141,138.63,2025-05-05 08:00:00
2986,83,35.65,2025-05-05 09:00:00
2987,177,123.18,2025-05-05 10:00:00
2988,198,402.94,2025-05-05 11:00:00
2989,624,427.23,2025-05-05 12:00:00
2990,568,246.7,2025-05-05 13:00:00
2991,691,213.87,2025-05-05 14:00:00
2992,421,489.15,2025-05-05 15:00:00
2993,401,108.28,2025-05-05 16:00:00
2994,698,115.53,2025-05-05 17:00:00
2995,471,153.01,2025-05-05 18:00:00
2996,218,94.65,2025-05-05 19:00:00
2997,729,195.89,2025-05-05 20:00:00
2998,632,456.31,2025-05-05 21:00:00
2999,175,311.52,2025-05-05 22:00:00
3000,23,211.85,2025-05-05 23:00:00
3001,725,467.86,2025-05-06 00:00:00
3002,235,33.75,2025-05-06 01:00:00
3003,13,113.04,2025-05-06 02:00:00
3004,101,287.29,2025-05-06 03:00:00
3005,536,311.62,2025-05-06 04:00:00
3006,523,29.38,2025-05-06 05:00:00
3007,785,207.49,2025-05-06 06:00:00
3008,452,328.09,2025-05-06 07:00:00
3009,431,352.05,2025-05-06 08:00:00
3010,793,322.69,2025-05-06 09:00:00
3011,606,167.08,2025-05-06 10:00:00
3012,713,55.82,2025-05-06 11:00:00
3013,533,219.29,2025-05-06 12:00:00
3014,723,73.09,2025-05-06 13:00:00
3015,652,474.34,2025-05-06 14:00:00
3016,293,242.83,2025-05-06 15:00:00
3017,101,165.46,2025-05-06 16:00:00
3018,502,385.49,2025-05-06 17:00:00
3019,304,253.99,2025-05-06 18:00:00
3020,540,161.92,2025-05-06 19:00:00
3021,553,407.86,2025-05-06 20:00:00
3022,355,434.9,2025-05-06 21:00:00
3023,303,339.77,2025-05-06 22:00:00
3024,496,33.01,2025-05-06 23:00:00
3025,658,287.5,2025-05-07 00:00:00
3026,768,384.01,2025-05-07 01:00:00
3027,227,76.89,2025-05-07 02:00:00
3028,236,122.05,2025-05-07 03:00:00
3029,455,442.42,2025-05-07 04:00:00
3030,13,19.86,2025-05-07 05:00:00
3031,210,378.84,2025-05-07 06:00:00
3032,741,242.15,2025-05-07 07:00:00
3033,397,228.92,2025-05-07 08:00:00
3034,100,13.48,2025-05-07 09:00:00
3035,31,411.51,2025-05-07 10:00:00
3036,528,186.31,2025-05-07 11:00:00
3037,649,274.98,2025-05-07 12:00:00
3038,329,341.88,2025-05-07 13:00:00
3039,166,354.29,2025-05-07 14:00:00
3040,459,478.43,2025-05-07 15:00:00
3041,100,270.36,2025-05-07 16:00:00
3042,621,205.86,2025-05-07 17:00:00
3043,173,477.31,2025-05-07 18:00:00
3044,749,324.63,2025-05-07 19:00:00
3045,162,156.09,2025-05-07 20:00:00
3046,728,71.97,2025-05-07 21:00:00
3047,776,422.85,2025-05-07 22:00:00
3048,263,187.47,2025-05-07 23:00:00
3049,274,333.63,2025-05-08 00:00:00
3050,3,240.7,2025-05-08 01:00:00
3051,28,107.48,2025-05-08 02:00:00
3052,326,304.83,2025-05-08 03:00:00
3053,149,39.73,2025-05-08 04:00:00
3054,540,212.54,2025-05-08 05:00:00
3055,488,277.84,2025-05-08 06:00:00
3056,438,223.66,2025-05-08 07:00:00
3057,65,376.85,2025-05-08 08:00:00
3058,356,415.68,2025-05-08 09:00:00
3059,533,387.91,2025-05-08 10:00:00
3060,252,29.02,2025-05-08 11:00:00
3061,235,105.12,2025-05-08 12:00:00
3062,227,272.94,2025-05-08 13:00:00
3063,525,468.06,2025-05-08 14:00:00
3064,313,419.13,2025-05-08 15:00:00
3065,49,422.84,2025-05-08 16:00:00
3066,118,158.57,2025-05-08 17:00:00
3067,54,220.43,2025-05-08 18:00:00
3068,650,240.65,2025-05-08 19:00:00
3069,565,87.11,2025-05-08 20:00:00
3070,44,25.22,2025-05-08 21:00:00
3071,53,473.98,2025-05-08 22:00:00
3072,586,127.95,2025-05-08 23:00:00
3073,558,127.57,2025-05-09 00:00:00
3074,525,50.86,2025-05-09 01:00:00
3075,677,464.97,2025-05-09 02:00:00
3076,102,294.07,2025-05-09 03:00:00
3077,792,336.85,2025-05-09 04:00:00
3078,770,456.67,2025-05-09 05:00:00
3079,398,179.35,2025-05-09 06:00:00
3080,138,314.54,2025-05-09 07:00:00
3081,675,29.01,2025-05-09 08:00:00
3082,387,101.52,2025-05-09 09:00:00
3083,111,417.31,2025-05-09 10:00:00
3084,614,385.72,2025-05-09 11:00:00
3085,17,181.81,2025-05-09 12:00:00
3086,780,194.64,2025-05-09 13:00:00
3087,182,271.44,2025-05-09 14:00:00
3088,536,10.12,2025-05-09 15:00:00
3089,541,128.21,2025-05-09 16:00:00
3090,171,112.03,2025-05-09 17:00:00
3091,409,132.74,2025-05-09 18:00:00
3092,740,404.89,2025-05-09 19:00:00
3093,378,147.04,2025-05-09 20:00:00
3094,188,103.85,2025-05-09 21:00:00
3095,230,257.09,2025-05-09 22:00:00
3096,119,434.17,2025-05-09 23:00:00
3097,156,128.26,2025-05-10 00:00:00
3098,784,48.48,2025-05-10 01:00:00
3099,687,184.64,2025-05-10 02:00:00
3100,465,376.35,2025-05-10 03:00:00
3101,104,279.84,2025-05-10 04:00:00
3102,604,410.23,2025-05-10 05:00:00
3103,698,480.2,2025-05-10 06:00:00
3104,795,398.4,2025-05-10 07:00:00
3105,502,305.86,2025-05-10 08:00:00
3106,693,251.74,2025-05-10 09:00:00
3107,682,29.63,2025-05-10 10:00:00
3108,699,492.32,2025-05-10 11:00:00
3109,175,197.91,2025-05-10 12:00:00
3110,734,84.59,2025-05-10 13:00:00
3111,745,336.69,2025-05-10 14:00:00
3112,674,149.3,2025-05-10 15:00:00
3113,421,297.03,2025-05-10 16:00:00
3114,134,297.52,2025-05-10 17:00:00
3115,391,228.41,2025-05-10 18:00:00
3116,736,419.7,2025-05-10 19:00:00
3117,501,139.83,2025-05-10 20:00:00
3118,665,229.83,2025-05-10 21:00:00
3119,33,273.47,2025-05-10 22:00:00
3120,55,335.18,2025-05-10 23:00:00
3121,519,394.15,2025-05-11 00:00:00
3122,756,203.46,2025-05-11 01:00:00
3123,638,326.56,2025-05-11 02:00:00
3124,12,83.8,2025-05-11 03:00:00
3125,528,467.0,2025-05-11 04:00:00
3126,720,197.7,2025-05-11 05:00:00
3127,555,367.47,2025-05-11 06:00:00
3128,373,19.97,2025-05-11 07:00:00
3129,484,110.54,2025-05-11 08:00:00
3130,647,248.67,2025-05-11 09:00:00
3131,228,440.34,2025-05-11 10:00:00
3132,623,268.36,2025-05-11 11:00:00
3133,307,465.64,2025-05-11 12:00:00
3134,457,247.06,2025-05-11 13:00:00
3135,160,250.32,2025-05-11 14:00:00
3136,331,68.68,2025-05-11 15:00:00
3137,776,403.3,2025-05-11 16:00:00
3138,225,131.01,2025-05-11 17:00:00
3139,729,450.81,2025-05-11 18:00:00
3140,504,456.3,2025-05-11 19:00:00
3141,456,472.22,2025-05-11 20:00:00
3142,45,264.91,2025-05-11 21:00:00
3143,214,341.78,2025-05-11 22:00:00
3144,59,391.47,2025-05-11 23:00:00
3145,644,74.2,2025-05-12 00:00:00
3146,616,304.47,2025-05-12 01:00:00
3147,195,26.81,2025-05-12 02:00:00
3148,489,253.81,2025-05-12 03:00:00
3149,157,85.87,2025-05-12 04:00:00
3150,610,99.63,2025-05-12 05:00:00
3151,226,188.87,2025-05-12 06:00:00
3152,412,221.89,2025-05-12 07:00:00
3153,205,315.35,2025-05-12 08:00:00
3154,79,46.47,2025-05-12 09:00:00
3155,124,256.81,2025-05-12 10:00:00
3156,471,99.49,2025-05-12 11:00:00
3157,218,291.25,2025-05-12 12:00:00
3158,516,322.33,2025-05-12 13:00:00
3159,602,282.79,2025-05-12 14:00:00
3160,104,371.76,2025-05-12 15:00:00
3161,393,174.45,2025-05-12 16:00:00
3162,631,384.9,2025-05-12 17:00:00
3163,645,222.06,2025-05-12 18:00:00
3164,608,247.25,2025-05-12 19:00:00
3165,434,327.57,2025-05-12 20:00:00
3166,331,19.0,2025-05-12 21:00:00
3167,143,330.46,2025-05-12 22:00:00
3168,800,313.11,2025-05-12 23:00:00
3169,540,161.83,2025-05-13 00:00:00
3170,278,52.04,2025-05-13 01:00:00
3171,233,54.56,2025-05-13 02:00:00
3172,529,462.38,2025-05-13 03:00:00
3173,571,347.75,2025-05-13 04:00:00
3174,90,72.28,2025-05-13 05:00:00
3175,492,184.79,2025-05-13 06:00:00
3176,199,300.32,2025-05-13 07:00:00
3177,362,419.43,2025-05-13 08:00:00
3178,441,31.39,2025-05-13 09:00:00
3179,26,125.95,2025-05-13 10:00:00
3180,25,445.98,2025-05-13 11:00:00
3181,394,14.49,2025-05-13 12:00:00
3182,507,108.69,2025-05-13 13:00:00
3183,301,479.92,2025-05-13 14:00:00
3184,339,310.57,2025-05-13 15:00:00
3185,267,138.22,2025-05-13 16:00:00
3186,461,42.83,2025-05-13 17:00:00
3187,693,23.81,2025-05-13 18:00:00
3188,456,129.93,2025-05-13 19:00:00
3189,360,441.93,2025-05-13 20:00:00
3190,68,213.8,2025-05-13 21:00:00
3191,412,362.96,2025-05-13 22:00:00
3192,491,459.96,2025-05-13 23:00:00
3193,49,209.94,2025-05-14 00:00:00
3194,687,103.73,2025-05-14 01:00:00
3195,564,263.39,2025-05-14 02:00:00
3196,102,454.96,2025-05-14 03:00:00
3197,216,404.14,2025-05-14 04:00:00
3198,438,42.26,2025-05-14 05:00:00
3199,700,349.36,2025-05-14 06:00:00
3200,569,290.23,2025-05-14 07:00:00
3201,559,454.66,2025-05-14 08:00:00
3202,159,70.02,2025-05-14 09:00:00
3203,489,271.68,2025-05-14 10:00:00
3204,686,440.94,2025-05-14 11:00:00
3205,242,210.91,2025-05-14 12:00:00
3206,794,246.18,2025-05-14 13:00:00
3207,753,44.53,2025-05-14 14:00:00
3208,5,146.29,2025-05-14 15:00:00
3209,596,169.01,2025-05-14 16:00:00
3210,361,473.11,2025-05-14 17:00:00
3211,459,148.51,2025-05-14 18:00:00
3212,248,235.83,2025-05-14 19:00:00
3213,566,338.94,2025-05-14 20:00:00
3214,673,89.47,2025-05-14 21:00:00
3215,422,248.36,2025-05-14 22:00:00
3216,738,371.88,2025-05-14 23:00:00
3217,15,434.76,2025-05-15 00:00:00
3218,736,316.87,2025-05-15 01:00:00
3219,573,337.84,2025-05-15 02:00:00
3220,122,71.88,2025-05-15 03:00:00
3221,277,473.43,2025-05-15 04:00:00
3222,558,74.96,2025-05-15 05:00:00
3223,453,389.59,2025-05-15 06:00:00
3224,390,139.76,2025-05-15 07:00:00
3225,294,467.46,2025-05-15 08:00:00
3226,574,362.78,2025-05-15 09:00:00
3227,598,379.37,2025-05-15 10:00:00
3228,446,117.34,2025-05-15 11:00:00
3229,210,227.09,2025-05-15 12:00:00
3230,590,312.73,2025-05-15 13:00:00
3231,714,387.29,2025-05-15 14:00:00
3232,302,60.94,2025-05-15 15:00:00
3233,223,481.56,2025-05-15 16:00:00
3234,734,446.21,2025-05-15 17:00:00
3235,3,142.47,2025-05-15 18:00:00
3236,518,413.15,2025-05-15 19:00:00
3237,93,263.98,2025-05-15 20:00:00
3238,520,236.29,2025-05-15 21:00:00
3239,428,164.07,2025-05-15 22:00:00
3240,493,294.67,2025-05-15 23:00:00
3241,235,367.65,2025-05-16 00:00:00
3242,620,211.36,2025-05-16 01:00:00
3243,161,318.32,2025-05-16 02:00:00
3244,721,352.66,2025-05-16 03:00:00
3245,752,358.45,2025-05-16 04:00:00
3246,331,35.46,2025-05-16 05:00:00
3247,333,431.28,2025-05-16 06:00:00
3248,50,234.54,2025-05-16 07:00:00
3249,523,138.58,2025-05-16 08:00:00
3250,668,128.46,2025-05-16 09:00:00
3251,492,246.68,2025-05-16 10:00:00
3252,582,444.55,2025-05-16 11:00:00
3253,681,195.39,2025-05-16 12:00:00
3254,272,377.37,2025-05-16 13:00:00
3255,580,57.44,2025-05-16 14:00:00
3256,252,243.27,2025-05-16 15:00:00
3257,560,495.93,2025-05-16 16:00:00
3258,696,387.51,2025-05-16 17:00:00
3259,699,113.16,2025-05-16 18:00:00
3260,90,255.71,2025-05-16 19:00:00
3261,446,124.48,2025-05-16 20:00:00
3262,332,210.68,2025-05-16 21:00:00
3263,139,392.24,2025-05-16 22:00:00
3264,357,387.9,2025-05-16 23:00:00
3265,601,121.77,2025-05-17 00:00:00
3266,274,461.89,2025-05-17 01:00:00
3267,19,300.36,2025-05-17 02:00:00
3268,311,196.16,2025-05-17 03:00:00
3269,154,255.95,2025-05-17 04:00:00
3270,390,306.48,2025-05-17 05:00:00
3271,260,284.35,2025-05-17 06:00:00
3272,620,248.34,2025-05-17 07:00:00
3273,797,257.42,2025-05-17 08:00:00
3274,571,96.44,2025-05-17 09:00:00
3275,125,408.24,2025-05-17 10:00:00
3276,354,275.46,2025-05-17 11:00:00
3277,273,74.23,2025-05-17 12:00:00
3278,619,385.42,2025-05-17 13:00:00
3279,245,466.9,2025-05-17 14:00:00
3280,450,474.18,2025-05-17 15:00:00
3281,247,190.82,2025-05-17 16:00:00
3282,520,76.4,2025-05-17 17:00:00
3283,141,264.02,2025-05-17 18:00:00
3284,362,65.18,2025-05-17 19:00:00
3285,8,467.65,2025-05-17 20:00:00
3286,478,99.95,2025-05-17 21:00:00
3287,352,133.86,2025-05-17 22:00:00
3288,495,209.25,2025-05-17 23:00:00
3289,606,197.75,2025-05-18 00:00:00
3290,427,399.38,2025-05-18 01:00:00
3291,39,233.6,2025-05-18 02:00:00
3292,593,93.68,2025-05-18 03:00:00
3293,187,140.93,2025-05-18 04:00:00
3294,596,259.47,2025-05-18 05:00:00
3295,600,82.25,2025-05-18 06:00:00
3296,754,309.71,2025-05-18 07:00:00
3297,93,287.22,2025-05-18 08:00:00
3298,86,360.2,2025-05-18 09:00:00
3299,44,469.48,2025-05-18 10:00:00
3300,137,457.0,2025-05-18 11:00:00
3301,421,473.58,2025-05-18 12:00:00
3302,74,129.91,2025-05-18 13:00:00
3303,548,74.47,2025-05-18 14:00:00
3304,613,158.12,2025-05-18 15:00:00
3305,512,448.59,2025-05-18 16:00:00
3306,156,486.31,2025-05-18 17:00:00
3307,255,431.07,2025-05-18 18:00:00
3308,171,63.91,2025-05-18 19:00:00
3309,728,474.24,2025-05-18 20:00:00
3310,170,217.45,2025-05-18 21:00:00
3311,764,14.56,2025-05-18 22:00:00
3312,322,226.77,2025-05-18 23:00:00
3313,567,32.57,2025-05-19 00:00:00
3314,456,276.5,2025-05-19 01:00:00
3315,603,175.89,2025-05-19 02:00:00
3316,790,241.98,2025-05-19 03:00:00
3317,613,310.45,2025-05-19 04:00:00
3318,155,435.71,2025-05-19 05:00:00
3319,349,334.33,2025-05-19 06:00:00
3320,451,222.68,2025-05-19 07:00:00
3321,653,411.52,2025-05-19 08:00:00
3322,173,453.74,2025-05-19 09:00:00
3323,10,68.68,2025-05-19 10:00:00
3324,740,270.65,2025-05-19 11:00:00
3325,265,149.41,2025-05-19 12:00:00
3326,438,33.06,2025-05-19 13:00:00
3327,760,337.59,2025-05-19 14:00:00
3328,247,432.76,2025-05-19 15:00:00
3329,667,89.82,2025-05-19 16:00:00
3330,546,408.08,2025-05-19 17:00:00
3331,499,428.16,2025-05-19 18:00:00
3332,129,458.03,2025-05-19 19:00:00
3333,672,139.99,2025-05-19 20:00:00
3334,601,452.94,2025-05-19 21:00:00
3335,605,167.12,2025-05-19 22:00:00
3336,327,280.65,2025-05-19 23:00:00
3337,753,34.75,2025-05-20 00:00:00
3338,404,31.5,2025-05-20 01:00:00
3339,629,362.98,2025-05-20 02:00:00
3340,606,227.8,2025-05-20 03:00:00
3341,675,135.58,2025-05-20 04:00:00
3342,611,103.3,2025-05-20 05:00:00
3343,625,338.28,2025-05-20 06:00:00
3344,359,10.2,2025-05-20 07:00:00
3345,603,404.89,2025-05-20 08:00:00
3346,718,48.83,2025-05-20 09:00:00
3347,17,103.83,2025-05-20 10:00:00
3348,274,199.26,2025-05-20 11:00:00
3349,685,247.58,2025-05-20 12:00:00
3350,116,183.95,2025-05-20 13:00:00
3351,693,167.15,2025-05-20 14:00:00
3352,91,482.32,2025-05-20 15:00:00
3353,82,324.37,2025-05-20 16:00:00
3354,324,21.48,2025-05-20 17:00:00
3355,114,220.79,2025-05-20 18:00:00
3356,769,438.75,2025-05-20 19:00:00
3357,58,157.71,2025-05-20 20:00:00
3358,154,56.33,2025-05-20 21:00:00
3359,404,381.61,2025-05-20 22:00:00
3360,628,306.95,2025-05-20 23:00:00
3361,266,289.45,2025-05-21 00:00:00
3362,315,36.25,2025-05-21 01:00:00
3363,715,78.84,2025-05-21 02:00:00
3364,41,315.05,2025-05-21 03:00:00
3365,105,111.83,2025-05-21 04:00:00
3366,193,256.99,2025-05-21 05:00:00
3367,401,276.99,2025-05-21 06:00:00
3368,278,148.92,2025-05-21 07:00:00
3369,354,474.73,2025-05-21 08:00:00
3370,749,422.81,2025-05-21 09:00:00
3371,733,363.96,2025-05-21 10:00:00
3372,580,48.22,2025-05-21 11:00:00
3373,709,62.0,2025-05-21 12:00:00
3374,256,251.46,2025-05-21 13:00:00
3375,651,88.75,2025-05-21 14:00:00
3376,661,489.35,2025-05-21 15:00:00
3377,99,87.67,2025-05-21 16:00:00
3378,588,248.86,2025-05-21 17:00:00
3379,282,188.42,2025-05-21 18:00:00
3380,403,323.3,2025-05-21 19:00:00
3381,109,73.23,2025-05-21 20:00:00
3382,700,220.86,2025-05-21 21:00:00
3383,199,144.61,2025-05-21 22:00:00
3384,303,445.0,2025-05-21 23:00:00
3385,327,29.89,2025-05-22 00:00:00
3386,154,457.73,2025-05-22 01:00:00
3387,552,418.17,2025-05-22 02:00:00
3388,645,155.81,2025-05-22 03:00:00
3389,405,396.75,2025-05-22 04:00:00
3390,462,25.29,2025-05-22 05:00:00
3391,132,483.76,2025-05-22 06:00:00
3392,791,268.03,2025-05-22 07:00:00
3393,84,158.61,2025-05-22 08:00:00
3394,399,187.67,2025-05-22 09:00:00
3395,754,42.54,2025-05-22 10:00:00
3396,628,494.78,2025-05-22 11:00:00
3397,109,29.25,2025-05-22 12:00:00
3398,221,330.9,2025-05-22 13:00:00
3399,553,226.94,2025-05-22 14:00:00
3400,368,474.97,2025-05-22 15:00:00
3401,147,130.54,2025-05-22 16:00:00
3402,112,270.72,2025-05-22 17:00:00
3403,615,246.35,2025-05-22 18:00:00
3404,558,354.4,2025-05-22 19:00:00
3405,494,43.33,2025-05-22 20:00:00
3406,505,104.96,2025-05-22 21:00:00
3407,475,115.14,2025-05-22 22:00:00
3408,271,371.69,2025-05-22 23:00:00
3409,421,102.68,2025-05-23 00:00:00
3410,707,291.01,2025-05-23 01:00:00
3411,367,115.47,2025-05-23 02:00:00
3412,280,432.2,2025-05-23 03:00:00
3413,283,471.67,2025-05-23 04:00:00
3414,40,264.06,2025-05-23 05:00:00
3415,189,182.63,2025-05-23 06:00:00
3416,164,124.69,2025-05-23 07:00:00
3417,536,34.39,2025-05-23 08:00:00
3418,536,141.57,2025-05-23 09:00:00
3419,4,330.58,2025-05-23 10:00:00
3420,290,271.47,2025-05-23 11:00:00
3421,433,472.58,2025-05-23 12:00:00
3422,471,204.18,2025-05-23 13:00:00
3423,181,349.99,2025-05-23 14:00:00
3424,248,249.77,2025-05-23 15:00:00
3425,628,261.16,2025-05-23 16:00:00
3426,279,141.21,2025-05-23 17:00:00
3427,581,232.93,2025-05-23 18:00:00
3428,254,240.68,2025-05-23 19:00:00
3429,181,356.25,2025-05-23 20:00:00
3430,681,470.91,2025-05-23 21:00:00
3431,509,171.37,2025-05-23 22:00:00
3432,761,30.68,2025-05-23 23:00:00
3433,700,253.18,2025-05-24 00:00:00
3434,566,276.79,2025-05-24 01:00:00
3435,326,92.54,2025-05-24 02:00:00
3436,357,382.63,2025-05-24 03:00:00
3437,650,492.62,2025-05-24 04:00:00
3438,680,473.43,2025-05-24 05:00:00
3439,391,106.58,2025-05-24 06:00:00
3440,615,438.93,2025-05-24 07:00:00
3441,85,355.2,2025-05-24 08:00:00
3442,317,232.38,2025-05-24 09:00:00
3443,212,274.9,2025-05-24 10:00:00
3444,515,426.3,2025-05-24 11:00:00
3445,384,245.27,2025-05-24 12:00:00
3446,691,192.87,2025-05-24 13:00:00
3447,342,251.69,2025-05-24 14:00:00
3448,38,293.77,2025-05-24 15:00:00
3449,511,102.65,2025-05-24 16:00:00
3450,420,451.44,2025-05-24 17:00:00
3451,751,340.35,2025-05-24 18:00:00
3452,169,320.3,2025-05-24 19:00:00
3453,343,58.75,2025-05-24 20:00:00
3454,306,306.05,2025-05-24 21:00:00
3455,542,69.27,2025-05-24 22:00:00
3456,702,48.56,2025-05-24 23:00:00
3457,537,268.38,2025-05-25 00:00:00
3458,112,207.36,2025-05-25 01:00:00
3459,411,298.52,2025-05-25 02:00:00
3460,206,53.72,2025-05-25 03:00:00
3461,185,221.18,2025-05-25 04:00:00
3462,382,95.65,2025-05-25 05:00:00
3463,496,493.68,2025-05-25 06:00:00
3464,379,284.96,2025-05-25 07:00:00
3465,47,346.84,2025-05-25 08:00:00
3466,740,169.45,2025-05-25 09:00:00
3467,551,56.42,2025-05-25 10:00:00
3468,528,488.18,2025-05-25 11:00:00
3469,504,150.27,2025-05-25 12:00:00
3470,22,217.67,2025-05-25 13:00:00
3471,213,328.43,2025-05-25 14:00:00
3472,310,22.1,2025-05-25 15:00:00
3473,661,407.03,2025-05-25 16:00:00
3474,753,272.92,2025-05-25 17:00:00
3475,272,146.33,2025-05-25 18:00:00
3476,571,40.19,2025-05-25 19:00:00
3477,799,89.62,2025-05-25 20:00:00
3478,202,448.57,2025-05-25 21:00:00
3479,32,346.15,2025-05-25 22:00:00
3480,443,132.45,2025-05-25 23:00:00
3481,162,42.14,2025-05-26 00:00:00
3482,767,348.4,2025-05-26 01:00:00
3483,254,290.48,2025-05-26 02:00:00
3484,521,208.21,2025-05-26 03:00:00
3485,651,188.17,2025-05-26 04:00:00
3486,480,116.24,2025-05-26 05:00:00
3487,10,338.11,2025-05-26 06:00:00
3488,726,485.63,2025-05-26 07:00:00
3489,505,96.1,2025-05-26 08:00:00
3490,785,302.59,2025-05-26 09:00:00
3491,560,217.85,2025-05-26 10:00:00
3492,436,228.88,2025-05-26 11:00:00
3493,111,134.53,2025-05-26 12:00:00
3494,153,414.32,2025-05-26 13:00:00
3495,635,247.78,2025-05-26 14:00:00
3496,102,276.27,2025-05-26 15:00:00
3497,753,159.33,2025-05-26 16:00:00
3498,191,99.09,2025-05-26 17:00:00
3499,729,52.1,2025-05-26 18:00:00
3500,563,359.92,2025-05-26 19:00:00
3501,81,106.15,2025-05-26 20:00:00
3502,489,348.14,2025-05-26 21:00:00
3503,88,201.28,2025-05-26 22:00:00
3504,194,213.73,2025-05-26 23:00:00
3505,104,239.9,2025-05-27 00:00:00
3506,783,190.18,2025-05-27 01:00:00
3507,96,59.3,2025-05-27 02:00:00
3508,423,161.72,2025-05-27 03:00:00
3509,198,335.23,2025-05-27 04:00:00
3510,1,336.23,2025-05-27 05:00:00
3511,407,150.25,2025-05-27 06:00:00
3512,378,235.45,2025-05-27 07:00:00
3513,167,104.79,2025-05-27 08:00:00
3514,509,113.08,2025-05-27 09:00:00
3515,638,21.29,2025-05-27 10:00:00
3516,313,449.41,2025-05-27 11:00:00
3517,593,113.25,2025-05-27 12:00:00
3518,418,121.49,2025-05-27 13:00:00
3519,763,147.0,2025-05-27 14:00:00
3520,681,72.43,2025-05-27 15:00:00
3521,477,323.24,2025-05-27 16:00:00
3522,73,46.82,2025-05-27 17:00:00
3523,141,75.76,2025-05-27 18:00:00
3524,582,325.93,2025-05-27 19:00:00
3525,262,176.43,2025-05-27 20:00:00
3526,340,356.89,2025-05-27 21:00:00
3527,308,283.14,2025-05-27 22:00:00
3528,245,135.45,2025-05-27 23:00:00
3529,515,328.91,2025-05-28 00:00:00
3530,337,66.97,2025-05-28 01:00:00
3531,575,272.84,2025-05-28 02:00:00
3532,561,224.2,2025-05-28 03:00:00
3533,76,141.26,2025-05-28 04:00:00
3534,175,305.96,2025-05-28 05:00:00
3535,109,436.95,2025-05-28 06:00:00
3536,183,499.46,2025-05-28 07:00:00
3537,192,307.8,2025-05-28 08:00:00
3538,65,208.31,2025-05-28 09:00:00
3539,474,120.35,2025-05-28 10:00:00
3540,783,135.98,2025-05-28 11:00:00
3541,100,244.93,2025-05-28 12:00:00
3542,544,189.97,2025-05-28 13:00:00
3543,128,457.77,2025-05-28 14:00:00
3544,452,190.46,2025-05-28 15:00:00
3545,369,192.99,2025-05-28 16:00:00
3546,43,197.93,2025-05-28 17:00:00
3547,419,419.94,2025-05-28 18:00:00
3548,488,328.89,2025-05-28 19:00:00
3549,78,310.94,2025-05-28 20:00:00
3550,270,173.73,2025-05-28 21:00:00
3551,674,410.77,2025-05-28 22:00:00
3552,701,28.8,2025-05-28 23:00:00
3553,759,436.69,2025-05-29 00:00:00
3554,728,261.25,2025-05-29 01:00:00
3555,315,205.14,2025-05-29 02:00:00
3556,168,253.61,2025-05-29 03:00:00
3557,339,337.03,2025-05-29 04:00:00
3558,193,16.26,2025-05-29 05:00:00
3559,453,437.06,2025-05-29 06:00:00
3560,283,228.9,2025-05-29 07:00:00
3561,336,178.05,2025-05-29 08:00:00
3562,390,77.74,2025-05-29 09:00:00
3563,525,225.34,2025-05-29 10:00:00
3564,240,253.2,2025-05-29 11:00:00
3565,483,207.79,2025-05-29 12:00:00
3566,659,342.54,2025-05-29 13:00:00
3567,716,216.24,2025-05-29 14:00:00
3568,592,481.09,2025-05-29 15:00:00
3569,555,303.65,2025-05-29 16:00:00
3570,458,405.66,2025-05-29 17:00:00
3571,89,63.58,2025-05-29 18:00:00
3572,660,204.67,2025-05-29 19:00:00
3573,95,175.06,2025-05-29 20:00:00
3574,452,289.05,2025-05-29 21:00:00
3575,428,431.95,2025-05-29 22:00:00
3576,151,48.39,2025-05-29 23:00:00
3577,514,45.56,2025-05-30 00:00:00
3578,376,426.66,2025-05-30 01:00:00
3579,22,114.3,2025-05-30 02:00:00
3580,313,337.69,2025-05-30 03:00:00
3581,519,276.01,2025-05-30 04:00:00
3582,206,418.12,2025-05-30 05:00:00
3583,375,71.29,2025-05-30 06:00:00
3584,451,73.59,2025-05-30 07:00:00
3585,626,282.84,2025-05-30 08:00:00
3586,784,473.73,2025-05-30 09:00:00
3587,595,213.35,2025-05-30 10:00:00
3588,179,170.2,2025-05-30 11:00:00
3589,210,307.28,2025-05-30 12:00:00
3590,500,465.92,2025-05-30 13:00:00
3591,464,420.09,2025-05-30 14:00:00
3592,124,497.79,2025-05-30 15:00:00
3593,113,21.06,2025-05-30 16:00:00
3594,12,65.3,2025-05-30 17:00:00
3595,126,308.64,2025-05-30 18:00:00
3596,565,412.08,2025-05-30 19:00:00
3597,331,149.77,2025-05-30 20:00:00
3598,283,127.21,2025-05-30 21:00:00
3599,140,395.62,2025-05-30 22:00:00
3600,401,37.63,2025-05-30 23:00:00
3601,97,191.0,2025-05-31 00:00:00
3602,517,257.85,2025-05-31 01:00:00
3603,569,284.57,2025-05-31 02:00:00
3604,69,367.02,2025-05-31 03:00:00
3605,118,183.87,2025-05-31 04:00:00
3606,59,310.22,2025-05-31 05:00:00
3607,33,296.83,2025-05-31 06:00:00
3608,318,278.33,2025-05-31 07:00:00
3609,50,323.84,2025-05-31 08:00:00
3610,489,137.13,2025-05-31 09:00:00
3611,19,51.48,2025-05-31 10:00:00
3612,726,68.44,2025-05-31 11:00:00
3613,197,120.05,2025-05-31 12:00:00
3614,450,255.1,2025-05-31 13:00:00
3615,559,421.82,2025-05-31 14:00:00
3616,679,353.63,2025-05-31 15:00:00
3617,452,396.63,2025-05-31 16:00:00
3618,289,181.98,2025-05-31 17:00:00
3619,141,208.28,2025-05-31 18:00:00
3620,84,202.9,2025-05-31 19:00:00
3621,694,104.02,2025-05-31 20:00:00
3622,391,40.0,2025-05-31 21:00:00
3623,591,299.55,2025-05-31 22:00:00
3624,215,494.72,2025-05-31 23:00:00
3625,526,91.75,2025-06-01 00:00:00
3626,215,32.88,2025-06-01 01:00:00
3627,403,391.97,2025-06-01 02:00:00
3628,128,133.77,2025-06-01 03:00:00
3629,477,416.53,2025-06-01 04:00:00
3630,760,354.93,2025-06-01 05:00:00
3631,404,473.38,2025-06-01 06:00:00
3632,29,210.37,2025-06-01 07:00:00
3633,792,334.37,2025-06-01 08:00:00
3634,338,237.78,2025-06-01 09:00:00
3635,714,318.99,2025-06-01 10:00:00
3636,361,230.3,2025-06-01 11:00:00
3637,569,102.43,2025-06-01 12:00:00
3638,392,258.87,2025-06-01 13:00:00
3639,218,269.01,2025-06-01 14:00:00
3640,574,407.2,2025-06-01 15:00:00
3641,669,370.41,2025-06-01 16:00:00
3642,202,335.26,2025-06-01 17:00:00
3643,17,65.56,2025-06-01 18:00:00
3644,322,363.1,2025-06-01 19:00:00
3645,518,255.15,2025-06-01 20:00:00
3646,570,448.11,2025-06-01 21:00:00
3647,325,460.74,2025-06-01 22:00:00
3648,412,37.03,2025-06-01 23:00:00
3649,318,412.11,2025-06-02 00:00:00
3650,681,28.47,2025-06-02 01:00:00
3651,82,189.91,2025-06-02 02:00:00
3652,474,275.73,2025-06-02 03:00:00
3653,468,82.57,2025-06-02 04:00:00
3654,425,375.69,2025-06-02 05:00:00
3655,731,14.09,2025-06-02 06:00:00
3656,689,92.61,2025-06-02 07:00:00
3657,204,294.59,2025-06-02 08:00:00
3658,583,360.05,2025-06-02 09:00:00
3659,387,459.16,2025-06-02 10:00:00
3660,778,355.69,2025-06-02 11:00:00
3661,98,339.17,2025-06-02 12:00:00
3662,345,203.23,2025-06-02 13:00:00
3663,208,10.63,2025-06-02 14:00:00
3664,514,68.88,2025-06-02 15:00:00
3665,636,271.93,2025-06-02 16:00:00
3666,792,340.81,2025-06-02 17:00:00
3667,586,214.55,2025-06-02 18:00:00
3668,166,368.03,2025-06-02 19:00:00
3669,22,265.71,2025-06-02 20:00:00
3670,154,46.35,2025-06-02 21:00:00
3671,439,104.09,2025-06-02 22:00:00
3672,295,421.6,2025-06-02 23:00:00
3673,219,365.21,2025-06-03 00:00:00
3674,669,448.43,2025-06-03 01:00:00
3675,495,67.6,2025-06-03 02:00:00
3676,230,495.21,2025-06-03 03:00:00
3677,20,112.61,2025-06-03 04:00:00
3678,553,15.77,2025-06-03 05:00:00
3679,148,498.74,2025-06-03 06:00:00
3680,108,147.73,2025-06-03 07:00:00
3681,403,337.33,2025-06-03 08:00:00
3682,596,96.57,2025-06-03 09:00:00
3683,483,294.31,2025-06-03 10:00:00
3684,367,452.98,2025-06-03 11:00:00
3685,414,166.89,2025-06-03 12:00:00
3686,309,338.42,2025-06-03 13:00:00
3687,134,102.07,2025-06-03 14:00:00
3688,719,316.15,2025-06-03 15:00:00
3689,283,174.86,2025-06-03 16:00:00
3690,778,113.49,2025-06-03 17:00:00
3691,73,163.46,2025-06-03 18:00:00
3692,481,97.63,2025-06-03 19:00:00
3693,352,451.94,2025-06-03 20:00:00
3694,560,204.62,2025-06-03 21:00:00
3695,326,130.19,2025-06-03 22:00:00
3696,745,229.72,2025-06-03 23:00:00
3697,443,167.06,2025-06-04 00:00:00
3698,100,374.77,2025-06-04 01:00:00
3699,59,485.9,2025-06-04 02:00:00
3700,508,224.64,2025-06-04 03:00:00
3701,258,431.91,2025-06-04 04:00:00
3702,413,287.27,2025-06-04 05:00:00
3703,452,87.05,2025-06-04 06:00:00
3704,65,348.41,2025-06-04 07:00:00
3705,595,261.58,2025-06-04 08:00:00
3706,154,328.8,2025-06-04 09:00:00
3707,266,445.95,2025-06-04 10:00:00
3708,79,225.81,2025-06-04 11:00:00
3709,315,451.58,2025-06-04 12:00:00
3710,662,377.83,2025-06-04 13:00:00
3711,560,249.42,2025-06-04 14:00:00
3712,248,305.58,2025-06-04 15:00:00
3713,790,169.53,2025-06-04 16:00:00
3714,610,491.96,2025-06-04 17:00:00
3715,414,337.0,2025-06-04 18:00:00
3716,25,31.48,2025-06-04 19:00:00
3717,284,170.04,2025-06-04 20:00:00
3718,449,315.42,2025-06-04 21:00:00
3719,301,37.6,2025-06-04 22:00:00
3720,68,21.7,2025-06-04 23:00:00
3721,7,230.51,2025-06-05 00:00:00
3722,137,173.02,2025-06-05 01:00:00
3723,164,224.77,2025-06-05 02:00:00
3724,83,138.72,2025-06-05 03:00:00
3725,650,90.71,2025-06-05 04:00:00
3726,420,347.68,2025-06-05 05:00:00
3727,73,262.14,2025-06-05 06:00:00
3728,237,108.08,2025-06-05 07:00:00
3729,46,166.6,2025-06-05 08:00:00
3730,618,299.99,2025-06-05 09:00:00
3731,800,45.39,2025-06-05 10:00:00
3732,262,82.25,2025-06-05 11:00:00
3733,176,45.89,2025-06-05 12:00:00
3734,166,408.04,2025-06-05 13:00:00
3735,657,378.68,2025-06-05 14:00:00
3736,370,379.12,2025-06-05 15:00:00
3737,795,361.0,2025-06-05 16:00:00
3738,54,338.0,2025-06-05 17:00:00
3739,690,243.73,2025-06-05 18:00:00
3740,419,324.72,2025-06-05 19:00:00
3741,756,28.8,2025-06-05 20:00:00
3742,507,314.52,2025-06-05 21:00:00
3743,341,391.16,2025-06-05 22:00:00
3744,127,255.18,2025-06-05 23:00:00
3745,409,185.18,2025-06-06 00:00:00
3746,367,145.94,2025-06-06 01:00:00
3747,271,324.97,2025-06-06 02:00:00
3748,644,349.47,2025-06-06 03:00:00
3749,605,436.77,2025-06-06 04:00:00
3750,379,177.74,2025-06-06 05:00:00
3751,73,387.19,2025-06-06 06:00:00
3752,248,285.06,2025-06-06 07:00:00
3753,785,442.59,2025-06-06 08:00:00
3754,43,268.63,2025-06-06 09:00:00
3755,377,263.64,2025-06-06 10:00:00
3756,41,293.16,2025-06-06 11:00:00
3757,170,377.16,2025-06-06 12:00:00
3758,212,482.7,2025-06-06 13:00:00
3759,493,46.05,2025-06-06 14:00:00
3760,680,36.18,2025-06-06 15:00:00
3761,39,469.4,2025-06-06 16:00:00
3762,369,269.64,2025-06-06 17:00:00
3763,757,311.3,2025-06-06 18:00:00
3764,151,246.39,2025-06-06 19:00:00
3765,111,55.89,2025-06-06 20:00:00
3766,480,386.36,2025-06-06 21:00:00
3767,436,376.14,2025-06-06 22:00:00
3768,47,162.73,2025-06-06 23:00:00
3769,575,160.06,2025-06-07 00:00:00
3770,737,420.54,2025-06-07 01:00:00
3771,366,45.46,2025-06-07 02:00:00
3772,69,441.74,2025-06-07 03:00:00
3773,299,135.76,2025-06-07 04:00:00
3774,296,300.56,2025-06-07 05:00:00
3775,203,468.64,2025-06-07 06:00:00
3776,61,342.28,2025-06-07 07:00:00
3777,314,213.07,2025-06-07 08:00:00
3778,161,347.87,2025-06-07 09:00:00
3779,331,178.55,2025-06-07 10:00:00
3780,528,145.86,2025-06-07 11:00:00
3781,338,498.37,2025-06-07 12:00:00
3782,606,377.89,2025-06-07 13:00:00
3783,304,325.91,2025-06-07 14:00:00
3784,503,184.09,2025-06-07 15:00:00
3785,650,34.09,2025-06-07 16:00:00
3786,338,25.22,2025-06-07 17:00:00
3787,550,281.55,2025-06-07 18:00:00
3788,639,383.4,2025-06-07 19:00:00
3789,275,273.32,2025-06-07 20:00:00
3790,164,421.98,2025-06-07 21:00:00
3791,443,26.38,2025-06-07 22:00:00
3792,319,189.71,2025-06-07 23:00:00
3793,589,126.16,2025-06-08 00:00:00
3794,504,229.16,2025-06-08 01:00:00
3795,686,45.46,2025-06-08 02:00:00
3796,387,477.52,2025-06-08 03:00:00
3797,603,119.4,2025-06-08 04:00:00
3798,750,461.93,2025-06-08 05:00:00
3799,776,218.69,2025-06-08 06:00:00
3800,691,492.91,2025-06-08 07:00:00
3801,494,281.49,2025-06-08 08:00:00
3802,490,466.11,2025-06-08 09:00:00
3803,721,12.62,2025-06-08 10:00:00
3804,73,376.64,2025-06-08 11:00:00
3805,509,452.49,2025-06-08 12:00:00
3806,390,78.46,2025-06-08 13:00:00
3807,619,57.1,2025-06-08 14:00:00
3808,295,218.04,2025-06-08 15:00:00
3809,369,467.5,2025-06-08 16:00:00
3810,796,275.77,2025-06-08 17:00:00
3811,694,268.45,2025-06-08 18:00:00
3812,549,79.15,2025-06-08 19:00:00
3813,649,10.39,2025-06-08 20:00:00
3814,568,406.97,2025-06-08 21:00:00
3815,187,52.91,2025-06-08 22:00:00
3816,770,320.59,2025-06-08 23:00:00
3817,445,458.16,2025-06-09 00:00:00
3818,570,112.24,2025-06-09 01:00:00
3819,363,335.98,2025-06-09 02:00:00
3820,123,48.56,2025-06-09 03:00:00
3821,188,305.84,2025-06-09 04:00:00
3822,742,90.33,2025-06-09 05:00:00
3823,680,370.62,2025-06-09 06:00:00
3824,420,157.6,2025-06-09 07:00:00
3825,626,237.06,2025-06-09 08:00:00
3826,252,303.72,2025-06-09 09:00:00
3827,619,93.92,2025-06-09 10:00:00
3828,549,373.4,2025-06-09 11:00:00
3829,335,158.29,2025-06-09 12:00:00
3830,92,334.56,2025-06-09 13:00:00
3831,530,87.56,2025-06-09 14:00:00
3832,63,347.18,2025-06-09 15:00:00
3833,662,72.81,2025-06-09 16:00:00
3834,512,218.42,2025-06-09 17:00:00
3835,139,131.13,2025-06-09 18:00:00
3836,698,376.7,2025-06-09 19:00:00
3837,185,138.4,2025-06-09 20:00:00
3838,205,442.04,2025-06-09 21:00:00
3839,772,446.99,2025-06-09 22:00:00
3840,214,106.26,2025-06-09 23:00:00
3841,256,310.78,2025-06-10 00:00:00
3842,135,52.98,2025-06-10 01:00:00
3843,573,201.85,2025-06-10 02:00:00
3844,88,359.53,2025-06-10 03:00:00
3845,207,333.12,2025-06-10 04:00:00
3846,129,316.1,2025-06-10 05:00:00
3847,3,148.45,2025-06-10 06:00:00
3848,754,195.23,2025-06-10 07:00:00
3849,121,60.44,2025-06-10 08:00:00
3850,385,362.32,2025-06-10 09:00:00
3851,614,256.91,2025-06-10 10:00:00
3852,38,357.3,2025-06-10 11:00:00
3853,341,131.98,2025-06-10 12:00:00
3854,645,168.97,2025-06-10 13:00:00
3855,714,173.77,2025-06-10 14:00:00
3856,21,22.61,2025-06-10 15:00:00
3857,242,177.11,2025-06-10 16:00:00
3858,455,403.62,2025-06-10 17:00:00
3859,621,449.68,2025-06-10 18:00:00
3860,303,263.93,2025-06-10 19:00:00
3861,596,233.2,2025-06-10 20:00:00
3862,595,25.1,2025-06-10 21:00:00
3863,69,440.81,2025-06-10 22:00:00
3864,129,16.38,2025-06-10 23:00:00
3865,196,472.93,2025-06-11 00:00:00
3866,140,249.72,2025-06-11 01:00:00
3867,444,177.55,2025-06-11 02:00:00
3868,283,462.87,2025-06-11 03:00:00
3869,312,21.95,2025-06-11 04:00:00
3870,746,294.9,2025-06-11 05:00:00
3871,535,278.98,2025-06-11 06:00:00
3872,665,117.47,2025-06-11 07:00:00
3873,277,220.15,2025-06-11 08:00:00
3874,61,329.61,2025-06-11 09:00:00
3875,319,366.29,2025-06-11 10:00:00
3876,52,10.35,2025-06-11 11:00:00
3877,153,469.06,2025-06-11 12:00:00
3878,749,90.62,2025-06-11 13:00:00
3879,311,124.45,2025-06-11 14:00:00
3880,544,139.1,2025-06-11 15:00:00
3881,567,28.53,2025-06-11 16:00:00
3882,389,70.3,2025-06-11 17:00:00
3883,548,493.31,2025-06-11 18:00:00
3884,622,164.46,2025-06-11 19:00:00
3885,177,66.5,2025-06-11 20:00:00
3886,362,62.43,2025-06-11 21:00:00
3887,314,362.54,2025-06-11 22:00:00
3888,97,428.74,2025-06-11 23:00:00
3889,213,135.91,2025-06-12 00:00:00
3890,137,20.25,2025-06-12 01:00:00
3891,6,119.31,2025-06-12 02:00:00
3892,109,37.69,2025-06-12 03:00:00
3893,547,60.66,2025-06-12 04:00:00
3894,39,221.44,2025-06-12 05:00:00
3895,662,122.66,2025-06-12 06:00:00
3896,425,262.81,2025-06-12 07:00:00
3897,630,134.21,2025-06-12 08:00:00
3898,261,470.86,2025-06-12 09:00:00
3899,426,453.91,2025-06-12 10:00:00
3900,87,287.73,2025-06-12 11:00:00
3901,465,183.67,2025-06-12 12:00:00
3902,76,196.76,2025-06-12 13:00:00
3903,471,211.81,2025-06-12 14:00:00
3904,414,366.51,2025-06-12 15:00:00
3905,726,231.3,2025-06-12 16:00:00
3906,457,429.8,2025-06-12 17:00:00
3907,285,472.61,2025-06-12 18:00:00
3908,239,174.61,2025-06-12 19:00:00
3909,677,284.74,2025-06-12 20:00:00
3910,599,56.58,2025-06-12 21:00:00
3911,653,108.23,2025-06-12 22:00:00
3912,672,212.6,2025-06-12 23:00:00
3913,558,111.04,2025-06-13 00:00:00
3914,372,439.51,2025-06-13 01:00:00
3915,495,87.56,2025-06-13 02:00:00
3916,624,233.27,2025-06-13 03:00:00
3917,45,306.79,2025-06-13 04:00:00
3918,401,349.01,2025-06-13 05:00:00
3919,247,197.7,2025-06-13 06:00:00
3920,616,435.86,2025-06-13 07:00:00
3921,597,288.48,2025-06-13 08:00:00
3922,450,225.36,2025-06-13 09:00:00
3923,485,42.95,2025-06-13 10:00:00
3924,646,237.7,2025-06-13 11:00:00
3925,620,412.16,2025-06-13 12:00:00
3926,18,311.13,2025-06-13 13:00:00
3927,606,417.76,2025-06-13 14:00:00
3928,662,252.07,2025-06-13 15:00:00
3929,758,68.05,2025-06-13 16:00:00
3930,289,16.68,2025-06-13 17:00:00
3931,414,158.58,2025-06-13 18:00:00
3932,721,352.02,2025-06-13 19:00:00
3933,638,397.23,2025-06-13 20:00:00
3934,235,154.92,2025-06-13 21:00:00
3935,416,252.87,2025-06-13 22:00:00
3936,499,216.35,2025-06-13 23:00:00
3937,634,211.16,2025-06-14 00:00:00
3938,650,123.36,2025-06-14 01:00:00
3939,115,76.82,2025-06-14 02:00:00
3940,674,106.38,2025-06-14 03:00:00
3941,713,37.11,2025-06-14 04:00:00
3942,234,107.08,2025-06-14 05:00:00
3943,540,14.51,2025-06-14 06:00:00
3944,11,317.36,2025-06-14 07:00:00
3945,206,165.02,2025-06-14 08:00:00
3946,679,486.84,2025-06-14 09:00:00
3947,247,104.92,2025-06-14 10:00:00
3948,559,179.46,2025-06-14 11:00:00
3949,758,185.34,2025-06-14 12:00:00
3950,127,14.14,2025-06-14 13:00:00
3951,147,421.21,2025-06-14 14:00:00
3952,118,25.68,2025-06-14 15:00:00
3953,382,470.69,2025-06-14 16:00:00
3954,412,447.12,2025-06-14 17:00:00
3955,664,272.41,2025-06-14 18:00:00
3956,584,276.36,2025-06-14 19:00:00
3957,363,330.35,2025-06-14 20:00:00
3958,509,199.65,2025-06-14 21:00:00
3959,137,327.14,2025-06-14 22:00:00
3960,175,31.94,2025-06-14 23:00:00
3961,289,36.48,2025-06-15 00:00:00
3962,481,234.04,2025-06-15 01:00:00
3963,19,279.31,2025-06-15 02:00:00
3964,195,445.03,2025-06-15 03:00:00
3965,330,61.28,2025-06-15 04:00:00
3966,175,413.1,2025-06-15 05:00:00
3967,449,112.92,2025-06-15 06:00:00
3968,354,203.1,2025-06-15 07:00:00
3969,499,165.14,2025-06-15 08:00:00
3970,141,206.08,2025-06-15 09:00:00
3971,758,83.74,2025-06-15 10:00:00
3972,93,256.75,2025-06-15 11:00:00
3973,239,402.8,2025-06-15 12:00:00
3974,205,226.35,2025-06-15 13:00:00
3975,560,250.4,2025-06-15 14:00:00
3976,433,425.9,2025-06-15 15:00:00
3977,245,355.97,2025-06-15 16:00:00
3978,317,250.32,2025-06-15 17:00:00
3979,295,136.27,2025-06-15 18:00:00
3980,640,443.61,2025-06-15 19:00:00
3981,282,292.74,2025-06-15 20:00:00
3982,17,118.36,2025-06-15 21:00:00
3983,71,141.87,2025-06-15 22:00:00
3984,269,403.54,2025-06-15 23:00:00
3985,325,31.63,2025-06-16 00:00:00
3986,794,496.13,2025-06-16 01:00:00
3987,305,73.87,2025-06-16 02:00:00
3988,451,400.07,2025-06-16 03:00:00
3989,7,203.44,2025-06-16 04:00:00
3990,314,251.19,2025-06-16 05:00:00
3991,103,441.52,2025-06-16 06:00:00
3992,193,212.33,2025-06-16 07:00:00
3993,753,273.37,2025-06-16 08:00:00
3994,574,34.16,2025-06-16 09:00:00
3995,529,11.15,2025-06-16 10:00:00
3996,171,129.95,2025-06-16 11:00:00
3997,537,343.49,2025-06-16 12:00:00
3998,251,69.42,2025-06-16 13:00:00
3999,765,65.74,2025-06-16 14:00:00
4000,387,211.37,2025-06-16 15:00:00
4001,207,327.44,2025-06-16 16:00:00
4002,541,358.92,2025-06-16 17:00:00
4003,629,97.44,2025-06-16 18:00:00
4004,416,49.0,2025-06-16 19:00:00
4005,794,470.79,2025-06-16 20:00:00
4006,380,137.73,2025-06-16 21:00:00
4007,144,428.14,2025-06-16 22:00:00
4008,25,433.11,2025-06-16 23:00:00
4009,668,388.54,2025-06-17 00:00:00
4010,73,92.73,2025-06-17 01:00:00
4011,632,412.68,2025-06-17 02:00:00
4012,93,386.93,2025-06-17 03:00:00
4013,505,302.39,2025-06-17 04:00:00
4014,598,175.23,2025-06-17 05:00:00
4015,336,138.63,2025-06-17 06:00:00
4016,425,69.73,2025-06-17 07:00:00
4017,499,259.78,2025-06-17 08:00:00
4018,364,296.78,2025-06-17 09:00:00
4019,630,186.08,2025-06-17 10:00:00
4020,745,242.93,2025-06-17 11:00:00
4021,199,188.12,2025-06-17 12:00:00
4022,718,324.09,2025-06-17 13:00:00
4023,413,451.62,2025-06-17 14:00:00
4024,339,90.32,2025-06-17 15:00:00
4025,659,196.89,2025-06-17 16:00:00
4026,429,79.03,2025-06-17 17:00:00
4027,783,316.22,2025-06-17 18:00:00
4028,139,367.15,2025-06-17 19:00:00
4029,693,466.64,2025-06-17 20:00:00
4030,542,146.65,2025-06-17 21:00:00
4031,57,475.6,2025-06-17 22:00:00
4032,232,41.0,2025-06-17 23:00:00
4033,658,305.48,2025-06-18 00:00:00
4034,435,38.0,2025-06-18 01:00:00
4035,384,447.95,2025-06-18 02:00:00
4036,560,269.61,2025-06-18 03:00:00
4037,194,337.98,2025-06-18 04:00:00
4038,736,417.47,2025-06-18 05:00:00
4039,648,83.65,2025-06-18 06:00:00
4040,534,28.91,2025-06-18 07:00:00
4041,518,440.65,2025-06-18 08:00:00
4042,716,164.32,2025-06-18 09:00:00
4043,751,73.2,2025-06-18 10:00:00
4044,185,239.55,2025-06-18 11:00:00
4045,292,303.17,2025-06-18 12:00:00
4046,335,25.18,2025-06-18 13:00:00
4047,732,144.7,2025-06-18 14:00:00
4048,116,26.07,2025-06-18 15:00:00
4049,49,215.96,2025-06-18 16:00:00
4050,685,448.6,2025-06-18 17:00:00
4051,82,491.5,2025-06-18 18:00:00
4052,333,322.15,2025-06-18 19:00:00
4053,557,89.2,2025-06-18 20:00:00
4054,335,453.87,2025-06-18 21:00:00
4055,532,262.96,2025-06-18 22:00:00
4056,221,85.34,2025-06-18 23:00:00
4057,635,461.65,2025-06-19 00:00:00
4058,746,381.16,2025-06-19 01:00:00
4059,733,368.54,2025-06-19 02:00:00
4060,323,357.5,2025-06-19 03:00:00
4061,3,108.17,2025-06-19 04:00:00
4062,694,113.39,2025-06-19 05:00:00
4063,206,347.26,2025-06-19 06:00:00
4064,40,117.66,2025-06-19 07:00:00
4065,59,224.95,2025-06-19 08:00:00
4066,574,393.18,2025-06-19 09:00:00
4067,644,394.14,2025-06-19 10:00:00
4068,507,232.1,2025-06-19 11:00:00
4069,572,398.17,2025-06-19 12:00:00
4070,122,420.92,2025-06-19 13:00:00
4071,479,330.84,2025-06-19 14:00:00
4072,619,121.93,2025-06-19 15:00:00
4073,96,144.27,2025-06-19 16:00:00
4074,414,164.27,2025-06-19 17:00:00
4075,235,67.23,2025-06-19 18:00:00
4076,62,143.85,2025-06-19 19:00:00
4077,256,112.66,2025-06-19 20:00:00
4078,561,233.11,2025-06-19 21:00:00
4079,348,455.13,2025-06-19 22:00:00
4080,671,61.2,2025-06-19 23:00:00
4081,124,362.93,2025-06-20 00:00:00
4082,482,346.77,2025-06-20 01:00:00
4083,317,56.92,2025-06-20 02:00:00
4084,504,462.06,2025-06-20 03:00:00
4085,719,288.55,2025-06-20 04:00:00
4086,48,188.23,2025-06-20 05:00:00
4087,409,380.7,2025-06-20 06:00:00
4088,136,136.11,2025-06-20 07:00:00
4089,201,349.82,2025-06-20 08:00:00
4090,250,29.46,2025-06-20 09:00:00
4091,314,421.31,2025-06-20 10:00:00
4092,368,229.6,2025-06-20 11:00:00
4093,429,321.98,2025-06-20 12:00:00
4094,480,118.41,2025-06-20 13:00:00
4095,314,341.77,2025-06-20 14:00:00
4096,500,388.4,2025-06-20 15:00:00
4097,721,241.87,2025-06-20 16:00:00
4098,355,312.69,2025-06-20 17:00:00
4099,485,233.6,2025-06-20 18:00:00
4100,211,448.1,2025-06-20 19:00:00
4101,704,253.96,2025-06-20 20:00:00
4102,44,422.49,2025-06-20 21:00:00
4103,541,402.66,2025-06-20 22:00:00
4104,571,211.15,2025-06-20 23:00:00
4105,583,122.74,2025-06-21 00:00:00
4106,92,208.98,2025-06-21 01:00:00
4107,265,414.85,2025-06-21 02:00:00
4108,220,121.54,2025-06-21 03:00:00
4109,442,266.97,2025-06-21 04:00:00
4110,401,404.99,2025-06-21 05:00:00
4111,400,183.2,2025-06-21 06:00:00
4112,727,324.68,2025-06-21 07:00:00
4113,789,130.36,2025-06-21 08:00:00
4114,576,63.55,2025-06-21 09:00:00
4115,490,399.25,2025-06-21 10:00:00
4116,485,58.49,2025-06-21 11:00:00
4117,757,142.98,2025-06-21 12:00:00
4118,470,429.0,2025-06-21 13:00:00
4119,574,179.77,2025-06-21 14:00:00
4120,682,486.79,2025-06-21 15:00:00
4121,445,490.07,2025-06-21 16:00:00
4122,269,141.46,2025-06-21 17:00:00
4123,267,30.08,2025-06-21 18:00:00
4124,54,355.48,2025-06-21 19:00:00
4125,528,230.98,2025-06-21 20:00:00
4126,520,59.37,2025-06-21 21:00:00
4127,616,356.69,2025-06-21 22:00:00
4128,59,25.28,2025-06-21 23:00:00
4129,40,436.4,2025-06-22 00:00:00
4130,237,77.94,2025-06-22 01:00:00
4131,386,72.38,2025-06-22 02:00:00
4132,606,96.08,2025-06-22 03:00:00
4133,734,480.53,2025-06-22 04:00:00
4134,716,349.65,2025-06-22 05:00:00
4135,650,402.67,2025-06-22 06:00:00
4136,300,204.84,2025-06-22 07:00:00
4137,395,174.79,2025-06-22 08:00:00
4138,207,124.9,2025-06-22 09:00:00
4139,336,245.52,2025-06-22 10:00:00
4140,593,280.4,2025-06-22 11:00:00
4141,730,319.57,2025-06-22 12:00:00
4142,514,135.99,2025-06-22 13:00:00
4143,178,474.84,2025-06-22 14:00:00
4144,396,93.18,2025-06-22 15:00:00
4145,371,483.17,2025-06-22 16:00:00
4146,791,17.28,2025-06-22 17:00:00
4147,658,245.75,2025-06-22 18:00:00
4148,318,173.35,2025-06-22 19:00:00
4149,736,230.07,2025-06-22 20:00:00
4150,369,289.63,2025-06-22 21:00:00
4151,384,223.44,2025-06-22 22:00:00
4152,62,213.27,2025-06-22 23:00:00
4153,505,369.03,2025-06-23 00:00:00
4154,239,346.08,2025-06-23 01:00:00
4155,195,418.3,2025-06-23 02:00:00
4156,678,132.48,2025-06-23 03:00:00
4157,222,308.67,2025-06-23 04:00:00
4158,61,296.75,2025-06-23 05:00:00
4159,129,191.17,2025-06-23 06:00:00
4160,685,248.17,2025-06-23 07:00:00
4161,156,163.75,2025-06-23 08:00:00
4162,378,79.5,2025-06-23 09:00:00
4163,622,114.76,2025-06-23 10:00:00
4164,781,61.7,2025-06-23 11:00:00
4165,790,344.7,2025-06-23 12:00:00
4166,586,333.76,2025-06-23 13:00:00
4167,437,475.8,2025-06-23 14:00:00
4168,207,367.54,2025-06-23 15:00:00
4169,388,35.5,2025-06-23 16:00:00
4170,480,443.28,2025-06-23 17:00:00
4171,791,432.71,2025-06-23 18:00:00
4172,340,227.23,2025-06-23 19:00:00
4173,340,297.07,2025-06-23 20:00:00
4174,204,488.28,2025-06-23 21:00:00
4175,161,270.83,2025-06-23 22:00:00
4176,540,453.61,2025-06-23 23:00:00
4177,392,50.69,2025-06-24 00:00:00
4178,769,103.62,2025-06-24 01:00:00
4179,677,225.97,2025-06-24 02:00:00
4180,575,296.53,2025-06-24 03:00:00
4181,534,409.95,2025-06-24 04:00:00
4182,70,494.25,2025-06-24 05:00:00
4183,405,200.54,2025-06-24 06:00:00
4184,608,33.23,2025-06-24 07:00:00
4185,675,402.57,2025-06-24 08:00:00
4186,591,306.15,2025-06-24 09:00:00
4187,517,107.29,2025-06-24 10:00:00
4188,120,252.47,2025-06-24 11:00:00
4189,690,373.73,2025-06-24 12:00:00
4190,688,387.5,2025-06-24 13:00:00
4191,217,254.81,2025-06-24 14:00:00
4192,56,159.56,2025-06-24 15:00:00
4193,366,487.13,2025-06-24 16:00:00
4194,699,335.05,2025-06-24 17:00:00
4195,504,210.04,2025-06-24 18:00:00
4196,744,147.43,2025-06-24 19:00:00
4197,767,368.24,2025-06-24 20:00:00
4198,455,128.67,2025-06-24 21:00:00
4199,104,94.14,2025-06-24 22:00:00
4200,77,269.62,2025-06-24 23:00:00
4201,230,152.09,2025-06-25 00:00:00
4202,258,318.16,2025-06-25 01:00:00
4203,264,67.79,2025-06-25 02:00:00
4204,331,330.92,2025-06-25 03:00:00
4205,182,148.82,2025-06-25 04:00:00
4206,768,10.12,2025-06-25 05:00:00
4207,550,72.2,2025-06-25 06:00:00
4208,688,467.47,2025-06-25 07:00:00
4209,27,435.0,2025-06-25 08:00:00
4210,276,124.47,2025-06-25 09:00:00
4211,652,391.4,2025-06-25 10:00:00
4212,299,308.2,2025-06-25 11:00:00
4213,799,485.74,2025-06-25 12:00:00
4214,91,193.07,2025-06-25 13:00:00
4215,480,343.92,2025-06-25 14:00:00
4216,573,41.13,2025-06-25 15:00:00
4217,458,204.16,2025-06-25 16:00:00
4218,451,482.27,2025-06-25 17:00:00
4219,365,274.1,2025-06-25 18:00:00
4220,675,151.06,2025-06-25 19:00:00
4221,351,68.93,2025-06-25 20:00:00
4222,655,354.73,2025-06-25 21:00:00
4223,400,325.98,2025-06-25 22:00:00
4224,253,193.23,2025-06-25 23:00:00
4225,781,475.96,2025-06-26 00:00:00
4226,459,20.88,2025-06-26 01:00:00
4227,699,158.82,2025-06-26 02:00:00
4228,499,461.32,2025-06-26 03:00:00
4229,508,167.26,2025-06-26 04:00:00
4230,304,133.6,2025-06-26 05:00:00
4231,501,271.77,2025-06-26 06:00:00
4232,598,413.66,2025-06-26 07:00:00
4233,166,60.54,2025-06-26 08:00:00
4234,415,472.08,2025-06-26 09:00:00
4235,462,399.59,2025-06-26 10:00:00
4236,114,98.81,2025-06-26 11:00:00
4237,433,358.88,2025-06-26 12:00:00
4238,356,198.63,2025-06-26 13:00:00
4239,695,207.12,2025-06-26 14:00:00
4240,207,393.81,2025-06-26 15:00:00
4241,768,481.76,2025-06-26 16:00:00
4242,235,72.06,2025-06-26 17:00:00
4243,442,216.11,2025-06-26 18:00:00
4244,355,245.66,2025-06-26 19:00:00
4245,515,194.39,2025-06-26 20:00:00
4246,208,187.96,2025-06-26 21:00:00
4247,709,35.61,2025-06-26 22:00:00
4248,125,345.91,2025-06-26 23:00:00
4249,138,223.75,2025-06-27 00:00:00
4250,339,105.45,2025-06-27 01:00:00
4251,537,409.86,2025-06-27 02:00:00
4252,68,403.25,2025-06-27 03:00:00
4253,573,248.33,2025-06-27 04:00:00
4254,541,156.24,2025-06-27 05:00:00
4255,383,322.67,2025-06-27 06:00:00
4256,19,151.19,2025-06-27 07:00:00
4257,683,125.64,2025-06-27 08:00:00
4258,450,367.95,2025-06-27 09:00:00
4259,74,29.76,2025-06-27 10:00:00
4260,573,56.44,2025-06-27 11:00:00
4261,665,13.33,2025-06-27 12:00:00
4262,276,84.94,2025-06-27 13:00:00
4263,48,43.81,2025-06-27 14:00:00
4264,211,497.94,2025-06-27 15:00:00
4265,651,151.52,2025-06-27 16:00:00
4266,622,83.14,2025-06-27 17:00:00
4267,695,128.09,2025-06-27 18:00:00
4268,540,468.7,2025-06-27 19:00:00
4269,709,264.88,2025-06-27 20:00:00
4270,191,188.76,2025-06-27 21:00:00
4271,315,437.96,2025-06-27 22:00:00
4272,563,203.55,2025-06-27 23:00:00
4273,661,174.15,2025-06-28 00:00:00
4274,780,111.57,2025-06-28 01:00:00
4275,562,195.12,2025-06-28 02:00:00
4276,758,165.18,2025-06-28 03:00:00
4277,113,341.88,2025-06-28 04:00:00
4278,170,151.9,2025-06-28 05:00:00
4279,468,292.83,2025-06-28 06:00:00
4280,678,42.29,2025-06-28 07:00:00
4281,14,103.73,2025-06-28 08:00:00
4282,715,209.63,2025-06-28 09:00:00
4283,288,469.11,2025-06-28 10:00:00
4284,189,194.85,2025-06-28 11:00:00
4285,155,335.4,2025-06-28 12:00:00
4286,567,134.99,2025-06-28 13:00:00
4287,694,72.25,2025-06-28 14:00:00
4288,722,38.68,2025-06-28 15:00:00
4289,471,159.65,2025-06-28 16:00:00
4290,75,87.25,2025-06-28 17:00:00
4291,277,95.27,2025-06-28 18:00:00
4292,645,382.77,2025-06-28 19:00:00
4293,343,17.76,2025-06-28 20:00:00
4294,425,283.33,2025-06-28 21:00:00
4295,571,195.94,2025-06-28 22:00:00
4296,511,258.21,2025-06-28 23:00:00
4297,182,285.79,2025-06-29 00:00:00
4298,458,163.55,2025-06-29 01:00:00
4299,64,154.6,2025-06-29 02:00:00
4300,260,369.37,2025-06-29 03:00:00
4301,193,436.93,2025-06-29 04:00:00
4302,655,104.36,2025-06-29 05:00:00
4303,616,57.83,2025-06-29 06:00:00
4304,406,449.92,2025-06-29 07:00:00
4305,726,181.45,2025-06-29 08:00:00
4306,754,280.15,2025-06-29 09:00:00
4307,721,186.18,2025-06-29 10:00:00
4308,93,71.64,2025-06-29 11:00:00
4309,430,298.77,2025-06-29 12:00:00
4310,654,267.32,2025-06-29 13:00:00
4311,434,109.47,2025-06-29 14:00:00
4312,404,231.42,2025-06-29 15:00:00
4313,434,400.5,2025-06-29 16:00:00
4314,112,299.31,2025-06-29 17:00:00
4315,375,57.49,2025-06-29 18:00:00
4316,59,278.53,2025-06-29 19:00:00
4317,43,354.34,2025-06-29 20:00:00
4318,207,398.42,2025-06-29 21:00:00
4319,780,318.27,2025-06-29 22:00:00
4320,296,84.8,2025-06-29 23:00:00
4321,118,357.98,2025-06-30 00:00:00
4322,532,341.9,2025-06-30 01:00:00
4323,222,21.97,2025-06-30 02:00:00
4324,166,211.76,2025-06-30 03:00:00
4325,643,173.15,2025-06-30 04:00:00
4326,156,338.01,2025-06-30 05:00:00
4327,184,115.91,2025-06-30 06:00:00
4328,90,299.53,2025-06-30 07:00:00
4329,94,457.47,2025-06-30 08:00:00
4330,13,400.92,2025-06-30 09:00:00
4331,742,461.51,2025-06-30 10:00:00
4332,438,489.47,2025-06-30 11:00:00
4333,538,15.23,2025-06-30 12:00:00
4334,587,315.14,2025-06-30 13:00:00
4335,150,212.29,2025-06-30 14:00:00
4336,660,431.33,2025-06-30 15:00:00
4337,8,133.39,2025-06-30 16:00:00
4338,29,490.7,2025-06-30 17:00:00
4339,296,310.72,2025-06-30 18:00:00
4340,721,398.83,2025-06-30 19:00:00
4341,640,51.94,2025-06-30 20:00:00
4342,340,99.89,2025-06-30 21:00:00
4343,628,381.62,2025-06-30 22:00:00
4344,439,20.77,2025-06-30 23:00:00
4345,144,410.27,2025-07-01 00:00:00
4346,747,16.84,2025-07-01 01:00:00
4347,519,331.99,2025-07-01 02:00:00
4348,45,188.9,2025-07-01 03:00:00
4349,239,309.63,2025-07-01 04:00:00
4350,155,351.06,2025-07-01 05:00:00
4351,181,177.81,2025-07-01 06:00:00
4352,215,62.9,2025-07-01 07:00:00
4353,88,44.13,2025-07-01 08:00:00
4354,256,298.58,2025-07-01 09:00:00
4355,511,265.12,2025-07-01 10:00:00
4356,73,373.68,2025-07-01 11:00:00
4357,179,259.77,2025-07-01 12:00:00
4358,212,217.0,2025-07-01 13:00:00
4359,234,205.06,2025-07-01 14:00:00
4360,465,22.96,2025-07-01 15:00:00
4361,751,174.42,2025-07-01 16:00:00
4362,223,488.25,2025-07-01 17:00:00
4363,631,438.04,2025-07-01 18:00:00
4364,264,171.4,2025-07-01 19:00:00
4365,207,298.02,2025-07-01 20:00:00
4366,607,425.18,2025-07-01 21:00:00
4367,734,226.22,2025-07-01 22:00:00
4368,366,18.8,2025-07-01 23:00:00
4369,276,46.51,2025-07-02 00:00:00
4370,380,260.09,2025-07-02 01:00:00
4371,743,485.03,2025-07-02 02:00:00
4372,309,349.67,2025-07-02 03:00:00
4373,631,44.75,2025-07-02 04:00:00
4374,268,102.79,2025-07-02 05:00:00
4375,785,387.95,2025-07-02 06:00:00
4376,64,422.31,2025-07-02 07:00:00
4377,350,312.67,2025-07-02 08:00:00
4378,494,325.77,2025-07-02 09:00:00
4379,523,23.89,2025-07-02 10:00:00
4380,98,415.98,2025-07-02 11:00:00
4381,71,396.25,2025-07-02 12:00:00
4382,364,136.93,2025-07-02 13:00:00
4383,570,357.25,2025-07-02 14:00:00
4384,763,115.28,2025-07-02 15:00:00
4385,276,29.76,2025-07-02 16:00:00
4386,50,108.56,2025-07-02 17:00:00
4387,358,97.53,2025-07-02 18:00:00
4388,728,175.5,2025-07-02 19:00:00
4389,564,215.04,2025-07-02 20:00:00
4390,783,259.18,2025-07-02 21:00:00
4391,485,243.61,2025-07-02 22:00:00
4392,84,142.63,2025-07-02 23:00:00
4393,638,24.29,2025-07-03 00:00:00
4394,584,306.5,2025-07-03 01:00:00
4395,296,203.91,2025-07-03 02:00:00
4396,236,156.35,2025-07-03 03:00:00
4397,56,434.8,2025-07-03 04:00:00
4398,360,375.9,2025-07-03 05:00:00
4399,110,430.31,2025-07-03 06:00:00
4400,192,252.54,2025-07-03 07:00:00
4401,93,74.16,2025-07-03 08:00:00
4402,568,351.15,2025-07-03 09:00:00
4403,60,110.98,2025-07-03 10:00:00
4404,650,226.2,2025-07-03 11:00:00
4405,39,41.85,2025-07-03 12:00:00
4406,540,414.4,2025-07-03 13:00:00
4407,49,71.71,2025-07-03 14:00:00
4408,420,452.52,2025-07-03 15:00:00
4409,637,433.47,2025-07-03 16:00:00
4410,13,237.65,2025-07-03 17:00:00
4411,36,374.74,2025-07-03 18:00:00
4412,101,313.53,2025-07-03 19:00:00
4413,794,403.51,2025-07-03 20:00:00
4414,86,221.58,2025-07-03 21:00:00
4415,516,395.05,2025-07-03 22:00:00
4416,223,236.6,2025-07-03 23:00:00
4417,338,471.07,2025-07-04 00:00:00
4418,166,248.32,2025-07-04 01:00:00
4419,383,236.68,2025-07-04 02:00:00
4420,376,394.69,2025-07-04 03:00:00
4421,471,412.57,2025-07-04 04:00:00
4422,790,281.7,2025-07-04 05:00:00
4423,642,98.1,2025-07-04 06:00:00
4424,31,239.2,2025-07-04 07:00:00
4425,375,484.36,2025-07-04 08:00:00
4426,11,378.96,2025-07-04 09:00:00
4427,302,407.47,2025-07-04 10:00:00
4428,96,26.08,2025-07-04 11:00:00
4429,190,239.25,2025-07-04 12:00:00
4430,453,326.84,2025-07-04 13:00:00
4431,192,416.72,2025-07-04 14:00:00
4432,486,34.14,2025-07-04 15:00:00
4433,266,427.7,2025-07-04 16:00:00
4434,424,278.72,2025-07-04 17:00:00
4435,128,106.68,2025-07-04 18:00:00
4436,238,165.46,2025-07-04 19:00:00
4437,355,148.15,2025-07-04 20:00:00
4438,112,270.12,2025-07-04 21:00:00
4439,446,35.33,2025-07-04 22:00:00
4440,343,87.68,2025-07-04 23:00:00
4441,145,408.22,2025-07-05 00:00:00
4442,65,74.98,2025-07-05 01:00:00
4443,247,124.36,2025-07-05 02:00:00
4444,735,232.15,2025-07-05 03:00:00
4445,490,263.39,2025-07-05 04:00:00
4446,439,384.17,2025-07-05 05:00:00
4447,106,229.19,2025-07-05 06:00:00
4448,181,397.03,2025-07-05 07:00:00
4449,184,312.99,2025-07-05 08:00:00
4450,226,65.42,2025-07-05 09:00:00
4451,777,86.6,2025-07-05 10:00:00
4452,790,224.15,2025-07-05 11:00:00
4453,89,204.48,2025-07-05 12:00:00
4454,688,374.34,2025-07-05 13:00:00
4455,530,294.56,2025-07-05 14:00:00
4456,371,200.19,2025-07-05 15:00:00
4457,399,93.67,2025-07-05 16:00:00
4458,106,121.15,2025-07-05 17:00:00
4459,271,292.0,2025-07-05 18:00:00
4460,503,217.49,2025-07-05 19:00:00
4461,679,262.31,2025-07-05 20:00:00
4462,525,93.63,2025-07-05 21:00:00
4463,32,334.82,2025-07-05 22:00:00
4464,393,427.74,2025-07-05 23:00:00
4465,40,136.39,2025-07-06 00:00:00
4466,660,250.84,2025-07-06 01:00:00
4467,218,488.01,2025-07-06 02:00:00
4468,731,173.29,2025-07-06 03:00:00
4469,82,301.57,2025-07-06 04:00:00
4470,720,54.2,2025-07-06 05:00:00
4471,201,306.95,2025-07-06 06:00:00
4472,447,53.92,2025-07-06 07:00:00
4473,428,480.03,2025-07-06 08:00:00
4474,38,360.67,2025-07-06 09:00:00
4475,211,396.2,2025-07-06 10:00:00
4476,444,355.01,2025-07-06 11:00:00
4477,327,298.97,2025-07-06 12:00:00
4478,761,230.46,2025-07-06 13:00:00
4479,227,430.6,2025-07-06 14:00:00
4480,48,478.85,2025-07-06 15:00:00
4481,18,254.53,2025-07-06 16:00:00
4482,439,466.45,2025-07-06 17:00:00
4483,708,295.83,2025-07-06 18:00:00
4484,187,273.81,2025-07-06 19:00:00
4485,345,232.7,2025-07-06 20:00:00
4486,224,112.55,2025-07-06 21:00:00
4487,488,11.82,2025-07-06 22:00:00
4488,229,128.34,2025-07-06 23:00:00
4489,390,259.76,2025-07-07 00:00:00
4490,589,196.18,2025-07-07 01:00:00
4491,188,229.76,2025-07-07 02:00:00
4492,270,490.52,2025-07-07 03:00:00
4493,607,181.63,2025-07-07 04:00:00
4494,310,231.57,2025-07-07 05:00:00
4495,132,75.42,2025-07-07 06:00:00
4496,551,33.5,2025-07-07 07:00:00
4497,72,389.95,2025-07-07 08:00:00
4498,793,289.63,2025-07-07 09:00:00
4499,672,382.75,2025-07-07 10:00:00
4500,187,83.43,2025-07-07 11:00:00
4501,486,290.2,2025-07-07 12:00:00
4502,191,134.28,2025-07-07 13:00:00
4503,422,121.75,2025-07-07 14:00:00
4504,120,15.65,2025-07-07 15:00:00
4505,220,73.87,2025-07-07 16:00:00
4506,53,161.54,2025-07-07 17:00:00
4507,734,67.27,2025-07-07 18:00:00
4508,451,493.07,2025-07-07 19:00:00
4509,412,161.23,2025-07-07 20:00:00
4510,643,73.86,2025-07-07 21:00:00
4511,237,107.55,2025-07-07 22:00:00
4512,758,297.97,2025-07-07 23:00:00
4513,738,41.38,2025-07-08 00:00:00
4514,720,432.59,2025-07-08 01:00:00
4515,406,481.13,2025-07-08 02:00:00
4516,608,130.91,2025-07-08 03:00:00
4517,422,230.55,2025-07-08 04:00:00
4518,712,20.85,2025-07-08 05:00:00
4519,247,323.95,2025-07-08 06:00:00
4520,72,212.82,2025-07-08 07:00:00
4521,185,142.33,2025-07-08 08:00:00
4522,6,111.35,2025-07-08 09:00:00
4523,206,330.47,2025-07-08 10:00:00
4524,544,213.95,2025-07-08 11:00:00
4525,611,98.03,2025-07-08 12:00:00
4526,387,347.66,2025-07-08 13:00:00
4527,768,286.89,2025-07-08 14:00:00
4528,699,430.75,2025-07-08 15:00:00
4529,76,67.56,2025-07-08 16:00:00
4530,177,394.98,2025-07-08 17:00:00
4531,799,340.02,2025-07-08 18:00:00
4532,349,66.36,2025-07-08 19:00:00
4533,255,350.46,2025-07-08 20:00:00
4534,702,226.36,2025-07-08 21:00:00
4535,308,473.04,2025-07-08 22:00:00
4536,345,79.39,2025-07-08 23:00:00
4537,127,324.99,2025-07-09 00:00:00
4538,287,197.17,2025-07-09 01:00:00
4539,766,478.84,2025-07-09 02:00:00
4540,725,171.69,2025-07-09 03:00:00
4541,762,481.47,2025-07-09 04:00:00
4542,596,451.73,2025-07-09 05:00:00
4543,487,142.49,2025-07-09 06:00:00
4544,383,403.74,2025-07-09 07:00:00
4545,406,497.85,2025-07-09 08:00:00
4546,388,133.8,2025-07-09 09:00:00
4547,525,224.02,2025-07-09 10:00:00
4548,557,264.89,2025-07-09 11:00:00
4549,639,154.52,2025-07-09 12:00:00
4550,626,17.48,2025-07-09 13:00:00
4551,276,117.86,2025-07-09 14:00:00
4552,500,148.15,2025-07-09 15:00:00
4553,717,227.36,2025-07-09 16:00:00
4554,337,93.84,2025-07-09 17:00:00
4555,481,437.89,2025-07-09 18:00:00
4556,273,355.41,2025-07-09 19:00:00
4557,58,51.75,2025-07-09 20:00:00
4558,328,328.55,2025-07-09 21:00:00
4559,731,330.29,2025-07-09 22:00:00
4560,109,478.55,2025-07-09 23:00:00
4561,279,11.48,2025-07-10 00:00:00
4562,686,131.49,2025-07-10 01:00:00
4563,328,464.62,2025-07-10 02:00:00
4564,776,466.75,2025-07-10 03:00:00
4565,315,363.09,2025-07-10 04:00:00
4566,474,385.22,2025-07-10 05:00:00
4567,111,54.83,2025-07-10 06:00:00
4568,699,261.8,2025-07-10 07:00:00
4569,781,123.48,2025-07-10 08:00:00
4570,229,98.8,2025-07-10 09:00:00
4571,497,407.05,2025-07-10 10:00:00
4572,156,76.17,2025-07-10 11:00:00
4573,473,239.64,2025-07-10 12:00:00
4574,701,469.9,2025-07-10 13:00:00
4575,272,101.06,2025-07-10 14:00:00
4576,2,489.22,2025-07-10 15:00:00
4577,758,497.2,2025-07-10 16:00:00
4578,722,282.25,2025-07-10 17:00:00
4579,511,93.37,2025-07-10 18:00:00
4580,286,164.89,2025-07-10 19:00:00
4581,13,218.0,2025-07-10 20:00:00
4582,608,161.57,2025-07-10 21:00:00
4583,498,147.51,2025-07-10 22:00:00
4584,733,486.39,2025-07-10 23:00:00
4585,238,85.15,2025-07-11 00:00:00
4586,94,369.33,2025-07-11 01:00:00
4587,338,10.2,2025-07-11 02:00:00
4588,781,302.13,2025-07-11 03:00:00
4589,171,458.81,2025-07-11 04:00:00
4590,606,151.09,2025-07-11 05:00:00
4591,661,100.91,2025-07-11 06:00:00
4592,624,329.32,2025-07-11 07:00:00
4593,567,359.17,2025-07-11 08:00:00
4594,467,347.13,2025-07-11 09:00:00
4595,628,166.47,2025-07-11 10:00:00
4596,143,133.58,2025-07-11 11:00:00
4597,201,478.4,2025-07-11 12:00:00
4598,180,462.42,2025-07-11 13:00:00
4599,714,234.09,2025-07-11 14:00:00
4600,364,424.63,2025-07-11 15:00:00
4601,479,231.64,2025-07-11 16:00:00
4602,565,217.95,2025-07-11 17:00:00
4603,471,86.81,2025-07-11 18:00:00
4604,384,218.94,2025-07-11 19:00:00
4605,692,273.33,2025-07-11 20:00:00
4606,417,21.03,2025-07-11 21:00:00
4607,308,227.62,2025-07-11 22:00:00
4608,649,392.86,2025-07-11 23:00:00
4609,694,343.22,2025-07-12 00:00:00
4610,367,321.23,2025-07-12 01:00:00
4611,1,455.68,2025-07-12 02:00:00
4612,44,18.84,2025-07-12 03:00:00
4613,739,282.95,2025-07-12 04:00:00
4614,98,395.8,2025-07-12 05:00:00
4615,720,275.25,2025-07-12 06:00:00
4616,265,168.71,2025-07-12 07:00:00
4617,800,76.76,2025-07-12 08:00:00
4618,783,444.91,2025-07-12 09:00:00
4619,140,240.67,2025-07-12 10:00:00
4620,481,440.28,2025-07-12 11:00:00
4621,237,297.07,2025-07-12 12:00:00
4622,72,340.35,2025-07-12 13:00:00
4623,667,404.09,2025-07-12 14:00:00
4624,190,332.99,2025-07-12 15:00:00
4625,268,205.05,2025-07-12 16:00:00
4626,321,261.68,2025-07-12 17:00:00
4627,107,403.49,2025-07-12 18:00:00
4628,232,193.09,2025-07-12 19:00:00
4629,42,200.18,2025-07-12 20:00:00
4630,702,56.89,2025-07-12 21:00:00
4631,139,458.15,2025-07-12 22:00:00
4632,615,54.61,2025-07-12 23:00:00
4633,683,327.62,2025-07-13 00:00:00
4634,273,212.47,2025-07-13 01:00:00
4635,481,208.75,2025-07-13 02:00:00
4636,416,342.98,2025-07-13 03:00:00
4637,506,42.88,2025-07-13 04:00:00
4638,733,300.92,2025-07-13 05:00:00
4639,725,388.3,2025-07-13 06:00:00
4640,424,415.82,2025-07-13 07:00:00
4641,407,93.56,2025-07-13 08:00:00
4642,568,449.74,2025-07-13 09:00:00
4643,390,331.51,2025-07-13 10:00:00
4644,342,442.11,2025-07-13 11:00:00
4645,614,247.79,2025-07-13 12:00:00
4646,493,275.6,2025-07-13 13:00:00
4647,192,460.33,2025-07-13 14:00:00
4648,499,450.96,2025-07-13 15:00:00
4649,712,229.6,2025-07-13 16:00:00
4650,233,144.46,2025-07-13 17:00:00
4651,227,202.65,2025-07-13 18:00:00
4652,371,200.0,2025-07-13 19:00:00
4653,139,150.56,2025-07-13 20:00:00
4654,149,141.6,2025-07-13 21:00:00
4655,115,431.92,2025-07-13 22:00:00
4656,450,44.23,2025-07-13 23:00:00
4657,63,342.03,2025-07-14 00:00:00
4658,104,94.68,2025-07-14 01:00:00
4659,668,178.81,2025-07-14 02:00:00
4660,273,40.16,2025-07-14 03:00:00
4661,6,142.29,2025-07-14 04:00:00
4662,147,386.53,2025-07-14 05:00:00
4663,184,443.66,2025-07-14 06:00:00
4664,28,118.55,2025-07-14 07:00:00
4665,550,237.14,2025-07-14 08:00:00
4666,119,240.46,2025-07-14 09:00:00
4667,293,438.05,2025-07-14 10:00:00
4668,371,383.77,2025-07-14 11:00:00
4669,244,261.41,2025-07-14 12:00:00
4670,580,338.67,2025-07-14 13:00:00
4671,726,425.2,2025-07-14 14:00:00
4672,218,14.67,2025-07-14 15:00:00
4673,177,207.42,2025-07-14 16:00:00
4674,299,454.55,2025-07-14 17:00:00
4675,676,372.75,2025-07-14 18:00:00
4676,58,275.99,2025-07-14 19:00:00
4677,269,269.53,2025-07-14 20:00:00
4678,308,180.41,2025-07-14 21:00:00
4679,570,265.06,2025-07-14 22:00:00
4680,288,331.14,2025-07-14 23:00:00
4681,105,215.0,2025-07-15 00:00:00
4682,228,359.94,2025-07-15 01:00:00
4683,247,432.0,2025-07-15 02:00:00
4684,700,85.8,2025-07-15 03:00:00
4685,494,231.26,2025-07-15 04:00:00
4686,83,209.93,2025-07-15 05:00:00
4687,186,346.86,2025-07-15 06:00:00
4688,252,132.44,2025-07-15 07:00:00
4689,355,323.72,2025-07-15 08:00:00
4690,750,439.97,2025-07-15 09:00:00
4691,696,214.88,2025-07-15 10:00:00
4692,796,456.4,2025-07-15 11:00:00
4693,210,496.65,2025-07-15 12:00:00
4694,609,61.99,2025-07-15 13:00:00
4695,447,124.2,2025-07-15 14:00:00
4696,460,475.69,2025-07-15 15:00:00
4697,472,479.58,2025-07-15 16:00:00
4698,720,57.88,2025-07-15 17:00:00
4699,370,17.35,2025-07-15 18:00:00
4700,492,88.94,2025-07-15 19:00:00
4701,137,498.05,2025-07-15 20:00:00
4702,367,98.2,2025-07-15 21:00:00
4703,184,256.25,2025-07-15 22:00:00
4704,588,425.72,2025-07-15 23:00:00
4705,287,20.0,2025-07-16 00:00:00
4706,472,306.2,2025-07-16 01:00:00
4707,375,145.74,2025-07-16 02:00:00
4708,654,432.54,2025-07-16 03:00:00
4709,749,148.9,2025-07-16 04:00:00
4710,537,346.51,2025-07-16 05:00:00
4711,511,340.37,2025-07-16 06:00:00
4712,579,118.53,2025-07-16 07:00:00
4713,250,27.05,2025-07-16 08:00:00
4714,510,210.53,2025-07-16 09:00:00
4715,630,151.7,2025-07-16 10:00:00
4716,73,406.4,2025-07-16 11:00:00
4717,282,402.18,2025-07-16 12:00:00
4718,360,233.94,2025-07-16 13:00:00
4719,10,307.19,2025-07-16 14:00:00
4720,211,306.09,2025-07-16 15:00:00
4721,152,415.31,2025-07-16 16:00:00
4722,5,218.25,2025-07-16 17:00:00
4723,195,144.97,2025-07-16 18:00:00
4724,283,139.87,2025-07-16 19:00:00
4725,464,272.73,2025-07-16 20:00:00
4726,113,230.08,2025-07-16 21:00:00
4727,271,225.66,2025-07-16 22:00:00
4728,163,54.66,2025-07-16 23:00:00
4729,460,362.12,2025-07-17 00:00:00
4730,105,114.73,2025-07-17 01:00:00
4731,693,106.51,2025-07-17 02:00:00
4732,556,212.25,2025-07-17 03:00:00
4733,282,121.61,2025-07-17 04:00:00
4734,687,296.09,2025-07-17 05:00:00
4735,162,192.02,2025-07-17 06:00:00
4736,351,229.97,2025-07-17 07:00:00
4737,434,273.21,2025-07-17 08:00:00
4738,140,109.73,2025-07-17 09:00:00
4739,471,86.32,2025-07-17 10:00:00
4740,132,441.41,2025-07-17 11:00:00
4741,87,222.52,2025-07-17 12:00:00
4742,688,211.93,2025-07-17 13:00:00
4743,183,27.45,2025-07-17 14:00:00
4744,368,254.01,2025-07-17 15:00:00
4745,129,281.54,2025-07-17 16:00:00
4746,246,283.83,2025-07-17 17:00:00
4747,601,356.45,2025-07-17 18:00:00
4748,578,96.97,2025-07-17 19:00:00
4749,670,133.59,2025-07-17 20:00:00
4750,378,407.26,2025-07-17 21:00:00
4751,149,474.11,2025-07-17 22:00:00
4752,433,76.61,2025-07-17 23:00:00
4753,628,253.85,2025-07-18 00:00:00
4754,726,114.95,2025-07-18 01:00:00
4755,469,39.44,2025-07-18 02:00:00
4756,446,169.5,2025-07-18 03:00:00
4757,481,80.41,2025-07-18 04:00:00
4758,294,357.87,2025-07-18 05:00:00
4759,765,271.53,2025-07-18 06:00:00
4760,143,80.48,2025-07-18 07:00:00
4761,250,14.53,2025-07-18 08:00:00
4762,302,406.0,2025-07-18 09:00:00
4763,25,96.34,2025-07-18 10:00:00
4764,789,307.05,2025-07-18 11:00:00
4765,70,175.09,2025-07-18 12:00:00
4766,625,296.89,2025-07-18 13:00:00
4767,112,164.67,2025-07-18 14:00:00
4768,364,52.6,2025-07-18 15:00:00
4769,303,119.25,2025-07-18 16:00:00
4770,471,102.15,2025-07-18 17:00:00
4771,91,219.73,2025-07-18 18:00:00
4772,530,332.56,2025-07-18 19:00:00
4773,661,139.26,2025-07-18 20:00:00
4774,739,15.91,2025-07-18 21:00:00
4775,726,264.28,2025-07-18 22:00:00
4776,663,306.82,2025-07-18 23:00:00
4777,192,481.81,2025-07-19 00:00:00
4778,552,298.84,2025-07-19 01:00:00
4779,242,240.87,2025-07-19 02:00:00
4780,138,290.97,2025-07-19 03:00:00
4781,345,464.67,2025-07-19 04:00:00
4782,180,415.91,2025-07-19 05:00:00
4783,712,168.26,2025-07-19 06:00:00
4784,503,126.25,2025-07-19 07:00:00
4785,203,138.69,2025-07-19 08:00:00
4786,573,257.17,2025-07-19 09:00:00
4787,192,374.58,2025-07-19 10:00:00
4788,5,256.58,2025-07-19 11:00:00
4789,237,43.22,2025-07-19 12:00:00
4790,693,364.55,2025-07-19 13:00:00
4791,311,404.93,2025-07-19 14:00:00
4792,549,151.85,2025-07-19 15:00:00
4793,56,335.42,2025-07-19 16:00:00
4794,443,219.03,2025-07-19 17:00:00
4795,237,445.67,2025-07-19 18:00:00
4796,197,424.16,2025-07-19 19:00:00
4797,585,267.46,2025-07-19 20:00:00
4798,571,348.84,2025-07-19 21:00:00
4799,752,442.84,2025-07-19 22:00:00
4800,514,252.9,2025-07-19 23:00:00
4801,449,163.49,2025-07-20 00:00:00
4802,360,379.3,2025-07-20 01:00:00
4803,700,117.83,2025-07-20 02:00:00
4804,30,200.38,2025-07-20 03:00:00
4805,779,434.21,2025-07-20 04:00:00
4806,108,364.97,2025-07-20 05:00:00
4807,602,207.87,2025-07-20 06:00:00
4808,717,115.22,2025-07-20 07:00:00
4809,445,184.42,2025-07-20 08:00:00
4810,438,149.21,2025-07-20 09:00:00
4811,732,96.28,2025-07-20 10:00:00
4812,606,374.23,2025-07-20 11:00:00
4813,457,133.51,2025-07-20 12:00:00
4814,615,232.54,2025-07-20 13:00:00
4815,735,199.07,2025-07-20 14:00:00
4816,698,491.22,2025-07-20 15:00:00
4817,696,201.64,2025-07-20 16:00:00
4818,495,49.19,2025-07-20 17:00:00
4819,674,54.01,2025-07-20 18:00:00
4820,247,299.47,2025-07-20 19:00:00
4821,543,303.69,2025-07-20 20:00:00
4822,564,215.19,2025-07-20 21:00:00
4823,588,221.6,2025-07-20 22:00:00
4824,439,36.43,2025-07-20 23:00:00
4825,278,263.11,2025-07-21 00:00:00
4826,552,257.32,2025-07-21 01:00:00
4827,613,83.28,2025-07-21 02:00:00
4828,111,60.88,2025-07-21 03:00:00
4829,385,70.55,2025-07-21 04:00:00
4830,761,59.5,2025-07-21 05:00:00
4831,191,308.76,2025-07-21 06:00:00
4832,490,106.28,2025-07-21 07:00:00
4833,694,133.2,2025-07-21 08:00:00
4834,426,95.05,2025-07-21 09:00:00
4835,405,479.34,2025-07-21 10:00:00
4836,335,428.76,2025-07-21 11:00:00
4837,209,122.94,2025-07-21 12:00:00
4838,22,170.51,2025-07-21 13:00:00
4839,678,112.85,2025-07-21 14:00:00
4840,611,251.02,2025-07-21 15:00:00
4841,208,19.61,2025-07-21 16:00:00
4842,8,338.97,2025-07-21 17:00:00
4843,702,266.35,2025-07-21 18:00:00
4844,687,450.33,2025-07-21 19:00:00
4845,785,90.55,2025-07-21 20:00:00
4846,529,404.01,2025-07-21 21:00:00
4847,602,398.06,2025-07-21 22:00:00
4848,653,72.32,2025-07-21 23:00:00
4849,657,205.29,2025-07-22 00:00:00
4850,166,93.37,2025-07-22 01:00:00
4851,496,134.81,2025-07-22 02:00:00
4852,590,138.99,2025-07-22 03:00:00
4853,429,282.56,2025-07-22 04:00:00
4854,774,211.59,2025-07-22 05:00:00
4855,163,474.39,2025-07-22 06:00:00
4856,366,71.92,2025-07-22 07:00:00
4857,526,487.11,2025-07-22 08:00:00
4858,239,123.01,2025-07-22 09:00:00
4859,72,388.71,2025-07-22 10:00:00
4860,445,176.1,2025-07-22 11:00:00
4861,655,80.11,2025-07-22 12:00:00
4862,509,430.37,2025-07-22 13:00:00
4863,795,161.34,2025-07-22 14:00:00
4864,269,332.84,2025-07-22 15:00:00
4865,753,287.56,2025-07-22 16:00:00
4866,415,241.16,2025-07-22 17:00:00
4867,245,252.95,2025-07-22 18:00:00
4868,675,368.8,2025-07-22 19:00:00
4869,60,53.01,2025-07-22 20:00:00
4870,6,337.41,2025-07-22 21:00:00
4871,709,448.95,2025-07-22 22:00:00
4872,570,38.32,2025-07-22 23:00:00
4873,407,78.92,2025-07-23 00:00:00
4874,217,361.15,2025-07-23 01:00:00
4875,26,224.27,2025-07-23 02:00:00
4876,5,207.74,2025-07-23 03:00:00
4877,532,77.11,2025-07-23 04:00:00
4878,390,258.32,2025-07-23 05:00:00
4879,710,72.01,2025-07-23 06:00:00
4880,571,243.54,2025-07-23 07:00:00
4881,448,384.17,2025-07-23 08:00:00
4882,754,136.55,2025-07-23 09:00:00
4883,146,245.59,2025-07-23 10:00:00
4884,388,496.09,2025-07-23 11:00:00
4885,785,346.46,2025-07-23 12:00:00
4886,249,422.26,2025-07-23 13:00:00
4887,526,213.28,2025-07-23 14:00:00
4888,462,386.25,2025-07-23 15:00:00
4889,13,29.85,2025-07-23 16:00:00
4890,384,70.23,2025-07-23 17:00:00
4891,556,109.5,2025-07-23 18:00:00
4892,399,206.96,2025-07-23 19:00:00
4893,19,424.41,2025-07-23 20:00:00
4894,575,179.67,2025-07-23 21:00:00
4895,491,330.76,2025-07-23 22:00:00
4896,751,357.56,2025-07-23 23:00:00
4897,419,297.23,2025-07-24 00:00:00
4898,337,185.05,2025-07-24 01:00:00
4899,419,292.76,2025-07-24 02:00:00
4900,612,177.71,2025-07-24 03:00:00
4901,1035,51.1,2025-07-24 04:00:00
4902,1032,496.47,2025-07-24 05:00:00
4903,1048,72.32,2025-07-24 06:00:00
4904,1044,45.45,2025-07-24 07:00:00
4905,1040,440.48,2025-07-24 08:00:00
4906,1024,157.9,2025-07-24 09:00:00
4907,1017,328.65,2025-07-24 10:00:00
4908,1007,171.21,2025-07-24 11:00:00
4909,1043,201.81,2025-07-24 12:00:00
4910,1050,138.44,2025-07-24 13:00:00
4911,1001,178.09,2025-07-24 14:00:00
4912,1035,211.24,2025-07-24 15:00:00
4913,1032,363.0,2025-07-24 16:00:00
4914,1036,260.65,2025-07-24 17:00:00
4915,1013,472.35,2025-07-24 18:00:00
4916,1006,30.52,2025-07-24 19:00:00
4917,1014,256.5,2025-07-24 20:00:00
4918,1037,296.27,2025-07-24 21:00:00
4919,1048,460.9,2025-07-24 22:00:00
4920,1015,34.09,2025-07-24 23:00:00
4921,1047,291.01,2025-07-25 00:00:00
4922,1004,428.28,2025-07-25 01:00:00
4923,1040,128.54,2025-07-25 02:00:00
4924,1016,439.38,2025-07-25 03:00:00
4925,1028,19.33,2025-07-25 04:00:00
4926,1016,368.9,2025-07-25 05:00:00
4927,1004,467.23,2025-07-25 06:00:00
4928,1045,332.03,2025-07-25 07:00:00
4929,1026,225.12,2025-07-25 08:00:00
4930,1028,31.99,2025-07-25 09:00:00
4931,1032,460.86,2025-07-25 10:00:00
4932,1045,240.45,2025-07-25 11:00:00
4933,1002,24.21,2025-07-25 12:00:00
4934,1031,348.01,2025-07-25 13:00:00
4935,1003,246.1,2025-07-25 14:00:00
4936,1008,70.93,2025-07-25 15:00:00
4937,1024,114.99,2025-07-25 16:00:00
4938,1015,41.6,2025-07-25 17:00:00
4939,1043,291.4,2025-07-25 18:00:00
4940,1031,314.79,2025-07-25 19:00:00
4941,1009,257.81,2025-07-25 20:00:00
4942,1039,410.38,2025-07-25 21:00:00
4943,1045,431.89,2025-07-25 22:00:00
4944,1002,311.66,2025-07-25 23:00:00
4945,1008,16.25,2025-07-26 00:00:00
4946,1007,350.66,2025-07-26 01:00:00
4947,1044,214.82,2025-07-26 02:00:00
4948,1039,287.12,2025-07-26 03:00:00
4949,1042,328.05,2025-07-26 04:00:00
4950,1016,181.62,2025-07-26 05:00:00
4951,1035,459.38,2025-07-26 06:00:00
4952,1030,75.65,2025-07-26 07:00:00
4953,1010,339.04,2025-07-26 08:00:00
4954,1038,12.14,2025-07-26 09:00:00
4955,1018,463.08,2025-07-26 10:00:00
4956,1050,65.13,2025-07-26 11:00:00
4957,1005,56.49,2025-07-26 12:00:00
4958,1029,173.17,2025-07-26 13:00:00
4959,1039,193.05,2025-07-26 14:00:00
4960,1034,115.01,2025-07-26 15:00:00
4961,1043,296.71,2025-07-26 16:00:00
4962,1045,227.03,2025-07-26 17:00:00
4963,1023,26.75,2025-07-26 18:00:00
4964,1005,166.63,2025-07-26 19:00:00
4965,1030,407.11,2025-07-26 20:00:00
4966,1006,347.95,2025-07-26 21:00:00
4967,1046,365.19,2025-07-26 22:00:00
4968,1044,352.08,2025-07-26 23:00:00
4969,1004,162.38,2025-07-27 00:00:00
4970,1029,58.84,2025-07-27 01:00:00
4971,1023,143.51,2025-07-27 02:00:00
4972,1006,417.57,2025-07-27 03:00:00
4973,1032,490.43,2025-07-27 04:00:00
4974,1042,251.99,2025-07-27 05:00:00
4975,1018,14.75,2025-07-27 06:00:00
4976,1015,78.62,2025-07-27 07:00:00
4977,1040,167.82,2025-07-27 08:00:00
4978,1032,293.51,2025-07-27 09:00:00
4979,1009,46.8,2025-07-27 10:00:00
4980,1037,472.25,2025-07-27 11:00:00
4981,1010,188.89,2025-07-27 12:00:00
4982,1020,457.17,2025-07-27 13:00:00
4983,1006,392.46,2025-07-27 14:00:00
4984,1048,380.16,2025-07-27 15:00:00
4985,1003,307.29,2025-07-27 16:00:00
4986,1042,317.12,2025-07-27 17:00:00
4987,1011,322.62,2025-07-27 18:00:00
4988,1043,318.07,2025-07-27 19:00:00
4989,1017,281.33,2025-07-27 20:00:00
4990,1032,493.34,2025-07-27 21:00:00
4991,1004,368.82,2025-07-27 22:00:00
4992,1004,390.7,2025-07-27 23:00:00
4993,1017,437.51,2025-07-28 00:00:00
4994,1041,115.66,2025-07-28 01:00:00
4995,1019,51.06,2025-07-28 02:00:00
4996,1005,246.62,2025-07-28 03:00:00
4997,1032,261.9,2025-07-28 04:00:00
4998,1022,416.3,2025-07-28 05:00:00
4999,1006,227.45,2025-07-28 06:00:00
5000,1035,289.72,2025-07-28 07:00:00
